Creating new Ultralytics Settings v0.0.6 file ✅ 
View Ultralytics Settings with 'yolo settings' or at '/root/.config/Ultralytics/settings.json'
Update Settings with 'yolo settings key=value', i.e. 'yolo settings runs_dir=path/to/dir'. For help see https://docs.ultralytics.com/quickstart/#ultralytics-settings.
[beacon] Loaded config: configs/modal_config.json
[INFO] [1790970689.563106159] [beacon_camera]: Intrinsics set from config: fx=486.9 fy=526.8 cx=535.3 cy=435.0 640x480
[INFO] [1790970689.568102622] [beacon_camera]: depth_source=bbox — subscribing to RGB only
[INFO] [1790970689.589001794] [beacon_camera]: BeaconCamera open — waiting for frames…
[beacon] Loading model: models/best_square3_914.pt  (backend=ultralytics)
[beacon] Loading crop model: models/beacon_square_top93b.pt
[yolo] Model loaded: models/best_square3_914.pt
[yolo] Classes: ['beacon']
[yolo] Tracking: True
[beacon] Detection ENABLED — class: beacon (color determined by CV)
[beacon] Publishing → /seabird/beacon_detections
[beacon] Logging detections → seabird_dataset/beacon_debug/beacon_log_20261002_195130.csv
[beacon] Saving detection images → seabird_dataset/beacon_debug/beacon_det_images/
[beacon] ArUco ground truth enabled  dict=DICT_4X4_50  marker=0.089m
[beacon] GPS ground truth enabled  target=(26.7117290, -80.2865831)  object_height_agl=0.00m
[beacon] Intrinsics ready: 640x480 fx=486.9 fy=526.8
[beacon] Saved seabird_dataset/beacon_debug/frame_000030.png
[beacon] Saved seabird_dataset/beacon_debug/frame_000060.png
[beacon] Saved seabird_dataset/beacon_debug/frame_000090.png
[beacon] Saved seabird_dataset/beacon_debug/frame_000120.png
[beacon] Saved seabird_dataset/beacon_debug/frame_000150.png
[beacon] Saved seabird_dataset/beacon_debug/frame_000180.png
[beacon] Saved seabird_dataset/beacon_debug/frame_000210.png
[beacon] Saved seabird_dataset/beacon_debug/frame_000240.png
[beacon] Saved seabird_dataset/beacon_debug/frame_000270.png
[beacon] Saved seabird_dataset/beacon_debug/frame_000300.png
[beacon] Saved seabird_dataset/beacon_debug/frame_000330.png
[beacon] Saved seabird_dataset/beacon_debug/frame_000360.png
[beacon] Saved seabird_dataset/beacon_debug/frame_000390.png
[beacon] Saved seabird_dataset/beacon_debug/frame_000420.png
[beacon] Saved seabird_dataset/beacon_debug/frame_000450.png
[beacon] Saved seabird_dataset/beacon_debug/frame_000480.png
[beacon] Saved seabird_dataset/beacon_debug/frame_000510.png
[beacon] Saved seabird_dataset/beacon_debug/frame_000540.png
[beacon] Saved seabird_dataset/beacon_debug/frame_000570.png
[beacon] Saved seabird_dataset/beacon_debug/frame_000600.png
[beacon] Saved seabird_dataset/beacon_debug/frame_000630.png
[beacon] Saved seabird_dataset/beacon_debug/frame_000660.png
[beacon] Saved seabird_dataset/beacon_debug/frame_000690.png
[beacon] Saved seabird_dataset/beacon_debug/frame_000720.png
[beacon] Saved seabird_dataset/beacon_debug/frame_000750.png
[beacon] Saved seabird_dataset/beacon_debug/frame_000780.png
[beacon] Saved seabird_dataset/beacon_debug/frame_000810.png
[beacon] Saved seabird_dataset/beacon_debug/frame_000840.png
[beacon] Saved seabird_dataset/beacon_debug/frame_000870.png
[beacon] Saved seabird_dataset/beacon_debug/frame_000900.png
[beacon] Saved seabird_dataset/beacon_debug/frame_000930.png
[beacon] Saved seabird_dataset/beacon_debug/frame_000960.png
[beacon] Saved seabird_dataset/beacon_debug/frame_000990.png
[beacon] Saved seabird_dataset/beacon_debug/frame_001020.png
[beacon] Saved seabird_dataset/beacon_debug/frame_001050.png
[beacon] Saved seabird_dataset/beacon_debug/frame_001080.png
[beacon] Saved seabird_dataset/beacon_debug/frame_001110.png
[beacon] Saved seabird_dataset/beacon_debug/frame_001140.png
[beacon] Saved seabird_dataset/beacon_debug/frame_001170.png
[beacon] Saved seabird_dataset/beacon_debug/frame_001200.png
[beacon] Saved seabird_dataset/beacon_debug/frame_001230.png
[beacon] Saved seabird_dataset/beacon_debug/frame_001260.png
[beacon] Saved seabird_dataset/beacon_debug/frame_001290.png
[beacon] Saved seabird_dataset/beacon_debug/frame_001320.png
[beacon] Saved seabird_dataset/beacon_debug/frame_001350.png
[beacon] Saved seabird_dataset/beacon_debug/frame_001380.png
[beacon] Saved seabird_dataset/beacon_debug/frame_001410.png
[beacon] Saved seabird_dataset/beacon_debug/frame_001440.png
[beacon] Saved seabird_dataset/beacon_debug/frame_001470.png
[beacon] Saved seabird_dataset/beacon_debug/frame_001500.png
[beacon] Saved seabird_dataset/beacon_debug/frame_001530.png
[beacon] Saved seabird_dataset/beacon_debug/frame_001560.png
[beacon] Saved seabird_dataset/beacon_debug/frame_001590.png
[beacon] Saved seabird_dataset/beacon_debug/frame_001620.png
[beacon] Saved seabird_dataset/beacon_debug/frame_001650.png
[beacon] Saved seabird_dataset/beacon_debug/frame_001680.png
[beacon] Saved seabird_dataset/beacon_debug/frame_001710.png
[beacon] Saved seabird_dataset/beacon_debug/frame_001740.png
[beacon] Saved seabird_dataset/beacon_debug/frame_001770.png
[beacon] Saved seabird_dataset/beacon_debug/frame_001800.png
[beacon] Saved seabird_dataset/beacon_debug/frame_001830.png
[beacon] Saved seabird_dataset/beacon_debug/frame_001860.png
[beacon] Saved seabird_dataset/beacon_debug/frame_001890.png
[beacon] Saved seabird_dataset/beacon_debug/frame_001920.png
[beacon] Saved seabird_dataset/beacon_debug/frame_001950.png
[beacon] Saved seabird_dataset/beacon_debug/frame_001980.png
[beacon] Saved seabird_dataset/beacon_debug/frame_002010.png
[beacon] Saved seabird_dataset/beacon_debug/frame_002040.png
[beacon] Saved seabird_dataset/beacon_debug/frame_002070.png
[beacon] Saved seabird_dataset/beacon_debug/frame_002100.png
[beacon] Saved seabird_dataset/beacon_debug/frame_002130.png
[beacon] Saved seabird_dataset/beacon_debug/frame_002160.png
[beacon] Saved seabird_dataset/beacon_debug/frame_002190.png
[beacon] Saved seabird_dataset/beacon_debug/frame_002220.png
[beacon] Saved seabird_dataset/beacon_debug/frame_002250.png
[beacon] Saved seabird_dataset/beacon_debug/frame_002280.png
[beacon] Saved seabird_dataset/beacon_debug/frame_002310.png
[beacon] Saved seabird_dataset/beacon_debug/frame_002340.png
[beacon] Saved seabird_dataset/beacon_debug/frame_002370.png
[beacon] Saved seabird_dataset/beacon_debug/frame_002400.png
[beacon] Saved seabird_dataset/beacon_debug/frame_002430.png
[beacon] Saved seabird_dataset/beacon_debug/frame_002460.png
[beacon] Saved seabird_dataset/beacon_debug/frame_002490.png
[beacon] Saved seabird_dataset/beacon_debug/frame_002520.png
[beacon] Saved seabird_dataset/beacon_debug/frame_002550.png
[beacon] Saved seabird_dataset/beacon_debug/frame_002580.png
[beacon] Saved seabird_dataset/beacon_debug/frame_002610.png
[beacon] Saved seabird_dataset/beacon_debug/frame_002640.png
[beacon] Saved seabird_dataset/beacon_debug/frame_002670.png
[beacon] Saved seabird_dataset/beacon_debug/frame_002700.png
[beacon] Saved seabird_dataset/beacon_debug/frame_002730.png
[beacon] Saved seabird_dataset/beacon_debug/frame_002760.png
[beacon] Saved seabird_dataset/beacon_debug/frame_002790.png
[beacon] Saved seabird_dataset/beacon_debug/frame_002820.png
[beacon] Saved seabird_dataset/beacon_debug/frame_002850.png
[beacon] Saved seabird_dataset/beacon_debug/frame_002880.png
[beacon] Saved seabird_dataset/beacon_debug/frame_002910.png
[beacon] Saved seabird_dataset/beacon_debug/frame_002940.png
[beacon] Saved seabird_dataset/beacon_debug/frame_002970.png
[beacon] Saved seabird_dataset/beacon_debug/frame_003000.png
[beacon] Saved seabird_dataset/beacon_debug/frame_003030.png
[beacon] Saved seabird_dataset/beacon_debug/frame_003060.png
[beacon] Saved seabird_dataset/beacon_debug/frame_003090.png
[beacon] Saved seabird_dataset/beacon_debug/frame_003120.png
[beacon] Saved seabird_dataset/beacon_debug/frame_003150.png
[beacon] Saved seabird_dataset/beacon_debug/frame_003180.png
[beacon] Saved seabird_dataset/beacon_debug/frame_003210.png
[beacon] Saved seabird_dataset/beacon_debug/frame_003240.png
[beacon] Saved seabird_dataset/beacon_debug/frame_003270.png
[beacon] Saved seabird_dataset/beacon_debug/frame_003300.png
[beacon] Saved seabird_dataset/beacon_debug/frame_003330.png
[beacon] Saved seabird_dataset/beacon_debug/frame_003360.png
[beacon] Saved seabird_dataset/beacon_debug/frame_003390.png
[beacon] Saved seabird_dataset/beacon_debug/frame_003420.png
[beacon] Saved seabird_dataset/beacon_debug/frame_003450.png
[beacon] Saved seabird_dataset/beacon_debug/frame_003480.png
[beacon] Saved seabird_dataset/beacon_debug/frame_003510.png
[beacon] Saved seabird_dataset/beacon_debug/frame_003540.png
[beacon] Saved seabird_dataset/beacon_debug/frame_003570.png
[beacon] Saved seabird_dataset/beacon_debug/frame_003600.png
[beacon] Saved seabird_dataset/beacon_debug/frame_003630.png
[beacon] Saved seabird_dataset/beacon_debug/frame_003660.png
[beacon] Saved seabird_dataset/beacon_debug/frame_003690.png
[beacon] Saved seabird_dataset/beacon_debug/frame_003720.png
[beacon] Saved seabird_dataset/beacon_debug/frame_003750.png
[beacon] Saved seabird_dataset/beacon_debug/frame_003780.png
[beacon] Saved seabird_dataset/beacon_debug/frame_003810.png
[beacon] Saved seabird_dataset/beacon_debug/frame_003840.png
[beacon] Saved seabird_dataset/beacon_debug/frame_003870.png
[beacon] Saved seabird_dataset/beacon_debug/frame_003900.png
[beacon] Saved seabird_dataset/beacon_debug/frame_003930.png
[beacon] Saved seabird_dataset/beacon_debug/frame_003960.png
[beacon] Saved seabird_dataset/beacon_debug/frame_003990.png
[beacon] Saved seabird_dataset/beacon_debug/frame_004020.png
[beacon] Saved seabird_dataset/beacon_debug/frame_004050.png
[beacon] Saved seabird_dataset/beacon_debug/frame_004080.png
[beacon] Saved seabird_dataset/beacon_debug/frame_004110.png
[beacon] Saved seabird_dataset/beacon_debug/frame_004140.png
[beacon] Saved seabird_dataset/beacon_debug/frame_004170.png
[beacon] Saved seabird_dataset/beacon_debug/frame_004200.png
[beacon] Saved seabird_dataset/beacon_debug/frame_004230.png
[beacon] Saved seabird_dataset/beacon_debug/frame_004260.png
[beacon] Saved seabird_dataset/beacon_debug/frame_004290.png
[beacon] Saved seabird_dataset/beacon_debug/frame_004320.png
[beacon] Saved seabird_dataset/beacon_debug/frame_004350.png
[beacon] Saved seabird_dataset/beacon_debug/frame_004380.png
[beacon] Saved seabird_dataset/beacon_debug/frame_004410.png
[beacon] Saved seabird_dataset/beacon_debug/frame_004440.png
[beacon] Saved seabird_dataset/beacon_debug/frame_004470.png
[beacon] Saved seabird_dataset/beacon_debug/frame_004500.png
[beacon] Saved seabird_dataset/beacon_debug/frame_004530.png
[beacon] Saved seabird_dataset/beacon_debug/frame_004560.png
[beacon] Saved seabird_dataset/beacon_debug/frame_004590.png
[beacon] Saved seabird_dataset/beacon_debug/frame_004620.png
[beacon] Saved seabird_dataset/beacon_debug/frame_004650.png
[beacon] Saved seabird_dataset/beacon_debug/frame_004680.png
No beacon top detected
No beacon top detected
No beacon top detected
No beacon top detected
[beacon] Saved seabird_dataset/beacon_debug/frame_004710.png
No beacon top detected
No beacon top detected
No beacon top detected
No beacon top detected
No beacon top detected
No beacon top detected
No beacon top detected
No beacon top detected
No beacon top detected
No beacon top detected
No beacon top detected
No beacon top detected
No beacon top detected
No beacon top detected
No beacon top detected
No beacon top detected
No beacon top detected
No beacon top detected
No beacon top detected
No beacon top detected
No beacon top detected
No beacon top detected
No beacon top detected
No beacon top detected
No beacon top detected
No beacon top detected
No beacon top detected
No beacon top detected
No beacon top detected
No beacon top detected
[beacon] Saved seabird_dataset/beacon_debug/frame_004740.png
No beacon top detected
No beacon top detected
No beacon top detected
No beacon top detected
No beacon top detected
No beacon top detected
No beacon top detected
No beacon top detected
No beacon top detected
No beacon top detected
No beacon top detected
No beacon top detected
No beacon top detected
No beacon top detected
No beacon top detected
No beacon top detected
[beacon] Saved seabird_dataset/beacon_debug/frame_004770.png
No beacon top detected
[beacon] Saved seabird_dataset/beacon_debug/frame_004800.png
[beacon] Saved seabird_dataset/beacon_debug/frame_004830.png
[beacon] Saved seabird_dataset/beacon_debug/frame_004860.png
[beacon] Saved seabird_dataset/beacon_debug/frame_004890.png
No beacon top detected
[beacon] Saved seabird_dataset/beacon_debug/frame_004920.png
[beacon] Saved seabird_dataset/beacon_debug/frame_004950.png
[beacon] Saved seabird_dataset/beacon_debug/frame_004980.png
[beacon] Saved seabird_dataset/beacon_debug/frame_005010.png
[beacon] Saved seabird_dataset/beacon_debug/frame_005040.png
[beacon] Saved seabird_dataset/beacon_debug/frame_005070.png
[beacon] Saved seabird_dataset/beacon_debug/frame_005100.png
[beacon] Saved seabird_dataset/beacon_debug/frame_005130.png
No beacon top detected
[beacon] Saved seabird_dataset/beacon_debug/frame_005160.png
[beacon] Saved seabird_dataset/beacon_debug/frame_005190.png
[beacon] Saved seabird_dataset/beacon_debug/frame_005220.png
[beacon] Saved seabird_dataset/beacon_debug/frame_005250.png
[beacon] Saved seabird_dataset/beacon_debug/frame_005280.png
[beacon] Saved seabird_dataset/beacon_debug/frame_005310.png
[beacon] Saved seabird_dataset/beacon_debug/frame_005340.png
No beacon top detected
[beacon] Saved seabird_dataset/beacon_debug/frame_005370.png
No beacon top detected
[beacon] Saved seabird_dataset/beacon_debug/frame_005400.png
[beacon] Saved seabird_dataset/beacon_debug/frame_005430.png
[beacon] Saved seabird_dataset/beacon_debug/frame_005460.png
[beacon] Saved seabird_dataset/beacon_debug/frame_005490.png
[beacon] Saved seabird_dataset/beacon_debug/frame_005520.png
[beacon] Saved seabird_dataset/beacon_debug/frame_005550.png
[beacon] Saved seabird_dataset/beacon_debug/frame_005580.png
[beacon] Saved seabird_dataset/beacon_debug/frame_005610.png
[beacon] Saved seabird_dataset/beacon_debug/frame_005640.png
[beacon] Saved seabird_dataset/beacon_debug/frame_005670.png
[beacon] Saved seabird_dataset/beacon_debug/frame_005700.png
[beacon] Saved seabird_dataset/beacon_debug/frame_005730.png
[beacon] Saved seabird_dataset/beacon_debug/frame_005760.png
[beacon] Saved seabird_dataset/beacon_debug/frame_005790.png
[beacon] Saved seabird_dataset/beacon_debug/frame_005820.png
[beacon] Saved seabird_dataset/beacon_debug/frame_005850.png
[beacon] Saved seabird_dataset/beacon_debug/frame_005880.png
[beacon] Saved seabird_dataset/beacon_debug/frame_005910.png
[beacon] Saved seabird_dataset/beacon_debug/frame_005940.png
[beacon] Saved seabird_dataset/beacon_debug/frame_005970.png
[beacon] Saved seabird_dataset/beacon_debug/frame_006000.png
[beacon] Saved seabird_dataset/beacon_debug/frame_006030.png
[beacon] Saved seabird_dataset/beacon_debug/frame_006060.png
[beacon] Saved seabird_dataset/beacon_debug/frame_006090.png
[beacon] Saved seabird_dataset/beacon_debug/frame_006120.png
[beacon] Saved seabird_dataset/beacon_debug/frame_006150.png
[beacon] Saved seabird_dataset/beacon_debug/frame_006180.png
[beacon] Saved seabird_dataset/beacon_debug/frame_006210.png
[beacon] Saved seabird_dataset/beacon_debug/frame_006240.png
[beacon] Saved seabird_dataset/beacon_debug/frame_006270.png
[beacon] Saved seabird_dataset/beacon_debug/frame_006300.png
[beacon] Saved seabird_dataset/beacon_debug/frame_006330.png
[beacon] Saved seabird_dataset/beacon_debug/frame_006360.png
[beacon] Saved seabird_dataset/beacon_debug/frame_006390.png
[beacon] Saved seabird_dataset/beacon_debug/frame_006420.png
[beacon] Saved seabird_dataset/beacon_debug/frame_006450.png
[beacon] Saved seabird_dataset/beacon_debug/frame_006480.png
[beacon] Saved seabird_dataset/beacon_debug/frame_006510.png
[beacon] Saved seabird_dataset/beacon_debug/frame_006540.png
[beacon] Saved seabird_dataset/beacon_debug/frame_006570.png
[beacon] Saved seabird_dataset/beacon_debug/frame_006600.png
[beacon] Saved seabird_dataset/beacon_debug/frame_006630.png
[beacon] Saved seabird_dataset/beacon_debug/frame_006660.png
[beacon] Saved seabird_dataset/beacon_debug/frame_006690.png
[beacon] Saved seabird_dataset/beacon_debug/frame_006720.png
[beacon] Saved seabird_dataset/beacon_debug/frame_006750.png
[beacon] Saved seabird_dataset/beacon_debug/frame_006780.png
No beacon top detected
[beacon] Saved seabird_dataset/beacon_debug/frame_006810.png
[beacon] Saved seabird_dataset/beacon_debug/frame_006840.png
[beacon] Saved seabird_dataset/beacon_debug/frame_006870.png
[beacon] Saved seabird_dataset/beacon_debug/frame_006900.png
[beacon] Saved seabird_dataset/beacon_debug/frame_006930.png
[beacon] Saved seabird_dataset/beacon_debug/frame_006960.png
[beacon] Saved seabird_dataset/beacon_debug/frame_006990.png
[beacon] Saved seabird_dataset/beacon_debug/frame_007020.png
[beacon] Saved seabird_dataset/beacon_debug/frame_007050.png
[beacon] Saved seabird_dataset/beacon_debug/frame_007080.png
[beacon] Saved seabird_dataset/beacon_debug/frame_007110.png
[beacon] Saved seabird_dataset/beacon_debug/frame_007140.png
[beacon] Saved seabird_dataset/beacon_debug/frame_007170.png
[beacon] Saved seabird_dataset/beacon_debug/frame_007200.png
[beacon] Saved seabird_dataset/beacon_debug/frame_007230.png
[beacon] Saved seabird_dataset/beacon_debug/frame_007260.png
[beacon] Saved seabird_dataset/beacon_debug/frame_007290.png
[beacon] Saved seabird_dataset/beacon_debug/frame_007320.png
[beacon] Saved seabird_dataset/beacon_debug/frame_007350.png
[beacon] Saved seabird_dataset/beacon_debug/frame_007380.png
[beacon] Saved seabird_dataset/beacon_debug/frame_007410.png
[beacon] Saved seabird_dataset/beacon_debug/frame_007440.png
[beacon] Saved seabird_dataset/beacon_debug/frame_007470.png
[beacon] Saved seabird_dataset/beacon_debug/frame_007500.png
[beacon] Saved seabird_dataset/beacon_debug/frame_007530.png
[beacon] Saved seabird_dataset/beacon_debug/frame_007560.png
[beacon] Saved seabird_dataset/beacon_debug/frame_007590.png
[beacon] Saved seabird_dataset/beacon_debug/frame_007620.png
[beacon] Saved seabird_dataset/beacon_debug/frame_007650.png
[beacon] Saved seabird_dataset/beacon_debug/frame_007680.png
[beacon] Saved seabird_dataset/beacon_debug/frame_007710.png
[beacon] Saved seabird_dataset/beacon_debug/frame_007740.png
[beacon] Saved seabird_dataset/beacon_debug/frame_007770.png
[beacon] Saved seabird_dataset/beacon_debug/frame_007800.png
[beacon] Saved seabird_dataset/beacon_debug/frame_007830.png
[beacon] Saved seabird_dataset/beacon_debug/frame_007860.png
[beacon] Saved seabird_dataset/beacon_debug/frame_007890.png
[beacon] Saved seabird_dataset/beacon_debug/frame_007920.png
[beacon] Saved seabird_dataset/beacon_debug/frame_007950.png
[beacon] Saved seabird_dataset/beacon_debug/frame_007980.png
[beacon] Saved seabird_dataset/beacon_debug/frame_008010.png
[beacon] Saved seabird_dataset/beacon_debug/frame_008040.png
[beacon] Saved seabird_dataset/beacon_debug/frame_008070.png
[beacon] Saved seabird_dataset/beacon_debug/frame_008100.png
[beacon] Saved seabird_dataset/beacon_debug/frame_008130.png
[beacon] Saved seabird_dataset/beacon_debug/frame_008160.png
[beacon] Saved seabird_dataset/beacon_debug/frame_008190.png
[beacon] Saved seabird_dataset/beacon_debug/frame_008220.png
[beacon] Saved seabird_dataset/beacon_debug/frame_008250.png
[beacon] Saved seabird_dataset/beacon_debug/frame_008280.png
[beacon] Saved seabird_dataset/beacon_debug/frame_008310.png
[beacon] Saved seabird_dataset/beacon_debug/frame_008340.png
[beacon] Saved seabird_dataset/beacon_debug/frame_008370.png
[beacon] Saved seabird_dataset/beacon_debug/frame_008400.png
[beacon] Saved seabird_dataset/beacon_debug/frame_008430.png
[beacon] Saved seabird_dataset/beacon_debug/frame_008460.png
[beacon] Saved seabird_dataset/beacon_debug/frame_008490.png
[beacon] Saved seabird_dataset/beacon_debug/frame_008520.png
[beacon] Saved seabird_dataset/beacon_debug/frame_008550.png
[beacon] Saved seabird_dataset/beacon_debug/frame_008580.png
[beacon] Saved seabird_dataset/beacon_debug/frame_008610.png
[beacon] Saved seabird_dataset/beacon_debug/frame_008640.png
[beacon] Saved seabird_dataset/beacon_debug/frame_008670.png
[beacon] Saved seabird_dataset/beacon_debug/frame_008700.png
[beacon] Saved seabird_dataset/beacon_debug/frame_008730.png
[beacon] Saved seabird_dataset/beacon_debug/frame_008760.png
[beacon] Saved seabird_dataset/beacon_debug/frame_008790.png
[beacon] Saved seabird_dataset/beacon_debug/frame_008820.png
[beacon] Saved seabird_dataset/beacon_debug/frame_008850.png
[beacon] Saved seabird_dataset/beacon_debug/frame_008880.png
[beacon] Saved seabird_dataset/beacon_debug/frame_008910.png
[beacon] Saved seabird_dataset/beacon_debug/frame_008940.png
[beacon] Saved seabird_dataset/beacon_debug/frame_008970.png
[beacon] Saved seabird_dataset/beacon_debug/frame_009000.png
[beacon] Saved seabird_dataset/beacon_debug/frame_009030.png
[beacon] Saved seabird_dataset/beacon_debug/frame_009060.png
[beacon] Saved seabird_dataset/beacon_debug/frame_009090.png
[beacon] Saved seabird_dataset/beacon_debug/frame_009120.png
[beacon] Saved seabird_dataset/beacon_debug/frame_009150.png
[beacon] Saved seabird_dataset/beacon_debug/frame_009180.png
[beacon] Saved seabird_dataset/beacon_debug/frame_009210.png
[beacon] Saved seabird_dataset/beacon_debug/frame_009240.png
[beacon] Saved seabird_dataset/beacon_debug/frame_009270.png
[beacon] Saved seabird_dataset/beacon_debug/frame_009300.png
[beacon] Saved seabird_dataset/beacon_debug/frame_009330.png
[beacon] Saved seabird_dataset/beacon_debug/frame_009360.png
[beacon] Saved seabird_dataset/beacon_debug/frame_009390.png
[beacon] Saved seabird_dataset/beacon_debug/frame_009420.png
[beacon] Saved seabird_dataset/beacon_debug/frame_009450.png
[beacon] Saved seabird_dataset/beacon_debug/frame_009480.png
[beacon] Saved seabird_dataset/beacon_debug/frame_009510.png
[beacon] Saved seabird_dataset/beacon_debug/frame_009540.png
[beacon] Saved seabird_dataset/beacon_debug/frame_009570.png
[beacon] Saved seabird_dataset/beacon_debug/frame_009600.png
[beacon] Saved seabird_dataset/beacon_debug/frame_009630.png
[beacon] Saved seabird_dataset/beacon_debug/frame_009660.png
[beacon] Saved seabird_dataset/beacon_debug/frame_009690.png
[beacon] Saved seabird_dataset/beacon_debug/frame_009720.png
[beacon] Saved seabird_dataset/beacon_debug/frame_009750.png
[beacon] Saved seabird_dataset/beacon_debug/frame_009780.png
[beacon] Saved seabird_dataset/beacon_debug/frame_009810.png
[beacon] Saved seabird_dataset/beacon_debug/frame_009840.png
[beacon] Saved seabird_dataset/beacon_debug/frame_009870.png
[beacon] Saved seabird_dataset/beacon_debug/frame_009900.png
[beacon] Saved seabird_dataset/beacon_debug/frame_009930.png
[beacon] Saved seabird_dataset/beacon_debug/frame_009960.png
[beacon] Saved seabird_dataset/beacon_debug/frame_009990.png
[beacon] Saved seabird_dataset/beacon_debug/frame_010020.png
[beacon] Saved seabird_dataset/beacon_debug/frame_010050.png
[beacon] Saved seabird_dataset/beacon_debug/frame_010080.png
[beacon] Saved seabird_dataset/beacon_debug/frame_010110.png
[beacon] Saved seabird_dataset/beacon_debug/frame_010140.png
[beacon] Saved seabird_dataset/beacon_debug/frame_010170.png
[beacon] Saved seabird_dataset/beacon_debug/frame_010200.png
[beacon] Saved seabird_dataset/beacon_debug/frame_010230.png
[beacon] Saved seabird_dataset/beacon_debug/frame_010260.png
[beacon] Saved seabird_dataset/beacon_debug/frame_010290.png
[beacon] Saved seabird_dataset/beacon_debug/frame_010320.png
[beacon] Saved seabird_dataset/beacon_debug/frame_010350.png
[beacon] Saved seabird_dataset/beacon_debug/frame_010380.png
[beacon] Saved seabird_dataset/beacon_debug/frame_010410.png
[beacon] Saved seabird_dataset/beacon_debug/frame_010440.png
[beacon] Saved seabird_dataset/beacon_debug/frame_010470.png
[beacon] Saved seabird_dataset/beacon_debug/frame_010500.png
[beacon] Saved seabird_dataset/beacon_debug/frame_010530.png
[beacon] Saved seabird_dataset/beacon_debug/frame_010560.png
[beacon] Saved seabird_dataset/beacon_debug/frame_010590.png
[beacon] Saved seabird_dataset/beacon_debug/frame_010620.png
[beacon] Saved seabird_dataset/beacon_debug/frame_010650.png
[beacon] Saved seabird_dataset/beacon_debug/frame_010680.png
[beacon] Saved seabird_dataset/beacon_debug/frame_010710.png
[beacon] Saved seabird_dataset/beacon_debug/frame_010740.png
[beacon] Saved seabird_dataset/beacon_debug/frame_010770.png
[beacon] Saved seabird_dataset/beacon_debug/frame_010800.png
[beacon] Saved seabird_dataset/beacon_debug/frame_010830.png
[beacon] Saved seabird_dataset/beacon_debug/frame_010860.png
[beacon] Saved seabird_dataset/beacon_debug/frame_010890.png
[beacon] Saved seabird_dataset/beacon_debug/frame_010920.png
[beacon] Saved seabird_dataset/beacon_debug/frame_010950.png
[beacon] Saved seabird_dataset/beacon_debug/frame_010980.png
[beacon] Saved seabird_dataset/beacon_debug/frame_011010.png
[beacon] Saved seabird_dataset/beacon_debug/frame_011040.png
[beacon] Saved seabird_dataset/beacon_debug/frame_011070.png
[beacon] Saved seabird_dataset/beacon_debug/frame_011100.png
[beacon] Saved seabird_dataset/beacon_debug/frame_011130.png
[beacon] Saved seabird_dataset/beacon_debug/frame_011160.png
[beacon] Saved seabird_dataset/beacon_debug/frame_011190.png
[beacon] Saved seabird_dataset/beacon_debug/frame_011220.png
[beacon] Saved seabird_dataset/beacon_debug/frame_011250.png
[beacon] Saved seabird_dataset/beacon_debug/frame_011280.png
[beacon] Saved seabird_dataset/beacon_debug/frame_011310.png
[beacon] Saved seabird_dataset/beacon_debug/frame_011340.png
[beacon] Saved seabird_dataset/beacon_debug/frame_011370.png
[beacon] Saved seabird_dataset/beacon_debug/frame_011400.png
[beacon] Saved seabird_dataset/beacon_debug/frame_011430.png
[beacon] Saved seabird_dataset/beacon_debug/frame_011460.png
[beacon] Saved seabird_dataset/beacon_debug/frame_011490.png
[beacon] Saved seabird_dataset/beacon_debug/frame_011520.png
[beacon] Saved seabird_dataset/beacon_debug/frame_011550.png
[beacon] Saved seabird_dataset/beacon_debug/frame_011580.png
[beacon] Saved seabird_dataset/beacon_debug/frame_011610.png
[beacon] Saved seabird_dataset/beacon_debug/frame_011640.png
[beacon] Saved seabird_dataset/beacon_debug/frame_011670.png
[beacon] Saved seabird_dataset/beacon_debug/frame_011700.png
[beacon] Saved seabird_dataset/beacon_debug/frame_011730.png
[beacon] Saved seabird_dataset/beacon_debug/frame_011760.png
[beacon] Saved seabird_dataset/beacon_debug/frame_011790.png
[beacon] Saved seabird_dataset/beacon_debug/frame_011820.png
[beacon] Saved seabird_dataset/beacon_debug/frame_011850.png
[beacon] Saved seabird_dataset/beacon_debug/frame_011880.png
[beacon] Saved seabird_dataset/beacon_debug/frame_011910.png
[beacon] Saved seabird_dataset/beacon_debug/frame_011940.png
[beacon] Saved seabird_dataset/beacon_debug/frame_011970.png
[beacon] Saved seabird_dataset/beacon_debug/frame_012000.png
[beacon] Saved seabird_dataset/beacon_debug/frame_012030.png
[beacon] Saved seabird_dataset/beacon_debug/frame_012060.png
[beacon] Saved seabird_dataset/beacon_debug/frame_012090.png
[beacon] Saved seabird_dataset/beacon_debug/frame_012120.png
[beacon] Saved seabird_dataset/beacon_debug/frame_012150.png
[beacon] Saved seabird_dataset/beacon_debug/frame_012180.png
[beacon] Saved seabird_dataset/beacon_debug/frame_012210.png
[beacon] Saved seabird_dataset/beacon_debug/frame_012240.png
[beacon] Saved seabird_dataset/beacon_debug/frame_012270.png
[beacon] Saved seabird_dataset/beacon_debug/frame_012300.png
[beacon] Saved seabird_dataset/beacon_debug/frame_012330.png
[beacon] Saved seabird_dataset/beacon_debug/frame_012360.png
[beacon] Saved seabird_dataset/beacon_debug/frame_012390.png
[beacon] Saved seabird_dataset/beacon_debug/frame_012420.png
[beacon] Saved seabird_dataset/beacon_debug/frame_012450.png
[beacon] Saved seabird_dataset/beacon_debug/frame_012480.png
[beacon] Saved seabird_dataset/beacon_debug/frame_012510.png
[beacon] Saved seabird_dataset/beacon_debug/frame_012540.png
[beacon] Saved seabird_dataset/beacon_debug/frame_012570.png
[beacon] Saved seabird_dataset/beacon_debug/frame_012600.png
[beacon] Saved seabird_dataset/beacon_debug/frame_012630.png
[beacon] Saved seabird_dataset/beacon_debug/frame_012660.png
[beacon] Saved seabird_dataset/beacon_debug/frame_012690.png
[beacon] Saved seabird_dataset/beacon_debug/frame_012720.png
[beacon] Saved seabird_dataset/beacon_debug/frame_012750.png
[beacon] Saved seabird_dataset/beacon_debug/frame_012780.png
[beacon] Saved seabird_dataset/beacon_debug/frame_012810.png
[beacon] Saved seabird_dataset/beacon_debug/frame_012840.png
[beacon] Saved seabird_dataset/beacon_debug/frame_012870.png
[beacon] Saved seabird_dataset/beacon_debug/frame_012900.png
[beacon] Saved seabird_dataset/beacon_debug/frame_012930.png
[beacon] Saved seabird_dataset/beacon_debug/frame_012960.png
[beacon] Saved seabird_dataset/beacon_debug/frame_012990.png
[beacon] Saved seabird_dataset/beacon_debug/frame_013020.png
[beacon] Saved seabird_dataset/beacon_debug/frame_013050.png
[beacon] Saved seabird_dataset/beacon_debug/frame_013080.png
[beacon] Saved seabird_dataset/beacon_debug/frame_013110.png
[beacon] Saved seabird_dataset/beacon_debug/frame_013140.png
[beacon] Saved seabird_dataset/beacon_debug/frame_013170.png
[beacon] Saved seabird_dataset/beacon_debug/frame_013200.png
[beacon] Saved seabird_dataset/beacon_debug/frame_013230.png
[beacon] Saved seabird_dataset/beacon_debug/frame_013260.png
[beacon] Saved seabird_dataset/beacon_debug/frame_013290.png
[beacon] Saved seabird_dataset/beacon_debug/frame_013320.png
[beacon] Saved seabird_dataset/beacon_debug/frame_013350.png
[beacon] Saved seabird_dataset/beacon_debug/frame_013380.png
[beacon] Saved seabird_dataset/beacon_debug/frame_013410.png
[beacon] Saved seabird_dataset/beacon_debug/frame_013440.png
[beacon] Saved seabird_dataset/beacon_debug/frame_013470.png
[beacon] Saved seabird_dataset/beacon_debug/frame_013500.png
[beacon] Saved seabird_dataset/beacon_debug/frame_013530.png
[beacon] Saved seabird_dataset/beacon_debug/frame_013560.png
[beacon] Saved seabird_dataset/beacon_debug/frame_013590.png
[beacon] Saved seabird_dataset/beacon_debug/frame_013620.png
[beacon] Saved seabird_dataset/beacon_debug/frame_013650.png
[beacon] Saved seabird_dataset/beacon_debug/frame_013680.png
[beacon] Saved seabird_dataset/beacon_debug/frame_013710.png
[beacon] Saved seabird_dataset/beacon_debug/frame_013740.png
[beacon] Saved seabird_dataset/beacon_debug/frame_013770.png
[beacon] Saved seabird_dataset/beacon_debug/frame_013800.png
[beacon] Saved seabird_dataset/beacon_debug/frame_013830.png
[beacon] Saved seabird_dataset/beacon_debug/frame_013860.png
[beacon] Saved seabird_dataset/beacon_debug/frame_013890.png
[beacon] Saved seabird_dataset/beacon_debug/frame_013920.png
[beacon] Saved seabird_dataset/beacon_debug/frame_013950.png
[beacon] Saved seabird_dataset/beacon_debug/frame_013980.png
[beacon] Saved seabird_dataset/beacon_debug/frame_014010.png
[beacon] Saved seabird_dataset/beacon_debug/frame_014040.png
[beacon] Saved seabird_dataset/beacon_debug/frame_014070.png
[beacon] Saved seabird_dataset/beacon_debug/frame_014100.png
[beacon] Saved seabird_dataset/beacon_debug/frame_014130.png
[beacon] Saved seabird_dataset/beacon_debug/frame_014160.png
[beacon] Saved seabird_dataset/beacon_debug/frame_014190.png
[beacon] Saved seabird_dataset/beacon_debug/frame_014220.png
[beacon] Saved seabird_dataset/beacon_debug/frame_014250.png
[beacon] Saved seabird_dataset/beacon_debug/frame_014280.png
[beacon] Saved seabird_dataset/beacon_debug/frame_014310.png
[beacon] Saved seabird_dataset/beacon_debug/frame_014340.png
[beacon] Saved seabird_dataset/beacon_debug/frame_014370.png
[beacon] Saved seabird_dataset/beacon_debug/frame_014400.png
[beacon] Saved seabird_dataset/beacon_debug/frame_014430.png
[beacon] Saved seabird_dataset/beacon_debug/frame_014460.png
[beacon] Saved seabird_dataset/beacon_debug/frame_014490.png
[beacon] Saved seabird_dataset/beacon_debug/frame_014520.png
[beacon] Saved seabird_dataset/beacon_debug/frame_014550.png
[beacon] Saved seabird_dataset/beacon_debug/frame_014580.png
[beacon] Saved seabird_dataset/beacon_debug/frame_014610.png
[beacon] Saved seabird_dataset/beacon_debug/frame_014640.png
[beacon] Saved seabird_dataset/beacon_debug/frame_014670.png
[beacon] Saved seabird_dataset/beacon_debug/frame_014700.png
[beacon] Saved seabird_dataset/beacon_debug/frame_014730.png
[beacon] Saved seabird_dataset/beacon_debug/frame_014760.png
[beacon] Saved seabird_dataset/beacon_debug/frame_014790.png
[beacon] Saved seabird_dataset/beacon_debug/frame_014820.png
[beacon] Saved seabird_dataset/beacon_debug/frame_014850.png
[beacon] Saved seabird_dataset/beacon_debug/frame_014880.png
[beacon] Saved seabird_dataset/beacon_debug/frame_014910.png
[beacon] Saved seabird_dataset/beacon_debug/frame_014940.png
[beacon] Saved seabird_dataset/beacon_debug/frame_014970.png
[beacon] Saved seabird_dataset/beacon_debug/frame_015000.png
[beacon] Saved seabird_dataset/beacon_debug/frame_015030.png
[beacon] Saved seabird_dataset/beacon_debug/frame_015060.png
[beacon] Saved seabird_dataset/beacon_debug/frame_015090.png
[beacon] Saved seabird_dataset/beacon_debug/frame_015120.png
[beacon] Saved seabird_dataset/beacon_debug/frame_015150.png
[beacon] Saved seabird_dataset/beacon_debug/frame_015180.png
[beacon] Saved seabird_dataset/beacon_debug/frame_015210.png
[beacon] Saved seabird_dataset/beacon_debug/frame_015240.png
[beacon] Saved seabird_dataset/beacon_debug/frame_015270.png
[beacon] Saved seabird_dataset/beacon_debug/frame_015300.png
[beacon] Saved seabird_dataset/beacon_debug/frame_015330.png
[beacon] Saved seabird_dataset/beacon_debug/frame_015360.png
[beacon] Saved seabird_dataset/beacon_debug/frame_015390.png
[beacon] Saved seabird_dataset/beacon_debug/frame_015420.png
[beacon] Saved seabird_dataset/beacon_debug/frame_015450.png
[beacon] Saved seabird_dataset/beacon_debug/frame_015480.png
[beacon] Saved seabird_dataset/beacon_debug/frame_015510.png
[beacon] Saved seabird_dataset/beacon_debug/frame_015540.png
[beacon] Saved seabird_dataset/beacon_debug/frame_015570.png
[beacon] Saved seabird_dataset/beacon_debug/frame_015600.png
[beacon] Saved seabird_dataset/beacon_debug/frame_015630.png
[beacon] Saved seabird_dataset/beacon_debug/frame_015660.png
[beacon] Saved seabird_dataset/beacon_debug/frame_015690.png
[beacon] Saved seabird_dataset/beacon_debug/frame_015720.png
[beacon] Saved seabird_dataset/beacon_debug/frame_015750.png
[beacon] Saved seabird_dataset/beacon_debug/frame_015780.png
[beacon] Saved seabird_dataset/beacon_debug/frame_015810.png
[beacon] Saved seabird_dataset/beacon_debug/frame_015840.png
[beacon] Saved seabird_dataset/beacon_debug/frame_015870.png
[beacon] Saved seabird_dataset/beacon_debug/frame_015900.png
[beacon] Saved seabird_dataset/beacon_debug/frame_015930.png
[beacon] Saved seabird_dataset/beacon_debug/frame_015960.png
[beacon] Saved seabird_dataset/beacon_debug/frame_015990.png
[beacon] Saved seabird_dataset/beacon_debug/frame_016020.png
[beacon] Saved seabird_dataset/beacon_debug/frame_016050.png
[beacon] Saved seabird_dataset/beacon_debug/frame_016080.png
[beacon] Saved seabird_dataset/beacon_debug/frame_016110.png
[beacon] Saved seabird_dataset/beacon_debug/frame_016140.png
[beacon] Saved seabird_dataset/beacon_debug/frame_016170.png
[beacon] Saved seabird_dataset/beacon_debug/frame_016200.png
[beacon] Saved seabird_dataset/beacon_debug/frame_016230.png
[beacon] Saved seabird_dataset/beacon_debug/frame_016260.png
[beacon] Saved seabird_dataset/beacon_debug/frame_016290.png
[beacon] Saved seabird_dataset/beacon_debug/frame_016320.png
[beacon] Saved seabird_dataset/beacon_debug/frame_016350.png
[beacon] Saved seabird_dataset/beacon_debug/frame_016380.png
[beacon] Saved seabird_dataset/beacon_debug/frame_016410.png
[beacon] Saved seabird_dataset/beacon_debug/frame_016440.png
[beacon] Saved seabird_dataset/beacon_debug/frame_016470.png
[beacon] Saved seabird_dataset/beacon_debug/frame_016500.png
[beacon] Saved seabird_dataset/beacon_debug/frame_016530.png
[beacon] Saved seabird_dataset/beacon_debug/frame_016560.png
[beacon] Saved seabird_dataset/beacon_debug/frame_016590.png
[beacon] Saved seabird_dataset/beacon_debug/frame_016620.png
[beacon] Saved seabird_dataset/beacon_debug/frame_016650.png
[beacon] Saved seabird_dataset/beacon_debug/frame_016680.png
[beacon] Saved seabird_dataset/beacon_debug/frame_016710.png
[beacon] Saved seabird_dataset/beacon_debug/frame_016740.png
[beacon] Saved seabird_dataset/beacon_debug/frame_016770.png
[beacon] Saved seabird_dataset/beacon_debug/frame_016800.png
[beacon] Saved seabird_dataset/beacon_debug/frame_016830.png
[beacon] Saved seabird_dataset/beacon_debug/frame_016860.png
[beacon] Saved seabird_dataset/beacon_debug/frame_016890.png
[beacon] Saved seabird_dataset/beacon_debug/frame_016920.png
[beacon] Saved seabird_dataset/beacon_debug/frame_016950.png
[beacon] Saved seabird_dataset/beacon_debug/frame_016980.png
[beacon] Saved seabird_dataset/beacon_debug/frame_017010.png
[beacon] Saved seabird_dataset/beacon_debug/frame_017040.png
[beacon] Saved seabird_dataset/beacon_debug/frame_017070.png
[beacon] Saved seabird_dataset/beacon_debug/frame_017100.png
[beacon] Saved seabird_dataset/beacon_debug/frame_017130.png
[beacon] Saved seabird_dataset/beacon_debug/frame_017160.png
[beacon] Saved seabird_dataset/beacon_debug/frame_017190.png
[beacon] Saved seabird_dataset/beacon_debug/frame_017220.png
[beacon] Saved seabird_dataset/beacon_debug/frame_017250.png
[beacon] Saved seabird_dataset/beacon_debug/frame_017280.png
[beacon] Saved seabird_dataset/beacon_debug/frame_017310.png
[beacon] Saved seabird_dataset/beacon_debug/frame_017340.png
[beacon] Saved seabird_dataset/beacon_debug/frame_017370.png
[beacon] Saved seabird_dataset/beacon_debug/frame_017400.png
[beacon] Saved seabird_dataset/beacon_debug/frame_017430.png
[beacon] Saved seabird_dataset/beacon_debug/frame_017460.png
[beacon] Saved seabird_dataset/beacon_debug/frame_017490.png
[beacon] Saved seabird_dataset/beacon_debug/frame_017520.png
[beacon] Saved seabird_dataset/beacon_debug/frame_017550.png
[beacon] Saved seabird_dataset/beacon_debug/frame_017580.png
[beacon] Saved seabird_dataset/beacon_debug/frame_017610.png
[beacon] Saved seabird_dataset/beacon_debug/frame_017640.png
[beacon] Saved seabird_dataset/beacon_debug/frame_017670.png
[beacon] Saved seabird_dataset/beacon_debug/frame_017700.png
[beacon] Saved seabird_dataset/beacon_debug/frame_017730.png
[beacon] Saved seabird_dataset/beacon_debug/frame_017760.png
[beacon] Saved seabird_dataset/beacon_debug/frame_017790.png
[beacon] Saved seabird_dataset/beacon_debug/frame_017820.png
[beacon] Saved seabird_dataset/beacon_debug/frame_017850.png
[beacon] Saved seabird_dataset/beacon_debug/frame_017880.png
[beacon] Saved seabird_dataset/beacon_debug/frame_017910.png
[beacon] Saved seabird_dataset/beacon_debug/frame_017940.png
[beacon] Saved seabird_dataset/beacon_debug/frame_017970.png
[beacon] Saved seabird_dataset/beacon_debug/frame_018000.png
[beacon] Saved seabird_dataset/beacon_debug/frame_018030.png
[beacon] Saved seabird_dataset/beacon_debug/frame_018060.png
[beacon] Saved seabird_dataset/beacon_debug/frame_018090.png
[beacon] Saved seabird_dataset/beacon_debug/frame_018120.png
[beacon] Saved seabird_dataset/beacon_debug/frame_018150.png
[beacon] Saved seabird_dataset/beacon_debug/frame_018180.png
[beacon] Saved seabird_dataset/beacon_debug/frame_018210.png
[beacon] Saved seabird_dataset/beacon_debug/frame_018240.png
[beacon] Saved seabird_dataset/beacon_debug/frame_018270.png
[beacon] Saved seabird_dataset/beacon_debug/frame_018300.png
[beacon] Saved seabird_dataset/beacon_debug/frame_018330.png
[beacon] Saved seabird_dataset/beacon_debug/frame_018360.png
[beacon] Saved seabird_dataset/beacon_debug/frame_018390.png
[beacon] Saved seabird_dataset/beacon_debug/frame_018420.png
[beacon] Saved seabird_dataset/beacon_debug/frame_018450.png
[beacon] Saved seabird_dataset/beacon_debug/frame_018480.png
[beacon] Saved seabird_dataset/beacon_debug/frame_018510.png
[beacon] Saved seabird_dataset/beacon_debug/frame_018540.png
[beacon] Saved seabird_dataset/beacon_debug/frame_018570.png
[beacon] Saved seabird_dataset/beacon_debug/frame_018600.png
[beacon] Saved seabird_dataset/beacon_debug/frame_018630.png
[beacon] Saved seabird_dataset/beacon_debug/frame_018660.png
[beacon] Saved seabird_dataset/beacon_debug/frame_018690.png
[beacon] Saved seabird_dataset/beacon_debug/frame_018720.png
[beacon] Saved seabird_dataset/beacon_debug/frame_018750.png
[beacon] Saved seabird_dataset/beacon_debug/frame_018780.png
[beacon] Saved seabird_dataset/beacon_debug/frame_018810.png
[beacon] Saved seabird_dataset/beacon_debug/frame_018840.png
[beacon] Saved seabird_dataset/beacon_debug/frame_018870.png
[beacon] Saved seabird_dataset/beacon_debug/frame_018900.png
[beacon] Saved seabird_dataset/beacon_debug/frame_018930.png
[beacon] Saved seabird_dataset/beacon_debug/frame_018960.png
[beacon] Saved seabird_dataset/beacon_debug/frame_018990.png
[beacon] Saved seabird_dataset/beacon_debug/frame_019020.png
[beacon] Saved seabird_dataset/beacon_debug/frame_019050.png
[beacon] Saved seabird_dataset/beacon_debug/frame_019080.png
[beacon] Saved seabird_dataset/beacon_debug/frame_019110.png
[beacon] Saved seabird_dataset/beacon_debug/frame_019140.png
[beacon] Saved seabird_dataset/beacon_debug/frame_019170.png
[beacon] Saved seabird_dataset/beacon_debug/frame_019200.png
[beacon] Saved seabird_dataset/beacon_debug/frame_019230.png
[beacon] Saved seabird_dataset/beacon_debug/frame_019260.png
[beacon] Saved seabird_dataset/beacon_debug/frame_019290.png
[beacon] Saved seabird_dataset/beacon_debug/frame_019320.png
[beacon] Saved seabird_dataset/beacon_debug/frame_019350.png
[beacon] Saved seabird_dataset/beacon_debug/frame_019380.png
[beacon] Saved seabird_dataset/beacon_debug/frame_019410.png
[beacon] Saved seabird_dataset/beacon_debug/frame_019440.png
[beacon] Saved seabird_dataset/beacon_debug/frame_019470.png
[beacon] Saved seabird_dataset/beacon_debug/frame_019500.png
[beacon] Saved seabird_dataset/beacon_debug/frame_019530.png
[beacon] Saved seabird_dataset/beacon_debug/frame_019560.png
[beacon] Saved seabird_dataset/beacon_debug/frame_019590.png
[beacon] Saved seabird_dataset/beacon_debug/frame_019620.png
[beacon] Saved seabird_dataset/beacon_debug/frame_019650.png
[beacon] Saved seabird_dataset/beacon_debug/frame_019680.png
[beacon] Saved seabird_dataset/beacon_debug/frame_019710.png
[beacon] Saved seabird_dataset/beacon_debug/frame_019740.png
[beacon] Saved seabird_dataset/beacon_debug/frame_019770.png
[beacon] Saved seabird_dataset/beacon_debug/frame_019800.png
[beacon] Saved seabird_dataset/beacon_debug/frame_019830.png
[beacon] Saved seabird_dataset/beacon_debug/frame_019860.png
[beacon] Saved seabird_dataset/beacon_debug/frame_019890.png
[beacon] Saved seabird_dataset/beacon_debug/frame_019920.png
[beacon] Saved seabird_dataset/beacon_debug/frame_019950.png
[beacon] Saved seabird_dataset/beacon_debug/frame_019980.png
[beacon] Saved seabird_dataset/beacon_debug/frame_020010.png
[beacon] Saved seabird_dataset/beacon_debug/frame_020040.png
[beacon] Saved seabird_dataset/beacon_debug/frame_020070.png
[beacon] Saved seabird_dataset/beacon_debug/frame_020100.png
[beacon] Saved seabird_dataset/beacon_debug/frame_020130.png
[beacon] Saved seabird_dataset/beacon_debug/frame_020160.png
[beacon] Saved seabird_dataset/beacon_debug/frame_020190.png
[beacon] Saved seabird_dataset/beacon_debug/frame_020220.png
[beacon] Saved seabird_dataset/beacon_debug/frame_020250.png
[beacon] Saved seabird_dataset/beacon_debug/frame_020280.png
[beacon] Saved seabird_dataset/beacon_debug/frame_020310.png
[beacon] Saved seabird_dataset/beacon_debug/frame_020340.png
[beacon] Saved seabird_dataset/beacon_debug/frame_020370.png
[beacon] Saved seabird_dataset/beacon_debug/frame_020400.png
[beacon] Saved seabird_dataset/beacon_debug/frame_020430.png
[beacon] Saved seabird_dataset/beacon_debug/frame_020460.png
[beacon] Saved seabird_dataset/beacon_debug/frame_020490.png
[beacon] Saved seabird_dataset/beacon_debug/frame_020520.png
[beacon] Saved seabird_dataset/beacon_debug/frame_020550.png
[beacon] Saved seabird_dataset/beacon_debug/frame_020580.png
[beacon] Saved seabird_dataset/beacon_debug/frame_020610.png
[beacon] Saved seabird_dataset/beacon_debug/frame_020640.png
[beacon] Saved seabird_dataset/beacon_debug/frame_020670.png
[beacon] Saved seabird_dataset/beacon_debug/frame_020700.png
[beacon] Saved seabird_dataset/beacon_debug/frame_020730.png
[beacon] Saved seabird_dataset/beacon_debug/frame_020760.png
[beacon] Saved seabird_dataset/beacon_debug/frame_020790.png
[beacon] Saved seabird_dataset/beacon_debug/frame_020820.png
[beacon] Saved seabird_dataset/beacon_debug/frame_020850.png
[beacon] Saved seabird_dataset/beacon_debug/frame_020880.png
[beacon] Saved seabird_dataset/beacon_debug/frame_020910.png
[beacon] Saved seabird_dataset/beacon_debug/frame_020940.png
[beacon] Saved seabird_dataset/beacon_debug/frame_020970.png
[beacon] Saved seabird_dataset/beacon_debug/frame_021000.png
[beacon] Saved seabird_dataset/beacon_debug/frame_021030.png
[beacon] Saved seabird_dataset/beacon_debug/frame_021060.png
[beacon] Saved seabird_dataset/beacon_debug/frame_021090.png
[beacon] Saved seabird_dataset/beacon_debug/frame_021120.png
[beacon] Saved seabird_dataset/beacon_debug/frame_021150.png
[beacon] Saved seabird_dataset/beacon_debug/frame_021180.png
[beacon] Saved seabird_dataset/beacon_debug/frame_021210.png
[beacon] Saved seabird_dataset/beacon_debug/frame_021240.png
[beacon] Saved seabird_dataset/beacon_debug/frame_021270.png
[beacon] Saved seabird_dataset/beacon_debug/frame_021300.png
[beacon] Saved seabird_dataset/beacon_debug/frame_021330.png
[beacon] Saved seabird_dataset/beacon_debug/frame_021360.png
[beacon] Saved seabird_dataset/beacon_debug/frame_021390.png
[beacon] Saved seabird_dataset/beacon_debug/frame_021420.png
[beacon] Saved seabird_dataset/beacon_debug/frame_021450.png
[beacon] Saved seabird_dataset/beacon_debug/frame_021480.png
[beacon] Saved seabird_dataset/beacon_debug/frame_021510.png
[beacon] Saved seabird_dataset/beacon_debug/frame_021540.png
[beacon] Saved seabird_dataset/beacon_debug/frame_021570.png
[beacon] Saved seabird_dataset/beacon_debug/frame_021600.png
[beacon] Saved seabird_dataset/beacon_debug/frame_021630.png
[beacon] Saved seabird_dataset/beacon_debug/frame_021660.png
[beacon] Saved seabird_dataset/beacon_debug/frame_021690.png
[beacon] Saved seabird_dataset/beacon_debug/frame_021720.png
[beacon] Saved seabird_dataset/beacon_debug/frame_021750.png
[beacon] Saved seabird_dataset/beacon_debug/frame_021780.png
[beacon] Saved seabird_dataset/beacon_debug/frame_021810.png
[beacon] Saved seabird_dataset/beacon_debug/frame_021840.png
[beacon] Saved seabird_dataset/beacon_debug/frame_021870.png
[beacon] Saved seabird_dataset/beacon_debug/frame_021900.png
[beacon] Saved seabird_dataset/beacon_debug/frame_021930.png
[beacon] Saved seabird_dataset/beacon_debug/frame_021960.png
[beacon] Saved seabird_dataset/beacon_debug/frame_021990.png
[beacon] Saved seabird_dataset/beacon_debug/frame_022020.png
[beacon] Saved seabird_dataset/beacon_debug/frame_022050.png
[beacon] Saved seabird_dataset/beacon_debug/frame_022080.png
[beacon] Saved seabird_dataset/beacon_debug/frame_022110.png
[beacon] Saved seabird_dataset/beacon_debug/frame_022140.png
[beacon] Saved seabird_dataset/beacon_debug/frame_022170.png
[beacon] Saved seabird_dataset/beacon_debug/frame_022200.png
[beacon] Saved seabird_dataset/beacon_debug/frame_022230.png
[beacon] Saved seabird_dataset/beacon_debug/frame_022260.png
[beacon] Saved seabird_dataset/beacon_debug/frame_022290.png
[beacon] Saved seabird_dataset/beacon_debug/frame_022320.png
[beacon] Saved seabird_dataset/beacon_debug/frame_022350.png
[beacon] Saved seabird_dataset/beacon_debug/frame_022380.png
[beacon] Saved seabird_dataset/beacon_debug/frame_022410.png
[beacon] Saved seabird_dataset/beacon_debug/frame_022440.png
[beacon] Saved seabird_dataset/beacon_debug/frame_022470.png
[beacon] Saved seabird_dataset/beacon_debug/frame_022500.png
[beacon] Saved seabird_dataset/beacon_debug/frame_022530.png
[beacon] Saved seabird_dataset/beacon_debug/frame_022560.png
[beacon] Saved seabird_dataset/beacon_debug/frame_022590.png
[beacon] Saved seabird_dataset/beacon_debug/frame_022620.png
[beacon] Saved seabird_dataset/beacon_debug/frame_022650.png
[beacon] Saved seabird_dataset/beacon_debug/frame_022680.png
[beacon] Saved seabird_dataset/beacon_debug/frame_022710.png
[beacon] Saved seabird_dataset/beacon_debug/frame_022740.png
[beacon] Saved seabird_dataset/beacon_debug/frame_022770.png
[beacon] Saved seabird_dataset/beacon_debug/frame_022800.png
[beacon] Saved seabird_dataset/beacon_debug/frame_022830.png
[beacon] Saved seabird_dataset/beacon_debug/frame_022860.png
[beacon] Saved seabird_dataset/beacon_debug/frame_022890.png
[beacon] Saved seabird_dataset/beacon_debug/frame_022920.png
[beacon] Saved seabird_dataset/beacon_debug/frame_022950.png
[beacon] Saved seabird_dataset/beacon_debug/frame_022980.png
[beacon] Saved seabird_dataset/beacon_debug/frame_023010.png
[beacon] Saved seabird_dataset/beacon_debug/frame_023040.png
[beacon] Saved seabird_dataset/beacon_debug/frame_023070.png
[beacon] Saved seabird_dataset/beacon_debug/frame_023100.png
[beacon] Saved seabird_dataset/beacon_debug/frame_023130.png
[beacon] Saved seabird_dataset/beacon_debug/frame_023160.png
[beacon] Saved seabird_dataset/beacon_debug/frame_023190.png
[beacon] Saved seabird_dataset/beacon_debug/frame_023220.png
[beacon] Saved seabird_dataset/beacon_debug/frame_023250.png
[beacon] Saved seabird_dataset/beacon_debug/frame_023280.png
[beacon] Saved seabird_dataset/beacon_debug/frame_023310.png
[beacon] Saved seabird_dataset/beacon_debug/frame_023340.png
[beacon] Saved seabird_dataset/beacon_debug/frame_023370.png
[beacon] Saved seabird_dataset/beacon_debug/frame_023400.png
[beacon] Saved seabird_dataset/beacon_debug/frame_023430.png
[beacon] Saved seabird_dataset/beacon_debug/frame_023460.png
[beacon] Saved seabird_dataset/beacon_debug/frame_023490.png
[beacon] Saved seabird_dataset/beacon_debug/frame_023520.png
[beacon] Saved seabird_dataset/beacon_debug/frame_023550.png
[beacon] Saved seabird_dataset/beacon_debug/frame_023580.png
[beacon] Saved seabird_dataset/beacon_debug/frame_023610.png
[beacon] Saved seabird_dataset/beacon_debug/frame_023640.png
[beacon] Saved seabird_dataset/beacon_debug/frame_023670.png
[beacon] Saved seabird_dataset/beacon_debug/frame_023700.png
[beacon] Saved seabird_dataset/beacon_debug/frame_023730.png
[beacon] Saved seabird_dataset/beacon_debug/frame_023760.png
[beacon] Saved seabird_dataset/beacon_debug/frame_023790.png
[beacon] Saved seabird_dataset/beacon_debug/frame_023820.png
[beacon] Saved seabird_dataset/beacon_debug/frame_023850.png
[beacon] Saved seabird_dataset/beacon_debug/frame_023880.png
[beacon] Saved seabird_dataset/beacon_debug/frame_023910.png
[beacon] Saved seabird_dataset/beacon_debug/frame_023940.png
[beacon] Saved seabird_dataset/beacon_debug/frame_023970.png
[beacon] Saved seabird_dataset/beacon_debug/frame_024000.png
[beacon] Saved seabird_dataset/beacon_debug/frame_024030.png
[beacon] Saved seabird_dataset/beacon_debug/frame_024060.png
[beacon] Saved seabird_dataset/beacon_debug/frame_024090.png
[beacon] Saved seabird_dataset/beacon_debug/frame_024120.png
[beacon] Saved seabird_dataset/beacon_debug/frame_024150.png
[beacon] Saved seabird_dataset/beacon_debug/frame_024180.png
[beacon] Saved seabird_dataset/beacon_debug/frame_024210.png
[beacon] Saved seabird_dataset/beacon_debug/frame_024240.png
[beacon] Saved seabird_dataset/beacon_debug/frame_024270.png
[beacon] Saved seabird_dataset/beacon_debug/frame_024300.png
[beacon] Saved seabird_dataset/beacon_debug/frame_024330.png
[beacon] Saved seabird_dataset/beacon_debug/frame_024360.png
[beacon] Saved seabird_dataset/beacon_debug/frame_024390.png
[beacon] Saved seabird_dataset/beacon_debug/frame_024420.png
[beacon] Saved seabird_dataset/beacon_debug/frame_024450.png
[beacon] Saved seabird_dataset/beacon_debug/frame_024480.png
[beacon] Saved seabird_dataset/beacon_debug/frame_024510.png
[beacon] Saved seabird_dataset/beacon_debug/frame_024540.png
[beacon] Saved seabird_dataset/beacon_debug/frame_024570.png
[beacon] Saved seabird_dataset/beacon_debug/frame_024600.png
[beacon] Saved seabird_dataset/beacon_debug/frame_024630.png
[beacon] Saved seabird_dataset/beacon_debug/frame_024660.png
[beacon] Saved seabird_dataset/beacon_debug/frame_024690.png
[beacon] Saved seabird_dataset/beacon_debug/frame_024720.png
[beacon] Saved seabird_dataset/beacon_debug/frame_024750.png
[beacon] Saved seabird_dataset/beacon_debug/frame_024780.png
[beacon] Saved seabird_dataset/beacon_debug/frame_024810.png
[beacon] Saved seabird_dataset/beacon_debug/frame_024840.png
[beacon] Saved seabird_dataset/beacon_debug/frame_024870.png
[beacon] Saved seabird_dataset/beacon_debug/frame_024900.png
[beacon] Saved seabird_dataset/beacon_debug/frame_024930.png
[beacon] Saved seabird_dataset/beacon_debug/frame_024960.png
[beacon] Saved seabird_dataset/beacon_debug/frame_024990.png
[beacon] Saved seabird_dataset/beacon_debug/frame_025020.png
[beacon] Saved seabird_dataset/beacon_debug/frame_025050.png
[beacon] Saved seabird_dataset/beacon_debug/frame_025080.png
[beacon] Saved seabird_dataset/beacon_debug/frame_025110.png
[beacon] Saved seabird_dataset/beacon_debug/frame_025140.png
[beacon] Saved seabird_dataset/beacon_debug/frame_025170.png
[beacon] Saved seabird_dataset/beacon_debug/frame_025200.png
[beacon] Saved seabird_dataset/beacon_debug/frame_025230.png
[beacon] Saved seabird_dataset/beacon_debug/frame_025260.png
[beacon] Saved seabird_dataset/beacon_debug/frame_025290.png
[beacon] Saved seabird_dataset/beacon_debug/frame_025320.png
[beacon] Saved seabird_dataset/beacon_debug/frame_025350.png
[beacon] Saved seabird_dataset/beacon_debug/frame_025380.png
[beacon] Saved seabird_dataset/beacon_debug/frame_025410.png
[beacon] Saved seabird_dataset/beacon_debug/frame_025440.png
[beacon] Saved seabird_dataset/beacon_debug/frame_025470.png
[beacon] Saved seabird_dataset/beacon_debug/frame_025500.png
[beacon] Saved seabird_dataset/beacon_debug/frame_025530.png
[beacon] Saved seabird_dataset/beacon_debug/frame_025560.png
[beacon] Saved seabird_dataset/beacon_debug/frame_025590.png
[beacon] Saved seabird_dataset/beacon_debug/frame_025620.png
[beacon] Saved seabird_dataset/beacon_debug/frame_025650.png
[beacon] Saved seabird_dataset/beacon_debug/frame_025680.png
[beacon] Saved seabird_dataset/beacon_debug/frame_025710.png
[beacon] Saved seabird_dataset/beacon_debug/frame_025740.png
[beacon] Saved seabird_dataset/beacon_debug/frame_025770.png
[beacon] Saved seabird_dataset/beacon_debug/frame_025800.png
[beacon] Saved seabird_dataset/beacon_debug/frame_025830.png
[beacon] Saved seabird_dataset/beacon_debug/frame_025860.png
[beacon] Saved seabird_dataset/beacon_debug/frame_025890.png
[beacon] Saved seabird_dataset/beacon_debug/frame_025920.png
[beacon] Saved seabird_dataset/beacon_debug/frame_025950.png
[beacon] Saved seabird_dataset/beacon_debug/frame_025980.png
[beacon] Saved seabird_dataset/beacon_debug/frame_026010.png
[beacon] Saved seabird_dataset/beacon_debug/frame_026040.png
[beacon] Saved seabird_dataset/beacon_debug/frame_026070.png
[beacon] Saved seabird_dataset/beacon_debug/frame_026100.png
[beacon] Saved seabird_dataset/beacon_debug/frame_026130.png
[beacon] Saved seabird_dataset/beacon_debug/frame_026160.png
[beacon] Saved seabird_dataset/beacon_debug/frame_026190.png
[beacon] Saved seabird_dataset/beacon_debug/frame_026220.png
[beacon] Saved seabird_dataset/beacon_debug/frame_026250.png
[beacon] Saved seabird_dataset/beacon_debug/frame_026280.png
[beacon] Saved seabird_dataset/beacon_debug/frame_026310.png
[beacon] Saved seabird_dataset/beacon_debug/frame_026340.png
[beacon] Saved seabird_dataset/beacon_debug/frame_026370.png
[beacon] Saved seabird_dataset/beacon_debug/frame_026400.png
[beacon] Saved seabird_dataset/beacon_debug/frame_026430.png
[beacon] Saved seabird_dataset/beacon_debug/frame_026460.png
[beacon] Saved seabird_dataset/beacon_debug/frame_026490.png
[beacon] Saved seabird_dataset/beacon_debug/frame_026520.png
[beacon] Saved seabird_dataset/beacon_debug/frame_026550.png
[beacon] Saved seabird_dataset/beacon_debug/frame_026580.png
[beacon] Saved seabird_dataset/beacon_debug/frame_026610.png
[beacon] Saved seabird_dataset/beacon_debug/frame_026640.png
[beacon] Saved seabird_dataset/beacon_debug/frame_026670.png
[beacon] Saved seabird_dataset/beacon_debug/frame_026700.png
[beacon] Saved seabird_dataset/beacon_debug/frame_026730.png
[beacon] Saved seabird_dataset/beacon_debug/frame_026760.png
[beacon] Saved seabird_dataset/beacon_debug/frame_026790.png
[beacon] Saved seabird_dataset/beacon_debug/frame_026820.png
[beacon] Saved seabird_dataset/beacon_debug/frame_026850.png
[beacon] Saved seabird_dataset/beacon_debug/frame_026880.png
[beacon] Saved seabird_dataset/beacon_debug/frame_026910.png
[beacon] Saved seabird_dataset/beacon_debug/frame_026940.png
[beacon] Saved seabird_dataset/beacon_debug/frame_026970.png
[beacon] Saved seabird_dataset/beacon_debug/frame_027000.png
[beacon] Saved seabird_dataset/beacon_debug/frame_027030.png
[beacon] Saved seabird_dataset/beacon_debug/frame_027060.png
[beacon] Saved seabird_dataset/beacon_debug/frame_027090.png
[beacon] Saved seabird_dataset/beacon_debug/frame_027120.png
[beacon] Saved seabird_dataset/beacon_debug/frame_027150.png
[beacon] Saved seabird_dataset/beacon_debug/frame_027180.png
[beacon] Saved seabird_dataset/beacon_debug/frame_027210.png
[beacon] Saved seabird_dataset/beacon_debug/frame_027240.png
[beacon] Saved seabird_dataset/beacon_debug/frame_027270.png
[beacon] Saved seabird_dataset/beacon_debug/frame_027300.png
[beacon] Saved seabird_dataset/beacon_debug/frame_027330.png
[beacon] Saved seabird_dataset/beacon_debug/frame_027360.png
[beacon] Saved seabird_dataset/beacon_debug/frame_027390.png
[beacon] Saved seabird_dataset/beacon_debug/frame_027420.png
[beacon] Saved seabird_dataset/beacon_debug/frame_027450.png
[beacon] Saved seabird_dataset/beacon_debug/frame_027480.png
[beacon] Saved seabird_dataset/beacon_debug/frame_027510.png
[beacon] Saved seabird_dataset/beacon_debug/frame_027540.png
[beacon] Saved seabird_dataset/beacon_debug/frame_027570.png
[beacon] Saved seabird_dataset/beacon_debug/frame_027600.png
[beacon] Saved seabird_dataset/beacon_debug/frame_027630.png
[beacon] Saved seabird_dataset/beacon_debug/frame_027660.png
[beacon] Saved seabird_dataset/beacon_debug/frame_027690.png
[beacon] Saved seabird_dataset/beacon_debug/frame_027720.png
[beacon] Saved seabird_dataset/beacon_debug/frame_027750.png
[beacon] Saved seabird_dataset/beacon_debug/frame_027780.png
[beacon] Saved seabird_dataset/beacon_debug/frame_027810.png
[beacon] Saved seabird_dataset/beacon_debug/frame_027840.png
[beacon] Saved seabird_dataset/beacon_debug/frame_027870.png
[beacon] Saved seabird_dataset/beacon_debug/frame_027900.png
[beacon] Saved seabird_dataset/beacon_debug/frame_027930.png
[beacon] Saved seabird_dataset/beacon_debug/frame_027960.png
[beacon] Saved seabird_dataset/beacon_debug/frame_027990.png
[beacon] Saved seabird_dataset/beacon_debug/frame_028020.png
[beacon] Saved seabird_dataset/beacon_debug/frame_028050.png
[beacon] Saved seabird_dataset/beacon_debug/frame_028080.png
[beacon] Saved seabird_dataset/beacon_debug/frame_028110.png
[beacon] Saved seabird_dataset/beacon_debug/frame_028140.png
[beacon] Saved seabird_dataset/beacon_debug/frame_028170.png
[beacon] Saved seabird_dataset/beacon_debug/frame_028200.png
[beacon] Saved seabird_dataset/beacon_debug/frame_028230.png
[beacon] Saved seabird_dataset/beacon_debug/frame_028260.png
[beacon] Saved seabird_dataset/beacon_debug/frame_028290.png
[beacon] Saved seabird_dataset/beacon_debug/frame_028320.png
[beacon] Saved seabird_dataset/beacon_debug/frame_028350.png
[beacon] Saved seabird_dataset/beacon_debug/frame_028380.png
[beacon] Saved seabird_dataset/beacon_debug/frame_028410.png
[beacon] Saved seabird_dataset/beacon_debug/frame_028440.png
[beacon] Saved seabird_dataset/beacon_debug/frame_028470.png
[beacon] Saved seabird_dataset/beacon_debug/frame_028500.png
[beacon] Saved seabird_dataset/beacon_debug/frame_028530.png
[beacon] Saved seabird_dataset/beacon_debug/frame_028560.png
[beacon] Saved seabird_dataset/beacon_debug/frame_028590.png
[beacon] Saved seabird_dataset/beacon_debug/frame_028620.png
[beacon] Saved seabird_dataset/beacon_debug/frame_028650.png
[beacon] Saved seabird_dataset/beacon_debug/frame_028680.png
[beacon] Saved seabird_dataset/beacon_debug/frame_028710.png
[beacon] Saved seabird_dataset/beacon_debug/frame_028740.png
[beacon] Saved seabird_dataset/beacon_debug/frame_028770.png
[beacon] Saved seabird_dataset/beacon_debug/frame_028800.png
[beacon] Saved seabird_dataset/beacon_debug/frame_028830.png
[beacon] Saved seabird_dataset/beacon_debug/frame_028860.png
[beacon] Saved seabird_dataset/beacon_debug/frame_028890.png
[beacon] Saved seabird_dataset/beacon_debug/frame_028920.png
[beacon] Saved seabird_dataset/beacon_debug/frame_028950.png
[beacon] Saved seabird_dataset/beacon_debug/frame_028980.png
[beacon] Saved seabird_dataset/beacon_debug/frame_029010.png
[beacon] Saved seabird_dataset/beacon_debug/frame_029040.png
[beacon] Saved seabird_dataset/beacon_debug/frame_029070.png
[beacon] Saved seabird_dataset/beacon_debug/frame_029100.png
[beacon] Saved seabird_dataset/beacon_debug/frame_029130.png
[beacon] Saved seabird_dataset/beacon_debug/frame_029160.png
[beacon] Saved seabird_dataset/beacon_debug/frame_029190.png
[beacon] Saved seabird_dataset/beacon_debug/frame_029220.png
[beacon] Saved seabird_dataset/beacon_debug/frame_029250.png
[beacon] Saved seabird_dataset/beacon_debug/frame_029280.png
[beacon] Saved seabird_dataset/beacon_debug/frame_029310.png
[beacon] Saved seabird_dataset/beacon_debug/frame_029340.png
[beacon] Saved seabird_dataset/beacon_debug/frame_029370.png
[beacon] Saved seabird_dataset/beacon_debug/frame_029400.png
[beacon] Saved seabird_dataset/beacon_debug/frame_029430.png
[beacon] Saved seabird_dataset/beacon_debug/frame_029460.png
[beacon] Saved seabird_dataset/beacon_debug/frame_029490.png
[beacon] Saved seabird_dataset/beacon_debug/frame_029520.png
[beacon] Saved seabird_dataset/beacon_debug/frame_029550.png
[beacon] Saved seabird_dataset/beacon_debug/frame_029580.png
[beacon] Saved seabird_dataset/beacon_debug/frame_029610.png
[beacon] Saved seabird_dataset/beacon_debug/frame_029640.png
[beacon] Saved seabird_dataset/beacon_debug/frame_029670.png
[beacon] Saved seabird_dataset/beacon_debug/frame_029700.png
[beacon] Saved seabird_dataset/beacon_debug/frame_029730.png
[beacon] Saved seabird_dataset/beacon_debug/frame_029760.png
[beacon] Saved seabird_dataset/beacon_debug/frame_029790.png
[beacon] Saved seabird_dataset/beacon_debug/frame_029820.png
[beacon] Saved seabird_dataset/beacon_debug/frame_029850.png
[beacon] Saved seabird_dataset/beacon_debug/frame_029880.png
[beacon] Saved seabird_dataset/beacon_debug/frame_029910.png
[beacon] Saved seabird_dataset/beacon_debug/frame_029940.png
[beacon] Saved seabird_dataset/beacon_debug/frame_029970.png
[beacon] Saved seabird_dataset/beacon_debug/frame_030000.png
[beacon] Saved seabird_dataset/beacon_debug/frame_030030.png
[beacon] Saved seabird_dataset/beacon_debug/frame_030060.png
[beacon] Saved seabird_dataset/beacon_debug/frame_030090.png
[beacon] Saved seabird_dataset/beacon_debug/frame_030120.png
[beacon] Saved seabird_dataset/beacon_debug/frame_030150.png
[beacon] Saved seabird_dataset/beacon_debug/frame_030180.png
[beacon] Saved seabird_dataset/beacon_debug/frame_030210.png
[beacon] Saved seabird_dataset/beacon_debug/frame_030240.png
[beacon] Saved seabird_dataset/beacon_debug/frame_030270.png
[beacon] Saved seabird_dataset/beacon_debug/frame_030300.png
[beacon] Saved seabird_dataset/beacon_debug/frame_030330.png
[beacon] Saved seabird_dataset/beacon_debug/frame_030360.png
[beacon] Saved seabird_dataset/beacon_debug/frame_030390.png
[beacon] Saved seabird_dataset/beacon_debug/frame_030420.png
[beacon] Saved seabird_dataset/beacon_debug/frame_030450.png
[beacon] Saved seabird_dataset/beacon_debug/frame_030480.png
[beacon] Saved seabird_dataset/beacon_debug/frame_030510.png
[beacon] Saved seabird_dataset/beacon_debug/frame_030540.png
[beacon] Saved seabird_dataset/beacon_debug/frame_030570.png
[beacon] Saved seabird_dataset/beacon_debug/frame_030600.png
[beacon] Saved seabird_dataset/beacon_debug/frame_030630.png
[beacon] Saved seabird_dataset/beacon_debug/frame_030660.png
[beacon] Saved seabird_dataset/beacon_debug/frame_030690.png
[beacon] Saved seabird_dataset/beacon_debug/frame_030720.png
[beacon] Saved seabird_dataset/beacon_debug/frame_030750.png
[beacon] Saved seabird_dataset/beacon_debug/frame_030780.png
[beacon] Saved seabird_dataset/beacon_debug/frame_030810.png
[beacon] Saved seabird_dataset/beacon_debug/frame_030840.png
[beacon] Saved seabird_dataset/beacon_debug/frame_030870.png
[beacon] Saved seabird_dataset/beacon_debug/frame_030900.png
[beacon] Saved seabird_dataset/beacon_debug/frame_030930.png
[beacon] Saved seabird_dataset/beacon_debug/frame_030960.png
[beacon] Saved seabird_dataset/beacon_debug/frame_030990.png
[beacon] Saved seabird_dataset/beacon_debug/frame_031020.png
[beacon] Saved seabird_dataset/beacon_debug/frame_031050.png
[beacon] Saved seabird_dataset/beacon_debug/frame_031080.png
[beacon] Saved seabird_dataset/beacon_debug/frame_031110.png
[beacon] Saved seabird_dataset/beacon_debug/frame_031140.png
[beacon] Saved seabird_dataset/beacon_debug/frame_031170.png
[beacon] Saved seabird_dataset/beacon_debug/frame_031200.png
[beacon] Saved seabird_dataset/beacon_debug/frame_031230.png
[beacon] Saved seabird_dataset/beacon_debug/frame_031260.png
[beacon] Saved seabird_dataset/beacon_debug/frame_031290.png
[beacon] Saved seabird_dataset/beacon_debug/frame_031320.png
[beacon] Saved seabird_dataset/beacon_debug/frame_031350.png
[beacon] Saved seabird_dataset/beacon_debug/frame_031380.png
[beacon] Saved seabird_dataset/beacon_debug/frame_031410.png
[beacon] Saved seabird_dataset/beacon_debug/frame_031440.png
[beacon] Saved seabird_dataset/beacon_debug/frame_031470.png
[beacon] Saved seabird_dataset/beacon_debug/frame_031500.png
[beacon] Saved seabird_dataset/beacon_debug/frame_031530.png
[beacon] Saved seabird_dataset/beacon_debug/frame_031560.png
[beacon] Saved seabird_dataset/beacon_debug/frame_031590.png
[beacon] Saved seabird_dataset/beacon_debug/frame_031620.png
[beacon] Saved seabird_dataset/beacon_debug/frame_031650.png
[beacon] Saved seabird_dataset/beacon_debug/frame_031680.png
[beacon] Saved seabird_dataset/beacon_debug/frame_031710.png
[beacon] Saved seabird_dataset/beacon_debug/frame_031740.png
[beacon] Saved seabird_dataset/beacon_debug/frame_031770.png
[beacon] Saved seabird_dataset/beacon_debug/frame_031800.png
[beacon] Saved seabird_dataset/beacon_debug/frame_031830.png
[beacon] Saved seabird_dataset/beacon_debug/frame_031860.png
[beacon] Saved seabird_dataset/beacon_debug/frame_031890.png
[beacon] Saved seabird_dataset/beacon_debug/frame_031920.png
[beacon] Saved seabird_dataset/beacon_debug/frame_031950.png
[beacon] Saved seabird_dataset/beacon_debug/frame_031980.png
[beacon] Saved seabird_dataset/beacon_debug/frame_032010.png
[beacon] Saved seabird_dataset/beacon_debug/frame_032040.png
[beacon] Saved seabird_dataset/beacon_debug/frame_032070.png
[beacon] Saved seabird_dataset/beacon_debug/frame_032100.png
[beacon] Saved seabird_dataset/beacon_debug/frame_032130.png
[beacon] Saved seabird_dataset/beacon_debug/frame_032160.png
[beacon] Saved seabird_dataset/beacon_debug/frame_032190.png
[beacon] Saved seabird_dataset/beacon_debug/frame_032220.png
[beacon] Saved seabird_dataset/beacon_debug/frame_032250.png
[beacon] Saved seabird_dataset/beacon_debug/frame_032280.png
[beacon] Saved seabird_dataset/beacon_debug/frame_032310.png
[beacon] Saved seabird_dataset/beacon_debug/frame_032340.png
[beacon] Saved seabird_dataset/beacon_debug/frame_032370.png
[beacon] Saved seabird_dataset/beacon_debug/frame_032400.png
[beacon] Saved seabird_dataset/beacon_debug/frame_032430.png
[beacon] Saved seabird_dataset/beacon_debug/frame_032460.png
[beacon] Saved seabird_dataset/beacon_debug/frame_032490.png
[beacon] Saved seabird_dataset/beacon_debug/frame_032520.png
[beacon] Saved seabird_dataset/beacon_debug/frame_032550.png
[beacon] Saved seabird_dataset/beacon_debug/frame_032580.png
[beacon] Saved seabird_dataset/beacon_debug/frame_032610.png
[beacon] Saved seabird_dataset/beacon_debug/frame_032640.png
[beacon] Saved seabird_dataset/beacon_debug/frame_032670.png
[beacon] Saved seabird_dataset/beacon_debug/frame_032700.png
[beacon] Saved seabird_dataset/beacon_debug/frame_032730.png
[beacon] Saved seabird_dataset/beacon_debug/frame_032760.png
[beacon] Saved seabird_dataset/beacon_debug/frame_032790.png
[beacon] Saved seabird_dataset/beacon_debug/frame_032820.png
[beacon] Saved seabird_dataset/beacon_debug/frame_032850.png
[beacon] Saved seabird_dataset/beacon_debug/frame_032880.png
[beacon] Saved seabird_dataset/beacon_debug/frame_032910.png
[beacon] Saved seabird_dataset/beacon_debug/frame_032940.png
[beacon] Saved seabird_dataset/beacon_debug/frame_032970.png
[beacon] Saved seabird_dataset/beacon_debug/frame_033000.png
[beacon] Saved seabird_dataset/beacon_debug/frame_033030.png
[beacon] Saved seabird_dataset/beacon_debug/frame_033060.png
[beacon] Saved seabird_dataset/beacon_debug/frame_033090.png
[beacon] Saved seabird_dataset/beacon_debug/frame_033120.png
[beacon] Saved seabird_dataset/beacon_debug/frame_033150.png
[beacon] Saved seabird_dataset/beacon_debug/frame_033180.png
[beacon] Saved seabird_dataset/beacon_debug/frame_033210.png
[beacon] Saved seabird_dataset/beacon_debug/frame_033240.png
[beacon] Saved seabird_dataset/beacon_debug/frame_033270.png
[beacon] Saved seabird_dataset/beacon_debug/frame_033300.png
[beacon] Saved seabird_dataset/beacon_debug/frame_033330.png
[beacon] Saved seabird_dataset/beacon_debug/frame_033360.png
[beacon] Saved seabird_dataset/beacon_debug/frame_033390.png
[beacon] Saved seabird_dataset/beacon_debug/frame_033420.png
[beacon] Saved seabird_dataset/beacon_debug/frame_033450.png
[beacon] Saved seabird_dataset/beacon_debug/frame_033480.png
[beacon] Saved seabird_dataset/beacon_debug/frame_033510.png
[beacon] Saved seabird_dataset/beacon_debug/frame_033540.png
[beacon] Saved seabird_dataset/beacon_debug/frame_033570.png
[beacon] Saved seabird_dataset/beacon_debug/frame_033600.png
[beacon] Saved seabird_dataset/beacon_debug/frame_033630.png
[beacon] Saved seabird_dataset/beacon_debug/frame_033660.png
[beacon] Saved seabird_dataset/beacon_debug/frame_033690.png
[beacon] Saved seabird_dataset/beacon_debug/frame_033720.png
[beacon] Saved seabird_dataset/beacon_debug/frame_033750.png
[beacon] Saved seabird_dataset/beacon_debug/frame_033780.png
[beacon] Saved seabird_dataset/beacon_debug/frame_033810.png
[beacon] Saved seabird_dataset/beacon_debug/frame_033840.png
[beacon] Saved seabird_dataset/beacon_debug/frame_033870.png
[beacon] Saved seabird_dataset/beacon_debug/frame_033900.png
[beacon] Saved seabird_dataset/beacon_debug/frame_033930.png
[beacon] Saved seabird_dataset/beacon_debug/frame_033960.png
[beacon] Saved seabird_dataset/beacon_debug/frame_033990.png
[beacon] Saved seabird_dataset/beacon_debug/frame_034020.png
[beacon] Saved seabird_dataset/beacon_debug/frame_034050.png
[beacon] Saved seabird_dataset/beacon_debug/frame_034080.png
[beacon] Saved seabird_dataset/beacon_debug/frame_034110.png
[beacon] Saved seabird_dataset/beacon_debug/frame_034140.png
[beacon] Saved seabird_dataset/beacon_debug/frame_034170.png
[beacon] Saved seabird_dataset/beacon_debug/frame_034200.png
[beacon] Saved seabird_dataset/beacon_debug/frame_034230.png
[beacon] Saved seabird_dataset/beacon_debug/frame_034260.png
[beacon] Saved seabird_dataset/beacon_debug/frame_034290.png
[beacon] Saved seabird_dataset/beacon_debug/frame_034320.png
[beacon] Saved seabird_dataset/beacon_debug/frame_034350.png
[beacon] Saved seabird_dataset/beacon_debug/frame_034380.png
[beacon] Saved seabird_dataset/beacon_debug/frame_034410.png
[beacon] Saved seabird_dataset/beacon_debug/frame_034440.png
[beacon] Saved seabird_dataset/beacon_debug/frame_034470.png
[beacon] Saved seabird_dataset/beacon_debug/frame_034500.png
[beacon] Saved seabird_dataset/beacon_debug/frame_034530.png
[beacon] Saved seabird_dataset/beacon_debug/frame_034560.png
[beacon] Saved seabird_dataset/beacon_debug/frame_034590.png
[beacon] Saved seabird_dataset/beacon_debug/frame_034620.png
[beacon] Saved seabird_dataset/beacon_debug/frame_034650.png
[beacon] Saved seabird_dataset/beacon_debug/frame_034680.png
[beacon] Saved seabird_dataset/beacon_debug/frame_034710.png
[beacon] Saved seabird_dataset/beacon_debug/frame_034740.png
[beacon] Saved seabird_dataset/beacon_debug/frame_034770.png
[beacon] Saved seabird_dataset/beacon_debug/frame_034800.png
[beacon] Saved seabird_dataset/beacon_debug/frame_034830.png
[beacon] Saved seabird_dataset/beacon_debug/frame_034860.png
[beacon] Saved seabird_dataset/beacon_debug/frame_034890.png
[beacon] Saved seabird_dataset/beacon_debug/frame_034920.png
[beacon] Saved seabird_dataset/beacon_debug/frame_034950.png
[beacon] Saved seabird_dataset/beacon_debug/frame_034980.png
[beacon] Saved seabird_dataset/beacon_debug/frame_035010.png
[beacon] Saved seabird_dataset/beacon_debug/frame_035040.png
[beacon] Saved seabird_dataset/beacon_debug/frame_035070.png
[beacon] Saved seabird_dataset/beacon_debug/frame_035100.png
[beacon] Saved seabird_dataset/beacon_debug/frame_035130.png
[beacon] Saved seabird_dataset/beacon_debug/frame_035160.png
[beacon] Saved seabird_dataset/beacon_debug/frame_035190.png
[beacon] Saved seabird_dataset/beacon_debug/frame_035220.png
[beacon] Saved seabird_dataset/beacon_debug/frame_035250.png
[beacon] Saved seabird_dataset/beacon_debug/frame_035280.png
[beacon] Saved seabird_dataset/beacon_debug/frame_035310.png
[beacon] Saved seabird_dataset/beacon_debug/frame_035340.png
[beacon] Saved seabird_dataset/beacon_debug/frame_035370.png
[beacon] Saved seabird_dataset/beacon_debug/frame_035400.png
[beacon] Saved seabird_dataset/beacon_debug/frame_035430.png
[beacon] Saved seabird_dataset/beacon_debug/frame_035460.png
[beacon] Saved seabird_dataset/beacon_debug/frame_035490.png
[beacon] Saved seabird_dataset/beacon_debug/frame_035520.png
[beacon] Saved seabird_dataset/beacon_debug/frame_035550.png
[beacon] Saved seabird_dataset/beacon_debug/frame_035580.png
[beacon] Saved seabird_dataset/beacon_debug/frame_035610.png
[beacon] Saved seabird_dataset/beacon_debug/frame_035640.png
[beacon] Saved seabird_dataset/beacon_debug/frame_035670.png
[beacon] Saved seabird_dataset/beacon_debug/frame_035700.png
[beacon] Saved seabird_dataset/beacon_debug/frame_035730.png
[beacon] Saved seabird_dataset/beacon_debug/frame_035760.png
[beacon] Saved seabird_dataset/beacon_debug/frame_035790.png
[beacon] Saved seabird_dataset/beacon_debug/frame_035820.png
[beacon] Saved seabird_dataset/beacon_debug/frame_035850.png
[beacon] Saved seabird_dataset/beacon_debug/frame_035880.png
[beacon] Saved seabird_dataset/beacon_debug/frame_035910.png
[beacon] Saved seabird_dataset/beacon_debug/frame_035940.png
[beacon] Saved seabird_dataset/beacon_debug/frame_035970.png
[beacon] Saved seabird_dataset/beacon_debug/frame_036000.png
[beacon] Saved seabird_dataset/beacon_debug/frame_036030.png
[beacon] Saved seabird_dataset/beacon_debug/frame_036060.png
[beacon] Saved seabird_dataset/beacon_debug/frame_036090.png
[beacon] Saved seabird_dataset/beacon_debug/frame_036120.png
[beacon] Saved seabird_dataset/beacon_debug/frame_036150.png
[beacon] Saved seabird_dataset/beacon_debug/frame_036180.png
[beacon] Saved seabird_dataset/beacon_debug/frame_036210.png
[beacon] Saved seabird_dataset/beacon_debug/frame_036240.png
[beacon] Saved seabird_dataset/beacon_debug/frame_036270.png
[beacon] Saved seabird_dataset/beacon_debug/frame_036300.png
[beacon] Saved seabird_dataset/beacon_debug/frame_036330.png
[beacon] Saved seabird_dataset/beacon_debug/frame_036360.png
[beacon] Saved seabird_dataset/beacon_debug/frame_036390.png
[beacon] Saved seabird_dataset/beacon_debug/frame_036420.png
[beacon] Saved seabird_dataset/beacon_debug/frame_036450.png
[beacon] Saved seabird_dataset/beacon_debug/frame_036480.png
[beacon] Saved seabird_dataset/beacon_debug/frame_036510.png
[beacon] Saved seabird_dataset/beacon_debug/frame_036540.png
[beacon] Saved seabird_dataset/beacon_debug/frame_036570.png
[beacon] Saved seabird_dataset/beacon_debug/frame_036600.png
[beacon] Saved seabird_dataset/beacon_debug/frame_036630.png
[beacon] Saved seabird_dataset/beacon_debug/frame_036660.png
[beacon] Saved seabird_dataset/beacon_debug/frame_036690.png
[beacon] Saved seabird_dataset/beacon_debug/frame_036720.png
[beacon] Saved seabird_dataset/beacon_debug/frame_036750.png
[beacon] Saved seabird_dataset/beacon_debug/frame_036780.png
[beacon] Saved seabird_dataset/beacon_debug/frame_036810.png
[beacon] Saved seabird_dataset/beacon_debug/frame_036840.png
[beacon] Saved seabird_dataset/beacon_debug/frame_036870.png
[beacon] Saved seabird_dataset/beacon_debug/frame_036900.png
[beacon] Saved seabird_dataset/beacon_debug/frame_036930.png
[beacon] Saved seabird_dataset/beacon_debug/frame_036960.png
[beacon] Saved seabird_dataset/beacon_debug/frame_036990.png
[beacon] Saved seabird_dataset/beacon_debug/frame_037020.png
[beacon] Saved seabird_dataset/beacon_debug/frame_037050.png
[beacon] Saved seabird_dataset/beacon_debug/frame_037080.png
[beacon] Saved seabird_dataset/beacon_debug/frame_037110.png
[beacon] Saved seabird_dataset/beacon_debug/frame_037140.png
[beacon] Saved seabird_dataset/beacon_debug/frame_037170.png
[beacon] Saved seabird_dataset/beacon_debug/frame_037200.png
[beacon] Saved seabird_dataset/beacon_debug/frame_037230.png
[beacon] Saved seabird_dataset/beacon_debug/frame_037260.png
[beacon] Saved seabird_dataset/beacon_debug/frame_037290.png
[beacon] Saved seabird_dataset/beacon_debug/frame_037320.png
[beacon] Saved seabird_dataset/beacon_debug/frame_037350.png
[beacon] Saved seabird_dataset/beacon_debug/frame_037380.png
[beacon] Saved seabird_dataset/beacon_debug/frame_037410.png
[beacon] Saved seabird_dataset/beacon_debug/frame_037440.png
[beacon] Saved seabird_dataset/beacon_debug/frame_037470.png
[beacon] Saved seabird_dataset/beacon_debug/frame_037500.png
[beacon] Saved seabird_dataset/beacon_debug/frame_037530.png
[beacon] Saved seabird_dataset/beacon_debug/frame_037560.png
[beacon] Saved seabird_dataset/beacon_debug/frame_037590.png
[beacon] Saved seabird_dataset/beacon_debug/frame_037620.png
[beacon] Saved seabird_dataset/beacon_debug/frame_037650.png
[beacon] Saved seabird_dataset/beacon_debug/frame_037680.png
[beacon] Saved seabird_dataset/beacon_debug/frame_037710.png
[beacon] Saved seabird_dataset/beacon_debug/frame_037740.png
[beacon] Saved seabird_dataset/beacon_debug/frame_037770.png
[beacon] Saved seabird_dataset/beacon_debug/frame_037800.png
[beacon] Saved seabird_dataset/beacon_debug/frame_037830.png
[beacon] Saved seabird_dataset/beacon_debug/frame_037860.png
[beacon] Saved seabird_dataset/beacon_debug/frame_037890.png
[beacon] Saved seabird_dataset/beacon_debug/frame_037920.png
[beacon] Saved seabird_dataset/beacon_debug/frame_037950.png
[beacon] Saved seabird_dataset/beacon_debug/frame_037980.png
[beacon] Saved seabird_dataset/beacon_debug/frame_038010.png
[beacon] Saved seabird_dataset/beacon_debug/frame_038040.png
[beacon] Saved seabird_dataset/beacon_debug/frame_038070.png
[beacon] Saved seabird_dataset/beacon_debug/frame_038100.png
[beacon] Saved seabird_dataset/beacon_debug/frame_038130.png
[beacon] Saved seabird_dataset/beacon_debug/frame_038160.png
[beacon] Saved seabird_dataset/beacon_debug/frame_038190.png
[beacon] Saved seabird_dataset/beacon_debug/frame_038220.png
[beacon] Saved seabird_dataset/beacon_debug/frame_038250.png
[beacon] Saved seabird_dataset/beacon_debug/frame_038280.png
[beacon] Saved seabird_dataset/beacon_debug/frame_038310.png
[beacon] Saved seabird_dataset/beacon_debug/frame_038340.png
[beacon] Saved seabird_dataset/beacon_debug/frame_038370.png
[beacon] Saved seabird_dataset/beacon_debug/frame_038400.png
[beacon] Saved seabird_dataset/beacon_debug/frame_038430.png
[beacon] Saved seabird_dataset/beacon_debug/frame_038460.png
[beacon] Saved seabird_dataset/beacon_debug/frame_038490.png
[beacon] Saved seabird_dataset/beacon_debug/frame_038520.png
[beacon] Saved seabird_dataset/beacon_debug/frame_038550.png
[beacon] Saved seabird_dataset/beacon_debug/frame_038580.png
[beacon] Saved seabird_dataset/beacon_debug/frame_038610.png
[beacon] Saved seabird_dataset/beacon_debug/frame_038640.png
[beacon] Saved seabird_dataset/beacon_debug/frame_038670.png
[beacon] Saved seabird_dataset/beacon_debug/frame_038700.png
[beacon] Saved seabird_dataset/beacon_debug/frame_038730.png
[beacon] Saved seabird_dataset/beacon_debug/frame_038760.png
[beacon] Saved seabird_dataset/beacon_debug/frame_038790.png
[beacon] Saved seabird_dataset/beacon_debug/frame_038820.png
[beacon] Saved seabird_dataset/beacon_debug/frame_038850.png
[beacon] Saved seabird_dataset/beacon_debug/frame_038880.png
[beacon] Saved seabird_dataset/beacon_debug/frame_038910.png
[beacon] Saved seabird_dataset/beacon_debug/frame_038940.png
[beacon] Saved seabird_dataset/beacon_debug/frame_038970.png
[beacon] Saved seabird_dataset/beacon_debug/frame_039000.png
[beacon] Saved seabird_dataset/beacon_debug/frame_039030.png
[beacon] Saved seabird_dataset/beacon_debug/frame_039060.png
[beacon] Saved seabird_dataset/beacon_debug/frame_039090.png
[beacon] Saved seabird_dataset/beacon_debug/frame_039120.png
[beacon] Saved seabird_dataset/beacon_debug/frame_039150.png
[beacon] Saved seabird_dataset/beacon_debug/frame_039180.png
[beacon] Saved seabird_dataset/beacon_debug/frame_039210.png
[beacon] Saved seabird_dataset/beacon_debug/frame_039240.png
[beacon] Saved seabird_dataset/beacon_debug/frame_039270.png
[beacon] Saved seabird_dataset/beacon_debug/frame_039300.png
[beacon] Saved seabird_dataset/beacon_debug/frame_039330.png
[beacon] Saved seabird_dataset/beacon_debug/frame_039360.png
[beacon] Saved seabird_dataset/beacon_debug/frame_039390.png
[beacon] Saved seabird_dataset/beacon_debug/frame_039420.png
[beacon] Saved seabird_dataset/beacon_debug/frame_039450.png
[beacon] Saved seabird_dataset/beacon_debug/frame_039480.png
[beacon] Saved seabird_dataset/beacon_debug/frame_039510.png
[beacon] Saved seabird_dataset/beacon_debug/frame_039540.png
[beacon] Saved seabird_dataset/beacon_debug/frame_039570.png
[beacon] Saved seabird_dataset/beacon_debug/frame_039600.png
[beacon] Saved seabird_dataset/beacon_debug/frame_039630.png
[beacon] Saved seabird_dataset/beacon_debug/frame_039660.png
[beacon] Saved seabird_dataset/beacon_debug/frame_039690.png
[beacon] Saved seabird_dataset/beacon_debug/frame_039720.png
[beacon] Saved seabird_dataset/beacon_debug/frame_039750.png
[beacon] Saved seabird_dataset/beacon_debug/frame_039780.png
[beacon] Saved seabird_dataset/beacon_debug/frame_039810.png
[beacon] Saved seabird_dataset/beacon_debug/frame_039840.png
[beacon] Saved seabird_dataset/beacon_debug/frame_039870.png
[beacon] Saved seabird_dataset/beacon_debug/frame_039900.png
[beacon] Saved seabird_dataset/beacon_debug/frame_039930.png
[beacon] Saved seabird_dataset/beacon_debug/frame_039960.png
[beacon] Saved seabird_dataset/beacon_debug/frame_039990.png
[beacon] Saved seabird_dataset/beacon_debug/frame_040020.png
[beacon] Saved seabird_dataset/beacon_debug/frame_040050.png
[beacon] Saved seabird_dataset/beacon_debug/frame_040080.png
[beacon] Saved seabird_dataset/beacon_debug/frame_040110.png
[beacon] Saved seabird_dataset/beacon_debug/frame_040140.png
[beacon] Saved seabird_dataset/beacon_debug/frame_040170.png
[beacon] Saved seabird_dataset/beacon_debug/frame_040200.png
[beacon] Saved seabird_dataset/beacon_debug/frame_040230.png
[beacon] Saved seabird_dataset/beacon_debug/frame_040260.png
[beacon] Saved seabird_dataset/beacon_debug/frame_040290.png
[beacon] Saved seabird_dataset/beacon_debug/frame_040320.png
[beacon] Saved seabird_dataset/beacon_debug/frame_040350.png
[beacon] Saved seabird_dataset/beacon_debug/frame_040380.png
[beacon] Saved seabird_dataset/beacon_debug/frame_040410.png
[beacon] Saved seabird_dataset/beacon_debug/frame_040440.png
[beacon] Saved seabird_dataset/beacon_debug/frame_040470.png
[beacon] Saved seabird_dataset/beacon_debug/frame_040500.png
[beacon] Saved seabird_dataset/beacon_debug/frame_040530.png
[beacon] Saved seabird_dataset/beacon_debug/frame_040560.png
[beacon] Saved seabird_dataset/beacon_debug/frame_040590.png
[beacon] Saved seabird_dataset/beacon_debug/frame_040620.png
[beacon] Saved seabird_dataset/beacon_debug/frame_040650.png
[beacon] Saved seabird_dataset/beacon_debug/frame_040680.png
[beacon] Saved seabird_dataset/beacon_debug/frame_040710.png
[beacon] Saved seabird_dataset/beacon_debug/frame_040740.png
[beacon] Saved seabird_dataset/beacon_debug/frame_040770.png
[beacon] Saved seabird_dataset/beacon_debug/frame_040800.png
[beacon] Saved seabird_dataset/beacon_debug/frame_040830.png
[beacon] Saved seabird_dataset/beacon_debug/frame_040860.png
[beacon] Saved seabird_dataset/beacon_debug/frame_040890.png
[beacon] Saved seabird_dataset/beacon_debug/frame_040920.png
[beacon] Saved seabird_dataset/beacon_debug/frame_040950.png
[beacon] Saved seabird_dataset/beacon_debug/frame_040980.png
[beacon] Saved seabird_dataset/beacon_debug/frame_041010.png
[beacon] Saved seabird_dataset/beacon_debug/frame_041040.png
[beacon] Saved seabird_dataset/beacon_debug/frame_041070.png
[beacon] Saved seabird_dataset/beacon_debug/frame_041100.png
[beacon] Saved seabird_dataset/beacon_debug/frame_041130.png
[beacon] Saved seabird_dataset/beacon_debug/frame_041160.png
[beacon] Saved seabird_dataset/beacon_debug/frame_041190.png
[beacon] Saved seabird_dataset/beacon_debug/frame_041220.png
[beacon] Saved seabird_dataset/beacon_debug/frame_041250.png
[beacon] Saved seabird_dataset/beacon_debug/frame_041280.png
[beacon] Saved seabird_dataset/beacon_debug/frame_041310.png
[beacon] Saved seabird_dataset/beacon_debug/frame_041340.png
[beacon] Saved seabird_dataset/beacon_debug/frame_041370.png
[beacon] Saved seabird_dataset/beacon_debug/frame_041400.png
[beacon] Saved seabird_dataset/beacon_debug/frame_041430.png
[beacon] Saved seabird_dataset/beacon_debug/frame_041460.png
[beacon] Saved seabird_dataset/beacon_debug/frame_041490.png
[beacon] Saved seabird_dataset/beacon_debug/frame_041520.png
[beacon] Saved seabird_dataset/beacon_debug/frame_041550.png
[beacon] Saved seabird_dataset/beacon_debug/frame_041580.png
[beacon] Saved seabird_dataset/beacon_debug/frame_041610.png
[beacon] Saved seabird_dataset/beacon_debug/frame_041640.png
[beacon] Saved seabird_dataset/beacon_debug/frame_041670.png
[beacon] Saved seabird_dataset/beacon_debug/frame_041700.png
[beacon] Saved seabird_dataset/beacon_debug/frame_041730.png
[beacon] Saved seabird_dataset/beacon_debug/frame_041760.png
[beacon] Saved seabird_dataset/beacon_debug/frame_041790.png
[beacon] Saved seabird_dataset/beacon_debug/frame_041820.png
[beacon] Saved seabird_dataset/beacon_debug/frame_041850.png
[beacon] Saved seabird_dataset/beacon_debug/frame_041880.png
[beacon] Saved seabird_dataset/beacon_debug/frame_041910.png
[beacon] Saved seabird_dataset/beacon_debug/frame_041940.png
[beacon] Saved seabird_dataset/beacon_debug/frame_041970.png
[beacon] Saved seabird_dataset/beacon_debug/frame_042000.png
[beacon] Saved seabird_dataset/beacon_debug/frame_042030.png
[beacon] Saved seabird_dataset/beacon_debug/frame_042060.png
[beacon] Saved seabird_dataset/beacon_debug/frame_042090.png
[beacon] Saved seabird_dataset/beacon_debug/frame_042120.png
[beacon] Saved seabird_dataset/beacon_debug/frame_042150.png
[beacon] Saved seabird_dataset/beacon_debug/frame_042180.png
[beacon] Saved seabird_dataset/beacon_debug/frame_042210.png
[beacon] Saved seabird_dataset/beacon_debug/frame_042240.png
[beacon] Saved seabird_dataset/beacon_debug/frame_042270.png
[beacon] Saved seabird_dataset/beacon_debug/frame_042300.png
[beacon] Saved seabird_dataset/beacon_debug/frame_042330.png
[beacon] Saved seabird_dataset/beacon_debug/frame_042360.png
[beacon] Saved seabird_dataset/beacon_debug/frame_042390.png
[beacon] Saved seabird_dataset/beacon_debug/frame_042420.png
[beacon] Saved seabird_dataset/beacon_debug/frame_042450.png
[beacon] Saved seabird_dataset/beacon_debug/frame_042480.png
[beacon] Saved seabird_dataset/beacon_debug/frame_042510.png
[beacon] Saved seabird_dataset/beacon_debug/frame_042540.png
[beacon] Saved seabird_dataset/beacon_debug/frame_042570.png
[beacon] Saved seabird_dataset/beacon_debug/frame_042600.png
[beacon] Saved seabird_dataset/beacon_debug/frame_042630.png
[beacon] Saved seabird_dataset/beacon_debug/frame_042660.png
[beacon] Saved seabird_dataset/beacon_debug/frame_042690.png
[beacon] Saved seabird_dataset/beacon_debug/frame_042720.png
[beacon] Saved seabird_dataset/beacon_debug/frame_042750.png
[beacon] Saved seabird_dataset/beacon_debug/frame_042780.png
[beacon] Saved seabird_dataset/beacon_debug/frame_042810.png
[beacon] Saved seabird_dataset/beacon_debug/frame_042840.png
[beacon] Saved seabird_dataset/beacon_debug/frame_042870.png
[beacon] Saved seabird_dataset/beacon_debug/frame_042900.png
[beacon] Saved seabird_dataset/beacon_debug/frame_042930.png
[beacon] Saved seabird_dataset/beacon_debug/frame_042960.png
[beacon] Saved seabird_dataset/beacon_debug/frame_042990.png
[beacon] Saved seabird_dataset/beacon_debug/frame_043020.png
[beacon] Saved seabird_dataset/beacon_debug/frame_043050.png
[beacon] Saved seabird_dataset/beacon_debug/frame_043080.png
[beacon] Saved seabird_dataset/beacon_debug/frame_043110.png
[beacon] Saved seabird_dataset/beacon_debug/frame_043140.png
[beacon] Saved seabird_dataset/beacon_debug/frame_043170.png
[beacon] Saved seabird_dataset/beacon_debug/frame_043200.png
[beacon] Saved seabird_dataset/beacon_debug/frame_043230.png
[beacon] Saved seabird_dataset/beacon_debug/frame_043260.png
[beacon] Saved seabird_dataset/beacon_debug/frame_043290.png
[beacon] Saved seabird_dataset/beacon_debug/frame_043320.png
[beacon] Saved seabird_dataset/beacon_debug/frame_043350.png
[beacon] Saved seabird_dataset/beacon_debug/frame_043380.png
[beacon] Saved seabird_dataset/beacon_debug/frame_043410.png
[beacon] Saved seabird_dataset/beacon_debug/frame_043440.png
[beacon] Saved seabird_dataset/beacon_debug/frame_043470.png
[beacon] Saved seabird_dataset/beacon_debug/frame_043500.png
[beacon] Saved seabird_dataset/beacon_debug/frame_043530.png
[beacon] Saved seabird_dataset/beacon_debug/frame_043560.png
[beacon] Saved seabird_dataset/beacon_debug/frame_043590.png
[beacon] Saved seabird_dataset/beacon_debug/frame_043620.png
[beacon] Saved seabird_dataset/beacon_debug/frame_043650.png
[beacon] Saved seabird_dataset/beacon_debug/frame_043680.png
[beacon] Saved seabird_dataset/beacon_debug/frame_043710.png
[beacon] Saved seabird_dataset/beacon_debug/frame_043740.png
[beacon] Saved seabird_dataset/beacon_debug/frame_043770.png
[beacon] Saved seabird_dataset/beacon_debug/frame_043800.png
[beacon] Saved seabird_dataset/beacon_debug/frame_043830.png
[beacon] Saved seabird_dataset/beacon_debug/frame_043860.png
[beacon] Saved seabird_dataset/beacon_debug/frame_043890.png
[beacon] Saved seabird_dataset/beacon_debug/frame_043920.png
[beacon] Saved seabird_dataset/beacon_debug/frame_043950.png
[beacon] Saved seabird_dataset/beacon_debug/frame_043980.png
[beacon] Saved seabird_dataset/beacon_debug/frame_044010.png
[beacon] Saved seabird_dataset/beacon_debug/frame_044040.png
[beacon] Saved seabird_dataset/beacon_debug/frame_044070.png
[beacon] Saved seabird_dataset/beacon_debug/frame_044100.png
[beacon] Saved seabird_dataset/beacon_debug/frame_044130.png
[beacon] Saved seabird_dataset/beacon_debug/frame_044160.png
[beacon] Saved seabird_dataset/beacon_debug/frame_044190.png
[beacon] Saved seabird_dataset/beacon_debug/frame_044220.png
[beacon] Saved seabird_dataset/beacon_debug/frame_044250.png
[beacon] Saved seabird_dataset/beacon_debug/frame_044280.png
[beacon] Saved seabird_dataset/beacon_debug/frame_044310.png
[beacon] Saved seabird_dataset/beacon_debug/frame_044340.png
[beacon] Saved seabird_dataset/beacon_debug/frame_044370.png
[beacon] Saved seabird_dataset/beacon_debug/frame_044400.png
[beacon] Saved seabird_dataset/beacon_debug/frame_044430.png
[beacon] Saved seabird_dataset/beacon_debug/frame_044460.png
[beacon] Saved seabird_dataset/beacon_debug/frame_044490.png
[beacon] Saved seabird_dataset/beacon_debug/frame_044520.png
[beacon] Saved seabird_dataset/beacon_debug/frame_044550.png
[beacon] Saved seabird_dataset/beacon_debug/frame_044580.png
[beacon] Saved seabird_dataset/beacon_debug/frame_044610.png
[beacon] Saved seabird_dataset/beacon_debug/frame_044640.png
[beacon] Saved seabird_dataset/beacon_debug/frame_044670.png
[beacon] Saved seabird_dataset/beacon_debug/frame_044700.png
[beacon] Saved seabird_dataset/beacon_debug/frame_044730.png
[beacon] Saved seabird_dataset/beacon_debug/frame_044760.png
[beacon] Saved seabird_dataset/beacon_debug/frame_044790.png
[beacon] Saved seabird_dataset/beacon_debug/frame_044820.png
[beacon] Saved seabird_dataset/beacon_debug/frame_044850.png
[beacon] Saved seabird_dataset/beacon_debug/frame_044880.png
[beacon] Saved seabird_dataset/beacon_debug/frame_044910.png
[beacon] Saved seabird_dataset/beacon_debug/frame_044940.png
[beacon] Saved seabird_dataset/beacon_debug/frame_044970.png
[beacon] Saved seabird_dataset/beacon_debug/frame_045000.png
[beacon] Saved seabird_dataset/beacon_debug/frame_045030.png
[beacon] Saved seabird_dataset/beacon_debug/frame_045060.png
[beacon] Saved seabird_dataset/beacon_debug/frame_045090.png
[beacon] Saved seabird_dataset/beacon_debug/frame_045120.png
[beacon] Saved seabird_dataset/beacon_debug/frame_045150.png
[beacon] Saved seabird_dataset/beacon_debug/frame_045180.png
[beacon] Saved seabird_dataset/beacon_debug/frame_045210.png
[beacon] Saved seabird_dataset/beacon_debug/frame_045240.png
[beacon] Saved seabird_dataset/beacon_debug/frame_045270.png
[beacon] Saved seabird_dataset/beacon_debug/frame_045300.png
[beacon] Saved seabird_dataset/beacon_debug/frame_045330.png
[beacon] Saved seabird_dataset/beacon_debug/frame_045360.png
[beacon] Saved seabird_dataset/beacon_debug/frame_045390.png
[beacon] Saved seabird_dataset/beacon_debug/frame_045420.png
[beacon] Saved seabird_dataset/beacon_debug/frame_045450.png
[beacon] Saved seabird_dataset/beacon_debug/frame_045480.png
[beacon] Saved seabird_dataset/beacon_debug/frame_045510.png
[beacon] Saved seabird_dataset/beacon_debug/frame_045540.png
[beacon] Saved seabird_dataset/beacon_debug/frame_045570.png
[beacon] Saved seabird_dataset/beacon_debug/frame_045600.png
[beacon] Saved seabird_dataset/beacon_debug/frame_045630.png
[beacon] Saved seabird_dataset/beacon_debug/frame_045660.png
[beacon] Saved seabird_dataset/beacon_debug/frame_045690.png
[beacon] Saved seabird_dataset/beacon_debug/frame_045720.png
[beacon] Saved seabird_dataset/beacon_debug/frame_045750.png
[beacon] Saved seabird_dataset/beacon_debug/frame_045780.png
[beacon] Saved seabird_dataset/beacon_debug/frame_045810.png
[beacon] Saved seabird_dataset/beacon_debug/frame_045840.png
[beacon] Saved seabird_dataset/beacon_debug/frame_045870.png
[beacon] Saved seabird_dataset/beacon_debug/frame_045900.png
[beacon] Saved seabird_dataset/beacon_debug/frame_045930.png
[beacon] Saved seabird_dataset/beacon_debug/frame_045960.png
[beacon] Saved seabird_dataset/beacon_debug/frame_045990.png
[beacon] Saved seabird_dataset/beacon_debug/frame_046020.png
[beacon] Saved seabird_dataset/beacon_debug/frame_046050.png
[beacon] Saved seabird_dataset/beacon_debug/frame_046080.png
[beacon] Saved seabird_dataset/beacon_debug/frame_046110.png
[beacon] Saved seabird_dataset/beacon_debug/frame_046140.png
[beacon] Saved seabird_dataset/beacon_debug/frame_046170.png
[beacon] Saved seabird_dataset/beacon_debug/frame_046200.png
[beacon] Saved seabird_dataset/beacon_debug/frame_046230.png
[beacon] Saved seabird_dataset/beacon_debug/frame_046260.png
[beacon] Saved seabird_dataset/beacon_debug/frame_046290.png
[beacon] Saved seabird_dataset/beacon_debug/frame_046320.png
[beacon] Saved seabird_dataset/beacon_debug/frame_046350.png
[beacon] Saved seabird_dataset/beacon_debug/frame_046380.png
[beacon] Saved seabird_dataset/beacon_debug/frame_046410.png
[beacon] Saved seabird_dataset/beacon_debug/frame_046440.png
[beacon] Saved seabird_dataset/beacon_debug/frame_046470.png
[beacon] Saved seabird_dataset/beacon_debug/frame_046500.png
[beacon] Saved seabird_dataset/beacon_debug/frame_046530.png
[beacon] Saved seabird_dataset/beacon_debug/frame_046560.png
[beacon] Saved seabird_dataset/beacon_debug/frame_046590.png
[beacon] Saved seabird_dataset/beacon_debug/frame_046620.png
[beacon] Saved seabird_dataset/beacon_debug/frame_046650.png
[beacon] Saved seabird_dataset/beacon_debug/frame_046680.png
[beacon] Saved seabird_dataset/beacon_debug/frame_046710.png
[beacon] Saved seabird_dataset/beacon_debug/frame_046740.png
[beacon] Saved seabird_dataset/beacon_debug/frame_046770.png
[beacon] Saved seabird_dataset/beacon_debug/frame_046800.png
[beacon] Saved seabird_dataset/beacon_debug/frame_046830.png
[beacon] Saved seabird_dataset/beacon_debug/frame_046860.png
[beacon] Saved seabird_dataset/beacon_debug/frame_046890.png
[beacon] Saved seabird_dataset/beacon_debug/frame_046920.png
[beacon] Saved seabird_dataset/beacon_debug/frame_046950.png
[beacon] Saved seabird_dataset/beacon_debug/frame_046980.png
[beacon] Saved seabird_dataset/beacon_debug/frame_047010.png
[beacon] Saved seabird_dataset/beacon_debug/frame_047040.png
[beacon] Saved seabird_dataset/beacon_debug/frame_047070.png
[beacon] Saved seabird_dataset/beacon_debug/frame_047100.png
[beacon] Saved seabird_dataset/beacon_debug/frame_047130.png
[beacon] Saved seabird_dataset/beacon_debug/frame_047160.png
[beacon] Saved seabird_dataset/beacon_debug/frame_047190.png
[beacon] Saved seabird_dataset/beacon_debug/frame_047220.png
[beacon] Saved seabird_dataset/beacon_debug/frame_047250.png
[beacon] Saved seabird_dataset/beacon_debug/frame_047280.png
[beacon] Saved seabird_dataset/beacon_debug/frame_047310.png
[beacon] Saved seabird_dataset/beacon_debug/frame_047340.png
[beacon] Saved seabird_dataset/beacon_debug/frame_047370.png
[beacon] Saved seabird_dataset/beacon_debug/frame_047400.png
[beacon] Saved seabird_dataset/beacon_debug/frame_047430.png
[beacon] Saved seabird_dataset/beacon_debug/frame_047460.png
[beacon] Saved seabird_dataset/beacon_debug/frame_047490.png
[beacon] Saved seabird_dataset/beacon_debug/frame_047520.png
[beacon] Saved seabird_dataset/beacon_debug/frame_047550.png
[beacon] Saved seabird_dataset/beacon_debug/frame_047580.png
[beacon] Saved seabird_dataset/beacon_debug/frame_047610.png
[beacon] Saved seabird_dataset/beacon_debug/frame_047640.png
[beacon] Saved seabird_dataset/beacon_debug/frame_047670.png
[beacon] Saved seabird_dataset/beacon_debug/frame_047700.png
[beacon] Saved seabird_dataset/beacon_debug/frame_047730.png
[beacon] Saved seabird_dataset/beacon_debug/frame_047760.png
[beacon] Saved seabird_dataset/beacon_debug/frame_047790.png
[beacon] Saved seabird_dataset/beacon_debug/frame_047820.png
[beacon] Saved seabird_dataset/beacon_debug/frame_047850.png
[beacon] Saved seabird_dataset/beacon_debug/frame_047880.png
[beacon] Saved seabird_dataset/beacon_debug/frame_047910.png
[beacon] Saved seabird_dataset/beacon_debug/frame_047940.png
[beacon] Saved seabird_dataset/beacon_debug/frame_047970.png
[beacon] Saved seabird_dataset/beacon_debug/frame_048000.png
[beacon] Saved seabird_dataset/beacon_debug/frame_048030.png
[beacon] Saved seabird_dataset/beacon_debug/frame_048060.png
[beacon] Saved seabird_dataset/beacon_debug/frame_048090.png
[beacon] Saved seabird_dataset/beacon_debug/frame_048120.png
[beacon] Saved seabird_dataset/beacon_debug/frame_048150.png
[beacon] Saved seabird_dataset/beacon_debug/frame_048180.png
[beacon] Saved seabird_dataset/beacon_debug/frame_048210.png
[beacon] Saved seabird_dataset/beacon_debug/frame_048240.png
[beacon] Saved seabird_dataset/beacon_debug/frame_048270.png
[beacon] Saved seabird_dataset/beacon_debug/frame_048300.png
[beacon] Saved seabird_dataset/beacon_debug/frame_048330.png
[beacon] Saved seabird_dataset/beacon_debug/frame_048360.png
[beacon] Saved seabird_dataset/beacon_debug/frame_048390.png
[beacon] Saved seabird_dataset/beacon_debug/frame_048420.png
[beacon] Saved seabird_dataset/beacon_debug/frame_048450.png
[beacon] Saved seabird_dataset/beacon_debug/frame_048480.png
[beacon] Saved seabird_dataset/beacon_debug/frame_048510.png
[beacon] Saved seabird_dataset/beacon_debug/frame_048540.png
[beacon] Saved seabird_dataset/beacon_debug/frame_048570.png
[beacon] Saved seabird_dataset/beacon_debug/frame_048600.png
[beacon] Saved seabird_dataset/beacon_debug/frame_048630.png
[beacon] Saved seabird_dataset/beacon_debug/frame_048660.png
[beacon] Saved seabird_dataset/beacon_debug/frame_048690.png
[beacon] Saved seabird_dataset/beacon_debug/frame_048720.png
[beacon] Saved seabird_dataset/beacon_debug/frame_048750.png
[beacon] Saved seabird_dataset/beacon_debug/frame_048780.png
[beacon] Saved seabird_dataset/beacon_debug/frame_048810.png
[beacon] Saved seabird_dataset/beacon_debug/frame_048840.png
[beacon] Saved seabird_dataset/beacon_debug/frame_048870.png
[beacon] Saved seabird_dataset/beacon_debug/frame_048900.png
[beacon] Saved seabird_dataset/beacon_debug/frame_048930.png
[beacon] Saved seabird_dataset/beacon_debug/frame_048960.png
[beacon] Saved seabird_dataset/beacon_debug/frame_048990.png
[beacon] Saved seabird_dataset/beacon_debug/frame_049020.png
[beacon] Saved seabird_dataset/beacon_debug/frame_049050.png
[beacon] Saved seabird_dataset/beacon_debug/frame_049080.png
[beacon] Saved seabird_dataset/beacon_debug/frame_049110.png
[beacon] Saved seabird_dataset/beacon_debug/frame_049140.png
[beacon] Saved seabird_dataset/beacon_debug/frame_049170.png
[beacon] Saved seabird_dataset/beacon_debug/frame_049200.png
[beacon] Saved seabird_dataset/beacon_debug/frame_049230.png
[beacon] Saved seabird_dataset/beacon_debug/frame_049260.png
[beacon] Saved seabird_dataset/beacon_debug/frame_049290.png
[beacon] Saved seabird_dataset/beacon_debug/frame_049320.png
[beacon] Saved seabird_dataset/beacon_debug/frame_049350.png
[beacon] Saved seabird_dataset/beacon_debug/frame_049380.png
[beacon] Saved seabird_dataset/beacon_debug/frame_049410.png
[beacon] Saved seabird_dataset/beacon_debug/frame_049440.png
[beacon] Saved seabird_dataset/beacon_debug/frame_049470.png
[beacon] Saved seabird_dataset/beacon_debug/frame_049500.png
[beacon] Saved seabird_dataset/beacon_debug/frame_049530.png
[beacon] Saved seabird_dataset/beacon_debug/frame_049560.png
[beacon] Saved seabird_dataset/beacon_debug/frame_049590.png
[beacon] Saved seabird_dataset/beacon_debug/frame_049620.png
[beacon] Saved seabird_dataset/beacon_debug/frame_049650.png
[beacon] Saved seabird_dataset/beacon_debug/frame_049680.png
[beacon] Saved seabird_dataset/beacon_debug/frame_049710.png
[beacon] Saved seabird_dataset/beacon_debug/frame_049740.png
[beacon] Saved seabird_dataset/beacon_debug/frame_049770.png
[beacon] Saved seabird_dataset/beacon_debug/frame_049800.png
[beacon] Saved seabird_dataset/beacon_debug/frame_049830.png
[beacon] Saved seabird_dataset/beacon_debug/frame_049860.png
[beacon] Saved seabird_dataset/beacon_debug/frame_049890.png
[beacon] Saved seabird_dataset/beacon_debug/frame_049920.png
[beacon] Saved seabird_dataset/beacon_debug/frame_049950.png
[beacon] Saved seabird_dataset/beacon_debug/frame_049980.png
[beacon] Saved seabird_dataset/beacon_debug/frame_050010.png
[beacon] Saved seabird_dataset/beacon_debug/frame_050040.png
[beacon] Saved seabird_dataset/beacon_debug/frame_050070.png
[beacon] Saved seabird_dataset/beacon_debug/frame_050100.png
[beacon] Saved seabird_dataset/beacon_debug/frame_050130.png
[beacon] Saved seabird_dataset/beacon_debug/frame_050160.png
[beacon] Saved seabird_dataset/beacon_debug/frame_050190.png
[beacon] Saved seabird_dataset/beacon_debug/frame_050220.png
[beacon] Saved seabird_dataset/beacon_debug/frame_050250.png
[beacon] Saved seabird_dataset/beacon_debug/frame_050280.png
[beacon] Saved seabird_dataset/beacon_debug/frame_050310.png
[beacon] Saved seabird_dataset/beacon_debug/frame_050340.png
[beacon] Saved seabird_dataset/beacon_debug/frame_050370.png
[beacon] Saved seabird_dataset/beacon_debug/frame_050400.png
[beacon] Saved seabird_dataset/beacon_debug/frame_050430.png
[beacon] Saved seabird_dataset/beacon_debug/frame_050460.png
[beacon] Saved seabird_dataset/beacon_debug/frame_050490.png
[beacon] Saved seabird_dataset/beacon_debug/frame_050520.png
[beacon] Saved seabird_dataset/beacon_debug/frame_050550.png
[beacon] Saved seabird_dataset/beacon_debug/frame_050580.png
[beacon] Saved seabird_dataset/beacon_debug/frame_050610.png
[beacon] Saved seabird_dataset/beacon_debug/frame_050640.png
[beacon] Saved seabird_dataset/beacon_debug/frame_050670.png
[beacon] Saved seabird_dataset/beacon_debug/frame_050700.png
[beacon] Saved seabird_dataset/beacon_debug/frame_050730.png
[beacon] Saved seabird_dataset/beacon_debug/frame_050760.png
[beacon] Saved seabird_dataset/beacon_debug/frame_050790.png
[beacon] Saved seabird_dataset/beacon_debug/frame_050820.png
[beacon] Saved seabird_dataset/beacon_debug/frame_050850.png
[beacon] Saved seabird_dataset/beacon_debug/frame_050880.png
[beacon] Saved seabird_dataset/beacon_debug/frame_050910.png
[beacon] Saved seabird_dataset/beacon_debug/frame_050940.png
[beacon] Saved seabird_dataset/beacon_debug/frame_050970.png
[beacon] Saved seabird_dataset/beacon_debug/frame_051000.png
[beacon] Saved seabird_dataset/beacon_debug/frame_051030.png
[beacon] Saved seabird_dataset/beacon_debug/frame_051060.png
[beacon] Saved seabird_dataset/beacon_debug/frame_051090.png
[beacon] Saved seabird_dataset/beacon_debug/frame_051120.png
[beacon] Saved seabird_dataset/beacon_debug/frame_051150.png
[beacon] Saved seabird_dataset/beacon_debug/frame_051180.png
[beacon] Saved seabird_dataset/beacon_debug/frame_051210.png
[beacon] Saved seabird_dataset/beacon_debug/frame_051240.png
[beacon] Saved seabird_dataset/beacon_debug/frame_051270.png
[beacon] Saved seabird_dataset/beacon_debug/frame_051300.png
[beacon] Saved seabird_dataset/beacon_debug/frame_051330.png
[beacon] Saved seabird_dataset/beacon_debug/frame_051360.png
[beacon] Saved seabird_dataset/beacon_debug/frame_051390.png
[beacon] Saved seabird_dataset/beacon_debug/frame_051420.png
[beacon] Saved seabird_dataset/beacon_debug/frame_051450.png
[beacon] Saved seabird_dataset/beacon_debug/frame_051480.png
[beacon] Saved seabird_dataset/beacon_debug/frame_051510.png
[beacon] Saved seabird_dataset/beacon_debug/frame_051540.png
[beacon] Saved seabird_dataset/beacon_debug/frame_051570.png
[beacon] Saved seabird_dataset/beacon_debug/frame_051600.png
[beacon] Saved seabird_dataset/beacon_debug/frame_051630.png
[beacon] Saved seabird_dataset/beacon_debug/frame_051660.png
[beacon] Saved seabird_dataset/beacon_debug/frame_051690.png
[beacon] Saved seabird_dataset/beacon_debug/frame_051720.png
[beacon] Saved seabird_dataset/beacon_debug/frame_051750.png
[beacon] Saved seabird_dataset/beacon_debug/frame_051780.png
[beacon] Saved seabird_dataset/beacon_debug/frame_051810.png
[beacon] Saved seabird_dataset/beacon_debug/frame_051840.png
[beacon] Saved seabird_dataset/beacon_debug/frame_051870.png
[beacon] Saved seabird_dataset/beacon_debug/frame_051900.png
[beacon] Saved seabird_dataset/beacon_debug/frame_051930.png
[beacon] Saved seabird_dataset/beacon_debug/frame_051960.png
[beacon] Saved seabird_dataset/beacon_debug/frame_051990.png
[beacon] Saved seabird_dataset/beacon_debug/frame_052020.png
[beacon] Saved seabird_dataset/beacon_debug/frame_052050.png
[beacon] Saved seabird_dataset/beacon_debug/frame_052080.png
[beacon] Saved seabird_dataset/beacon_debug/frame_052110.png
[beacon] Saved seabird_dataset/beacon_debug/frame_052140.png
[beacon] Saved seabird_dataset/beacon_debug/frame_052170.png
[beacon] Saved seabird_dataset/beacon_debug/frame_052200.png
[beacon] Saved seabird_dataset/beacon_debug/frame_052230.png
[beacon] Saved seabird_dataset/beacon_debug/frame_052260.png
[beacon] Saved seabird_dataset/beacon_debug/frame_052290.png
[beacon] Saved seabird_dataset/beacon_debug/frame_052320.png
[beacon] Saved seabird_dataset/beacon_debug/frame_052350.png
[beacon] Saved seabird_dataset/beacon_debug/frame_052380.png
[beacon] Saved seabird_dataset/beacon_debug/frame_052410.png
[beacon] Saved seabird_dataset/beacon_debug/frame_052440.png
[beacon] Saved seabird_dataset/beacon_debug/frame_052470.png
[beacon] Saved seabird_dataset/beacon_debug/frame_052500.png
[beacon] Saved seabird_dataset/beacon_debug/frame_052530.png
[beacon] Saved seabird_dataset/beacon_debug/frame_052560.png
[beacon] Saved seabird_dataset/beacon_debug/frame_052590.png
[beacon] Saved seabird_dataset/beacon_debug/frame_052620.png
[beacon] Saved seabird_dataset/beacon_debug/frame_052650.png
[beacon] Saved seabird_dataset/beacon_debug/frame_052680.png
[beacon] Saved seabird_dataset/beacon_debug/frame_052710.png
[beacon] Saved seabird_dataset/beacon_debug/frame_052740.png
[beacon] Saved seabird_dataset/beacon_debug/frame_052770.png
[beacon] Saved seabird_dataset/beacon_debug/frame_052800.png
[beacon] Saved seabird_dataset/beacon_debug/frame_052830.png
[beacon] Saved seabird_dataset/beacon_debug/frame_052860.png
[beacon] Saved seabird_dataset/beacon_debug/frame_052890.png
[beacon] Saved seabird_dataset/beacon_debug/frame_052920.png
[beacon] Saved seabird_dataset/beacon_debug/frame_052950.png
[beacon] Saved seabird_dataset/beacon_debug/frame_052980.png
[beacon] Saved seabird_dataset/beacon_debug/frame_053010.png
[beacon] Saved seabird_dataset/beacon_debug/frame_053040.png
[beacon] Saved seabird_dataset/beacon_debug/frame_053070.png
[beacon] Saved seabird_dataset/beacon_debug/frame_053100.png
[beacon] Saved seabird_dataset/beacon_debug/frame_053130.png
[beacon] Saved seabird_dataset/beacon_debug/frame_053160.png
[beacon] Saved seabird_dataset/beacon_debug/frame_053190.png
[beacon] Saved seabird_dataset/beacon_debug/frame_053220.png
[beacon] Saved seabird_dataset/beacon_debug/frame_053250.png
[beacon] Saved seabird_dataset/beacon_debug/frame_053280.png
[beacon] Saved seabird_dataset/beacon_debug/frame_053310.png
[beacon] Saved seabird_dataset/beacon_debug/frame_053340.png
[beacon] Saved seabird_dataset/beacon_debug/frame_053370.png
[beacon] Saved seabird_dataset/beacon_debug/frame_053400.png
[beacon] Saved seabird_dataset/beacon_debug/frame_053430.png
[beacon] Saved seabird_dataset/beacon_debug/frame_053460.png
[beacon] Saved seabird_dataset/beacon_debug/frame_053490.png
[beacon] Saved seabird_dataset/beacon_debug/frame_053520.png
[beacon] Saved seabird_dataset/beacon_debug/frame_053550.png
[beacon] Saved seabird_dataset/beacon_debug/frame_053580.png
[beacon] Saved seabird_dataset/beacon_debug/frame_053610.png
[beacon] Saved seabird_dataset/beacon_debug/frame_053640.png
[beacon] Saved seabird_dataset/beacon_debug/frame_053670.png
[beacon] Saved seabird_dataset/beacon_debug/frame_053700.png
[beacon] Saved seabird_dataset/beacon_debug/frame_053730.png
[beacon] Saved seabird_dataset/beacon_debug/frame_053760.png
[beacon] Saved seabird_dataset/beacon_debug/frame_053790.png
[beacon] Saved seabird_dataset/beacon_debug/frame_053820.png
[beacon] Saved seabird_dataset/beacon_debug/frame_053850.png
[beacon] Saved seabird_dataset/beacon_debug/frame_053880.png
[beacon] Saved seabird_dataset/beacon_debug/frame_053910.png
[beacon] Saved seabird_dataset/beacon_debug/frame_053940.png
[beacon] Saved seabird_dataset/beacon_debug/frame_053970.png
[beacon] Saved seabird_dataset/beacon_debug/frame_054000.png
[beacon] Saved seabird_dataset/beacon_debug/frame_054030.png
[beacon] Saved seabird_dataset/beacon_debug/frame_054060.png
[beacon] Saved seabird_dataset/beacon_debug/frame_054090.png
[beacon] Saved seabird_dataset/beacon_debug/frame_054120.png
[beacon] Saved seabird_dataset/beacon_debug/frame_054150.png
[beacon] Saved seabird_dataset/beacon_debug/frame_054180.png
[beacon] Saved seabird_dataset/beacon_debug/frame_054210.png
[beacon] Saved seabird_dataset/beacon_debug/frame_054240.png
[beacon] Saved seabird_dataset/beacon_debug/frame_054270.png
[beacon] Saved seabird_dataset/beacon_debug/frame_054300.png
[beacon] Saved seabird_dataset/beacon_debug/frame_054330.png
[beacon] Saved seabird_dataset/beacon_debug/frame_054360.png
[beacon] Saved seabird_dataset/beacon_debug/frame_054390.png
[beacon] Saved seabird_dataset/beacon_debug/frame_054420.png
[beacon] Saved seabird_dataset/beacon_debug/frame_054450.png
[beacon] Saved seabird_dataset/beacon_debug/frame_054480.png
[beacon] Saved seabird_dataset/beacon_debug/frame_054510.png
[beacon] Saved seabird_dataset/beacon_debug/frame_054540.png
[beacon] Saved seabird_dataset/beacon_debug/frame_054570.png
[beacon] Saved seabird_dataset/beacon_debug/frame_054600.png
[beacon] Saved seabird_dataset/beacon_debug/frame_054630.png
[beacon] Saved seabird_dataset/beacon_debug/frame_054660.png
[beacon] Saved seabird_dataset/beacon_debug/frame_054690.png
[beacon] Saved seabird_dataset/beacon_debug/frame_054720.png
[beacon] Saved seabird_dataset/beacon_debug/frame_054750.png
[beacon] Saved seabird_dataset/beacon_debug/frame_054780.png
[beacon] Saved seabird_dataset/beacon_debug/frame_054810.png
[beacon] Saved seabird_dataset/beacon_debug/frame_054840.png
[beacon] Saved seabird_dataset/beacon_debug/frame_054870.png
[beacon] Saved seabird_dataset/beacon_debug/frame_054900.png
[beacon] Saved seabird_dataset/beacon_debug/frame_054930.png
[beacon] Saved seabird_dataset/beacon_debug/frame_054960.png
[beacon] Saved seabird_dataset/beacon_debug/frame_054990.png
[beacon] Saved seabird_dataset/beacon_debug/frame_055020.png
[beacon] Saved seabird_dataset/beacon_debug/frame_055050.png
[beacon] Saved seabird_dataset/beacon_debug/frame_055080.png
[beacon] Saved seabird_dataset/beacon_debug/frame_055110.png
[beacon] Saved seabird_dataset/beacon_debug/frame_055140.png
[beacon] Saved seabird_dataset/beacon_debug/frame_055170.png
[beacon] Saved seabird_dataset/beacon_debug/frame_055200.png
[beacon] Saved seabird_dataset/beacon_debug/frame_055230.png
[beacon] Saved seabird_dataset/beacon_debug/frame_055260.png
[beacon] Saved seabird_dataset/beacon_debug/frame_055290.png
[beacon] Saved seabird_dataset/beacon_debug/frame_055320.png
[beacon] Saved seabird_dataset/beacon_debug/frame_055350.png
[beacon] Saved seabird_dataset/beacon_debug/frame_055380.png
[beacon] Saved seabird_dataset/beacon_debug/frame_055410.png
[beacon] Saved seabird_dataset/beacon_debug/frame_055440.png
[beacon] Saved seabird_dataset/beacon_debug/frame_055470.png
[beacon] Saved seabird_dataset/beacon_debug/frame_055500.png
[beacon] Saved seabird_dataset/beacon_debug/frame_055530.png
[beacon] Saved seabird_dataset/beacon_debug/frame_055560.png
[beacon] Saved seabird_dataset/beacon_debug/frame_055590.png
[beacon] Saved seabird_dataset/beacon_debug/frame_055620.png
[beacon] Saved seabird_dataset/beacon_debug/frame_055650.png
[beacon] Saved seabird_dataset/beacon_debug/frame_055680.png
[beacon] Saved seabird_dataset/beacon_debug/frame_055710.png
[beacon] Saved seabird_dataset/beacon_debug/frame_055740.png
[beacon] Saved seabird_dataset/beacon_debug/frame_055770.png
[beacon] Saved seabird_dataset/beacon_debug/frame_055800.png
[beacon] Saved seabird_dataset/beacon_debug/frame_055830.png
[beacon] Saved seabird_dataset/beacon_debug/frame_055860.png
[beacon] Saved seabird_dataset/beacon_debug/frame_055890.png
[beacon] Saved seabird_dataset/beacon_debug/frame_055920.png
[beacon] Saved seabird_dataset/beacon_debug/frame_055950.png
[beacon] Saved seabird_dataset/beacon_debug/frame_055980.png
[beacon] Saved seabird_dataset/beacon_debug/frame_056010.png
[beacon] Saved seabird_dataset/beacon_debug/frame_056040.png
[beacon] Saved seabird_dataset/beacon_debug/frame_056070.png
[beacon] Saved seabird_dataset/beacon_debug/frame_056100.png
[beacon] Saved seabird_dataset/beacon_debug/frame_056130.png
[beacon] Saved seabird_dataset/beacon_debug/frame_056160.png
[beacon] Saved seabird_dataset/beacon_debug/frame_056190.png
[beacon] Saved seabird_dataset/beacon_debug/frame_056220.png
[beacon] Saved seabird_dataset/beacon_debug/frame_056250.png
[beacon] Saved seabird_dataset/beacon_debug/frame_056280.png
[beacon] Saved seabird_dataset/beacon_debug/frame_056310.png
[beacon] Saved seabird_dataset/beacon_debug/frame_056340.png
[beacon] Saved seabird_dataset/beacon_debug/frame_056370.png
[beacon] Saved seabird_dataset/beacon_debug/frame_056400.png
[beacon] Saved seabird_dataset/beacon_debug/frame_056430.png
[beacon] Saved seabird_dataset/beacon_debug/frame_056460.png
[beacon] Saved seabird_dataset/beacon_debug/frame_056490.png
[beacon] Saved seabird_dataset/beacon_debug/frame_056520.png
[beacon] Saved seabird_dataset/beacon_debug/frame_056550.png
[beacon] Saved seabird_dataset/beacon_debug/frame_056580.png
[beacon] Saved seabird_dataset/beacon_debug/frame_056610.png
[beacon] Saved seabird_dataset/beacon_debug/frame_056640.png
[beacon] Saved seabird_dataset/beacon_debug/frame_056670.png
[beacon] Saved seabird_dataset/beacon_debug/frame_056700.png
[beacon] Saved seabird_dataset/beacon_debug/frame_056730.png
[beacon] Saved seabird_dataset/beacon_debug/frame_056760.png
[beacon] Saved seabird_dataset/beacon_debug/frame_056790.png
[beacon] Saved seabird_dataset/beacon_debug/frame_056820.png
[beacon] Saved seabird_dataset/beacon_debug/frame_056850.png
[beacon] Saved seabird_dataset/beacon_debug/frame_056880.png
[beacon] Saved seabird_dataset/beacon_debug/frame_056910.png
[beacon] Saved seabird_dataset/beacon_debug/frame_056940.png
[beacon] Saved seabird_dataset/beacon_debug/frame_056970.png
[beacon] Saved seabird_dataset/beacon_debug/frame_057000.png
[beacon] Saved seabird_dataset/beacon_debug/frame_057030.png
[beacon] Saved seabird_dataset/beacon_debug/frame_057060.png
[beacon] Saved seabird_dataset/beacon_debug/frame_057090.png
[beacon] Saved seabird_dataset/beacon_debug/frame_057120.png
[beacon] Saved seabird_dataset/beacon_debug/frame_057150.png
[beacon] Saved seabird_dataset/beacon_debug/frame_057180.png
[beacon] Saved seabird_dataset/beacon_debug/frame_057210.png
[beacon] Saved seabird_dataset/beacon_debug/frame_057240.png
[beacon] Saved seabird_dataset/beacon_debug/frame_057270.png
[beacon] Saved seabird_dataset/beacon_debug/frame_057300.png
[beacon] Saved seabird_dataset/beacon_debug/frame_057330.png
[beacon] Saved seabird_dataset/beacon_debug/frame_057360.png
[beacon] Saved seabird_dataset/beacon_debug/frame_057390.png
[beacon] Saved seabird_dataset/beacon_debug/frame_057420.png
[beacon] Saved seabird_dataset/beacon_debug/frame_057450.png
[beacon] Saved seabird_dataset/beacon_debug/frame_057480.png
[beacon] Saved seabird_dataset/beacon_debug/frame_057510.png
[beacon] Saved seabird_dataset/beacon_debug/frame_057540.png
[beacon] Saved seabird_dataset/beacon_debug/frame_057570.png
[beacon] Saved seabird_dataset/beacon_debug/frame_057600.png
[beacon] Saved seabird_dataset/beacon_debug/frame_057630.png
[beacon] Saved seabird_dataset/beacon_debug/frame_057660.png
[beacon] Saved seabird_dataset/beacon_debug/frame_057690.png
[beacon] Saved seabird_dataset/beacon_debug/frame_057720.png
[beacon] Saved seabird_dataset/beacon_debug/frame_057750.png
[beacon] Saved seabird_dataset/beacon_debug/frame_057780.png
[beacon] Saved seabird_dataset/beacon_debug/frame_057810.png
[beacon] Saved seabird_dataset/beacon_debug/frame_057840.png
[beacon] Saved seabird_dataset/beacon_debug/frame_057870.png
[beacon] Saved seabird_dataset/beacon_debug/frame_057900.png
[beacon] Saved seabird_dataset/beacon_debug/frame_057930.png
[beacon] Saved seabird_dataset/beacon_debug/frame_057960.png
[beacon] Saved seabird_dataset/beacon_debug/frame_057990.png
[beacon] Saved seabird_dataset/beacon_debug/frame_058020.png
[beacon] Saved seabird_dataset/beacon_debug/frame_058050.png
[beacon] Saved seabird_dataset/beacon_debug/frame_058080.png
[beacon] Saved seabird_dataset/beacon_debug/frame_058110.png
[beacon] Saved seabird_dataset/beacon_debug/frame_058140.png
[beacon] Saved seabird_dataset/beacon_debug/frame_058170.png
[beacon] Saved seabird_dataset/beacon_debug/frame_058200.png
[beacon] Saved seabird_dataset/beacon_debug/frame_058230.png
[beacon] Saved seabird_dataset/beacon_debug/frame_058260.png
[beacon] Saved seabird_dataset/beacon_debug/frame_058290.png
[beacon] Saved seabird_dataset/beacon_debug/frame_058320.png
[beacon] Saved seabird_dataset/beacon_debug/frame_058350.png
[beacon] Saved seabird_dataset/beacon_debug/frame_058380.png
[beacon] Saved seabird_dataset/beacon_debug/frame_058410.png
[beacon] Saved seabird_dataset/beacon_debug/frame_058440.png
[beacon] Saved seabird_dataset/beacon_debug/frame_058470.png
[beacon] Saved seabird_dataset/beacon_debug/frame_058500.png
[beacon] Saved seabird_dataset/beacon_debug/frame_058530.png
[beacon] Saved seabird_dataset/beacon_debug/frame_058560.png
[beacon] Saved seabird_dataset/beacon_debug/frame_058590.png
[beacon] Saved seabird_dataset/beacon_debug/frame_058620.png
[beacon] Saved seabird_dataset/beacon_debug/frame_058650.png
[beacon] Saved seabird_dataset/beacon_debug/frame_058680.png
[beacon] Saved seabird_dataset/beacon_debug/frame_058710.png
[beacon] Saved seabird_dataset/beacon_debug/frame_058740.png
[beacon] Saved seabird_dataset/beacon_debug/frame_058770.png
[beacon] Saved seabird_dataset/beacon_debug/frame_058800.png
[beacon] Saved seabird_dataset/beacon_debug/frame_058830.png
[beacon] Saved seabird_dataset/beacon_debug/frame_058860.png
[beacon] Saved seabird_dataset/beacon_debug/frame_058890.png
[beacon] Saved seabird_dataset/beacon_debug/frame_058920.png
[beacon] Saved seabird_dataset/beacon_debug/frame_058950.png
[beacon] Saved seabird_dataset/beacon_debug/frame_058980.png
[beacon] Saved seabird_dataset/beacon_debug/frame_059010.png
[beacon] Saved seabird_dataset/beacon_debug/frame_059040.png
[beacon] Saved seabird_dataset/beacon_debug/frame_059070.png
[beacon] Saved seabird_dataset/beacon_debug/frame_059100.png
[beacon] Saved seabird_dataset/beacon_debug/frame_059130.png
[beacon] Saved seabird_dataset/beacon_debug/frame_059160.png
[beacon] Saved seabird_dataset/beacon_debug/frame_059190.png
[beacon] Saved seabird_dataset/beacon_debug/frame_059220.png
[beacon] Saved seabird_dataset/beacon_debug/frame_059250.png
[beacon] Saved seabird_dataset/beacon_debug/frame_059280.png
[beacon] Saved seabird_dataset/beacon_debug/frame_059310.png
[beacon] Saved seabird_dataset/beacon_debug/frame_059340.png
[beacon] Saved seabird_dataset/beacon_debug/frame_059370.png
[beacon] Saved seabird_dataset/beacon_debug/frame_059400.png
[beacon] Saved seabird_dataset/beacon_debug/frame_059430.png
[beacon] Saved seabird_dataset/beacon_debug/frame_059460.png
[beacon] Saved seabird_dataset/beacon_debug/frame_059490.png
[beacon] Saved seabird_dataset/beacon_debug/frame_059520.png
[beacon] Saved seabird_dataset/beacon_debug/frame_059550.png
[beacon] Saved seabird_dataset/beacon_debug/frame_059580.png
[beacon] Saved seabird_dataset/beacon_debug/frame_059610.png
[beacon] Saved seabird_dataset/beacon_debug/frame_059640.png
[beacon] Saved seabird_dataset/beacon_debug/frame_059670.png
[beacon] Saved seabird_dataset/beacon_debug/frame_059700.png
[beacon] Saved seabird_dataset/beacon_debug/frame_059730.png
[beacon] Saved seabird_dataset/beacon_debug/frame_059760.png
[beacon] Saved seabird_dataset/beacon_debug/frame_059790.png
[beacon] Saved seabird_dataset/beacon_debug/frame_059820.png
[beacon] Saved seabird_dataset/beacon_debug/frame_059850.png
[beacon] Saved seabird_dataset/beacon_debug/frame_059880.png
[beacon] Saved seabird_dataset/beacon_debug/frame_059910.png
[beacon] Saved seabird_dataset/beacon_debug/frame_059940.png
[beacon] Saved seabird_dataset/beacon_debug/frame_059970.png
[beacon] Saved seabird_dataset/beacon_debug/frame_060000.png
[beacon] Saved seabird_dataset/beacon_debug/frame_060030.png
[beacon] Saved seabird_dataset/beacon_debug/frame_060060.png
[beacon] Saved seabird_dataset/beacon_debug/frame_060090.png
[beacon] Saved seabird_dataset/beacon_debug/frame_060120.png
[beacon] Saved seabird_dataset/beacon_debug/frame_060150.png
[beacon] Saved seabird_dataset/beacon_debug/frame_060180.png
[beacon] Saved seabird_dataset/beacon_debug/frame_060210.png
[beacon] Saved seabird_dataset/beacon_debug/frame_060240.png
[beacon] Saved seabird_dataset/beacon_debug/frame_060270.png
[beacon] Saved seabird_dataset/beacon_debug/frame_060300.png
[beacon] Saved seabird_dataset/beacon_debug/frame_060330.png
[beacon] Saved seabird_dataset/beacon_debug/frame_060360.png
[beacon] Saved seabird_dataset/beacon_debug/frame_060390.png
[beacon] Saved seabird_dataset/beacon_debug/frame_060420.png
[beacon] Saved seabird_dataset/beacon_debug/frame_060450.png
[beacon] Saved seabird_dataset/beacon_debug/frame_060480.png
[beacon] Saved seabird_dataset/beacon_debug/frame_060510.png
[beacon] Saved seabird_dataset/beacon_debug/frame_060540.png
[beacon] Saved seabird_dataset/beacon_debug/frame_060570.png
[beacon] Saved seabird_dataset/beacon_debug/frame_060600.png
[beacon] Saved seabird_dataset/beacon_debug/frame_060630.png
[beacon] Saved seabird_dataset/beacon_debug/frame_060660.png
[beacon] Saved seabird_dataset/beacon_debug/frame_060690.png
[beacon] Saved seabird_dataset/beacon_debug/frame_060720.png
[beacon] Saved seabird_dataset/beacon_debug/frame_060750.png
[beacon] Saved seabird_dataset/beacon_debug/frame_060780.png
[beacon] Saved seabird_dataset/beacon_debug/frame_060810.png
[beacon] Saved seabird_dataset/beacon_debug/frame_060840.png
[beacon] Saved seabird_dataset/beacon_debug/frame_060870.png
[beacon] Saved seabird_dataset/beacon_debug/frame_060900.png
[beacon] Saved seabird_dataset/beacon_debug/frame_060930.png
[beacon] Saved seabird_dataset/beacon_debug/frame_060960.png
[beacon] Saved seabird_dataset/beacon_debug/frame_060990.png
[beacon] Saved seabird_dataset/beacon_debug/frame_061020.png
[beacon] Saved seabird_dataset/beacon_debug/frame_061050.png
[beacon] Saved seabird_dataset/beacon_debug/frame_061080.png
[beacon] Saved seabird_dataset/beacon_debug/frame_061110.png
[beacon] Saved seabird_dataset/beacon_debug/frame_061140.png
[beacon] Saved seabird_dataset/beacon_debug/frame_061170.png
[beacon] Saved seabird_dataset/beacon_debug/frame_061200.png
[beacon] Saved seabird_dataset/beacon_debug/frame_061230.png
[beacon] Saved seabird_dataset/beacon_debug/frame_061260.png
[beacon] Saved seabird_dataset/beacon_debug/frame_061290.png
[beacon] Saved seabird_dataset/beacon_debug/frame_061320.png
[beacon] Saved seabird_dataset/beacon_debug/frame_061350.png
[beacon] Saved seabird_dataset/beacon_debug/frame_061380.png
[beacon] Saved seabird_dataset/beacon_debug/frame_061410.png
[beacon] Saved seabird_dataset/beacon_debug/frame_061440.png
[beacon] Saved seabird_dataset/beacon_debug/frame_061470.png
[beacon] Saved seabird_dataset/beacon_debug/frame_061500.png
[beacon] Saved seabird_dataset/beacon_debug/frame_061530.png
[beacon] Saved seabird_dataset/beacon_debug/frame_061560.png
[beacon] Saved seabird_dataset/beacon_debug/frame_061590.png
[beacon] Saved seabird_dataset/beacon_debug/frame_061620.png
[beacon] Saved seabird_dataset/beacon_debug/frame_061650.png
[beacon] Saved seabird_dataset/beacon_debug/frame_061680.png
[beacon] Saved seabird_dataset/beacon_debug/frame_061710.png
[beacon] Saved seabird_dataset/beacon_debug/frame_061740.png
[beacon] Saved seabird_dataset/beacon_debug/frame_061770.png
[beacon] Saved seabird_dataset/beacon_debug/frame_061800.png
[beacon] Saved seabird_dataset/beacon_debug/frame_061830.png
[beacon] Saved seabird_dataset/beacon_debug/frame_061860.png
[beacon] Saved seabird_dataset/beacon_debug/frame_061890.png
[beacon] Saved seabird_dataset/beacon_debug/frame_061920.png
[beacon] Saved seabird_dataset/beacon_debug/frame_061950.png
[beacon] Saved seabird_dataset/beacon_debug/frame_061980.png
[beacon] Saved seabird_dataset/beacon_debug/frame_062010.png
[beacon] Saved seabird_dataset/beacon_debug/frame_062040.png
[beacon] Saved seabird_dataset/beacon_debug/frame_062070.png
[beacon] Saved seabird_dataset/beacon_debug/frame_062100.png
[beacon] Saved seabird_dataset/beacon_debug/frame_062130.png
[beacon] Saved seabird_dataset/beacon_debug/frame_062160.png
[beacon] Saved seabird_dataset/beacon_debug/frame_062190.png
[beacon] Saved seabird_dataset/beacon_debug/frame_062220.png
[beacon] Saved seabird_dataset/beacon_debug/frame_062250.png
[beacon] Saved seabird_dataset/beacon_debug/frame_062280.png
[beacon] Saved seabird_dataset/beacon_debug/frame_062310.png
[beacon] Saved seabird_dataset/beacon_debug/frame_062340.png
[beacon] Saved seabird_dataset/beacon_debug/frame_062370.png
[beacon] Saved seabird_dataset/beacon_debug/frame_062400.png
[beacon] Saved seabird_dataset/beacon_debug/frame_062430.png
[beacon] Saved seabird_dataset/beacon_debug/frame_062460.png
[beacon] Saved seabird_dataset/beacon_debug/frame_062490.png
[beacon] Saved seabird_dataset/beacon_debug/frame_062520.png
[beacon] Saved seabird_dataset/beacon_debug/frame_062550.png
[beacon] Saved seabird_dataset/beacon_debug/frame_062580.png
[beacon] Saved seabird_dataset/beacon_debug/frame_062610.png
[beacon] Saved seabird_dataset/beacon_debug/frame_062640.png
[beacon] Saved seabird_dataset/beacon_debug/frame_062670.png
[beacon] Saved seabird_dataset/beacon_debug/frame_062700.png
[beacon] Saved seabird_dataset/beacon_debug/frame_062730.png
[beacon] Saved seabird_dataset/beacon_debug/frame_062760.png
[beacon] Saved seabird_dataset/beacon_debug/frame_062790.png
[beacon] Saved seabird_dataset/beacon_debug/frame_062820.png
[beacon] Saved seabird_dataset/beacon_debug/frame_062850.png
[beacon] Saved seabird_dataset/beacon_debug/frame_062880.png
[beacon] Saved seabird_dataset/beacon_debug/frame_062910.png
[beacon] Saved seabird_dataset/beacon_debug/frame_062940.png
[beacon] Saved seabird_dataset/beacon_debug/frame_062970.png
[beacon] Saved seabird_dataset/beacon_debug/frame_063000.png
[beacon] Saved seabird_dataset/beacon_debug/frame_063030.png
[beacon] Saved seabird_dataset/beacon_debug/frame_063060.png
[beacon] Saved seabird_dataset/beacon_debug/frame_063090.png
[beacon] Saved seabird_dataset/beacon_debug/frame_063120.png
[beacon] Saved seabird_dataset/beacon_debug/frame_063150.png
[beacon] Saved seabird_dataset/beacon_debug/frame_063180.png
[beacon] Saved seabird_dataset/beacon_debug/frame_063210.png
[beacon] Saved seabird_dataset/beacon_debug/frame_063240.png
[beacon] Saved seabird_dataset/beacon_debug/frame_063270.png
[beacon] Saved seabird_dataset/beacon_debug/frame_063300.png
[beacon] Saved seabird_dataset/beacon_debug/frame_063330.png
[beacon] Saved seabird_dataset/beacon_debug/frame_063360.png
[beacon] Saved seabird_dataset/beacon_debug/frame_063390.png
[beacon] Saved seabird_dataset/beacon_debug/frame_063420.png
[beacon] Saved seabird_dataset/beacon_debug/frame_063450.png
[beacon] Saved seabird_dataset/beacon_debug/frame_063480.png
[beacon] Saved seabird_dataset/beacon_debug/frame_063510.png
[beacon] Saved seabird_dataset/beacon_debug/frame_063540.png
[beacon] Saved seabird_dataset/beacon_debug/frame_063570.png
[beacon] Saved seabird_dataset/beacon_debug/frame_063600.png
[beacon] Saved seabird_dataset/beacon_debug/frame_063630.png
[beacon] Saved seabird_dataset/beacon_debug/frame_063660.png
[beacon] Saved seabird_dataset/beacon_debug/frame_063690.png
[beacon] Saved seabird_dataset/beacon_debug/frame_063720.png
[beacon] Saved seabird_dataset/beacon_debug/frame_063750.png
[beacon] Saved seabird_dataset/beacon_debug/frame_063780.png
[beacon] Saved seabird_dataset/beacon_debug/frame_063810.png
[beacon] Saved seabird_dataset/beacon_debug/frame_063840.png
[beacon] Saved seabird_dataset/beacon_debug/frame_063870.png
[beacon] Saved seabird_dataset/beacon_debug/frame_063900.png
[beacon] Saved seabird_dataset/beacon_debug/frame_063930.png
[beacon] Saved seabird_dataset/beacon_debug/frame_063960.png
[beacon] Saved seabird_dataset/beacon_debug/frame_063990.png
[beacon] Saved seabird_dataset/beacon_debug/frame_064020.png
[beacon] Saved seabird_dataset/beacon_debug/frame_064050.png
[beacon] Saved seabird_dataset/beacon_debug/frame_064080.png
[beacon] Saved seabird_dataset/beacon_debug/frame_064110.png
[beacon] Saved seabird_dataset/beacon_debug/frame_064140.png
[beacon] Saved seabird_dataset/beacon_debug/frame_064170.png
[beacon] Saved seabird_dataset/beacon_debug/frame_064200.png
[beacon] Saved seabird_dataset/beacon_debug/frame_064230.png
[beacon] Saved seabird_dataset/beacon_debug/frame_064260.png
[beacon] Saved seabird_dataset/beacon_debug/frame_064290.png
[beacon] Saved seabird_dataset/beacon_debug/frame_064320.png
[beacon] Saved seabird_dataset/beacon_debug/frame_064350.png
[beacon] Saved seabird_dataset/beacon_debug/frame_064380.png
[beacon] Saved seabird_dataset/beacon_debug/frame_064410.png
[beacon] Saved seabird_dataset/beacon_debug/frame_064440.png
[beacon] Saved seabird_dataset/beacon_debug/frame_064470.png
[beacon] Saved seabird_dataset/beacon_debug/frame_064500.png
[beacon] Saved seabird_dataset/beacon_debug/frame_064530.png
[beacon] Saved seabird_dataset/beacon_debug/frame_064560.png
[beacon] Saved seabird_dataset/beacon_debug/frame_064590.png
[beacon] Saved seabird_dataset/beacon_debug/frame_064620.png
[beacon] Saved seabird_dataset/beacon_debug/frame_064650.png
[beacon] Saved seabird_dataset/beacon_debug/frame_064680.png
[beacon] Saved seabird_dataset/beacon_debug/frame_064710.png
[beacon] Saved seabird_dataset/beacon_debug/frame_064740.png
[beacon] Saved seabird_dataset/beacon_debug/frame_064770.png
[beacon] Saved seabird_dataset/beacon_debug/frame_064800.png
[beacon] Saved seabird_dataset/beacon_debug/frame_064830.png
[beacon] Saved seabird_dataset/beacon_debug/frame_064860.png
[beacon] Saved seabird_dataset/beacon_debug/frame_064890.png
[beacon] Saved seabird_dataset/beacon_debug/frame_064920.png
[beacon] Saved seabird_dataset/beacon_debug/frame_064950.png
[beacon] Saved seabird_dataset/beacon_debug/frame_064980.png
[beacon] Saved seabird_dataset/beacon_debug/frame_065010.png
[beacon] Saved seabird_dataset/beacon_debug/frame_065040.png
[beacon] Saved seabird_dataset/beacon_debug/frame_065070.png
[beacon] Saved seabird_dataset/beacon_debug/frame_065100.png
[beacon] Saved seabird_dataset/beacon_debug/frame_065130.png
[beacon] Saved seabird_dataset/beacon_debug/frame_065160.png
[beacon] Saved seabird_dataset/beacon_debug/frame_065190.png
[beacon] Saved seabird_dataset/beacon_debug/frame_065220.png
[beacon] Saved seabird_dataset/beacon_debug/frame_065250.png
[beacon] Saved seabird_dataset/beacon_debug/frame_065280.png
[beacon] Saved seabird_dataset/beacon_debug/frame_065310.png
[beacon] Saved seabird_dataset/beacon_debug/frame_065340.png
[beacon] Saved seabird_dataset/beacon_debug/frame_065370.png
[beacon] Saved seabird_dataset/beacon_debug/frame_065400.png
[beacon] Saved seabird_dataset/beacon_debug/frame_065430.png
[beacon] Saved seabird_dataset/beacon_debug/frame_065460.png
[beacon] Saved seabird_dataset/beacon_debug/frame_065490.png
[beacon] Saved seabird_dataset/beacon_debug/frame_065520.png
[beacon] Saved seabird_dataset/beacon_debug/frame_065550.png
[beacon] Saved seabird_dataset/beacon_debug/frame_065580.png
[beacon] Saved seabird_dataset/beacon_debug/frame_065610.png
[beacon] Saved seabird_dataset/beacon_debug/frame_065640.png
[beacon] Saved seabird_dataset/beacon_debug/frame_065670.png
[beacon] Saved seabird_dataset/beacon_debug/frame_065700.png
[beacon] Saved seabird_dataset/beacon_debug/frame_065730.png
[beacon] Saved seabird_dataset/beacon_debug/frame_065760.png
[beacon] Saved seabird_dataset/beacon_debug/frame_065790.png
[beacon] Saved seabird_dataset/beacon_debug/frame_065820.png
[beacon] Saved seabird_dataset/beacon_debug/frame_065850.png
[beacon] Saved seabird_dataset/beacon_debug/frame_065880.png
[beacon] Saved seabird_dataset/beacon_debug/frame_065910.png
[beacon] Saved seabird_dataset/beacon_debug/frame_065940.png
[beacon] Saved seabird_dataset/beacon_debug/frame_065970.png
[beacon] Saved seabird_dataset/beacon_debug/frame_066000.png
[beacon] Saved seabird_dataset/beacon_debug/frame_066030.png
[beacon] Saved seabird_dataset/beacon_debug/frame_066060.png
[beacon] Saved seabird_dataset/beacon_debug/frame_066090.png
[beacon] Saved seabird_dataset/beacon_debug/frame_066120.png
[beacon] Saved seabird_dataset/beacon_debug/frame_066150.png
[beacon] Saved seabird_dataset/beacon_debug/frame_066180.png
[beacon] Saved seabird_dataset/beacon_debug/frame_066210.png
[beacon] Saved seabird_dataset/beacon_debug/frame_066240.png
[beacon] Saved seabird_dataset/beacon_debug/frame_066270.png
[beacon] Saved seabird_dataset/beacon_debug/frame_066300.png
[beacon] Saved seabird_dataset/beacon_debug/frame_066330.png
[beacon] Saved seabird_dataset/beacon_debug/frame_066360.png
[beacon] Saved seabird_dataset/beacon_debug/frame_066390.png
[beacon] Saved seabird_dataset/beacon_debug/frame_066420.png
[beacon] Saved seabird_dataset/beacon_debug/frame_066450.png
[beacon] Saved seabird_dataset/beacon_debug/frame_066480.png
[beacon] Saved seabird_dataset/beacon_debug/frame_066510.png
[beacon] Saved seabird_dataset/beacon_debug/frame_066540.png
[beacon] Saved seabird_dataset/beacon_debug/frame_066570.png
[beacon] Saved seabird_dataset/beacon_debug/frame_066600.png
[beacon] Saved seabird_dataset/beacon_debug/frame_066630.png
[beacon] Saved seabird_dataset/beacon_debug/frame_066660.png
[beacon] Saved seabird_dataset/beacon_debug/frame_066690.png
[beacon] Saved seabird_dataset/beacon_debug/frame_066720.png
[beacon] Saved seabird_dataset/beacon_debug/frame_066750.png
[beacon] Saved seabird_dataset/beacon_debug/frame_066780.png
[beacon] Saved seabird_dataset/beacon_debug/frame_066810.png
[beacon] Saved seabird_dataset/beacon_debug/frame_066840.png
[beacon] Saved seabird_dataset/beacon_debug/frame_066870.png
[beacon] Saved seabird_dataset/beacon_debug/frame_066900.png
[beacon] Saved seabird_dataset/beacon_debug/frame_066930.png
[beacon] Saved seabird_dataset/beacon_debug/frame_066960.png
[beacon] Saved seabird_dataset/beacon_debug/frame_066990.png
[beacon] Saved seabird_dataset/beacon_debug/frame_067020.png
[beacon] Saved seabird_dataset/beacon_debug/frame_067050.png
[beacon] Saved seabird_dataset/beacon_debug/frame_067080.png
[beacon] Saved seabird_dataset/beacon_debug/frame_067110.png
[beacon] Saved seabird_dataset/beacon_debug/frame_067140.png
[beacon] Saved seabird_dataset/beacon_debug/frame_067170.png
[beacon] Saved seabird_dataset/beacon_debug/frame_067200.png
[beacon] Saved seabird_dataset/beacon_debug/frame_067230.png
[beacon] Saved seabird_dataset/beacon_debug/frame_067260.png
[beacon] Saved seabird_dataset/beacon_debug/frame_067290.png
[beacon] Saved seabird_dataset/beacon_debug/frame_067320.png
[beacon] Saved seabird_dataset/beacon_debug/frame_067350.png
[beacon] Saved seabird_dataset/beacon_debug/frame_067380.png
[beacon] Saved seabird_dataset/beacon_debug/frame_067410.png
[beacon] Saved seabird_dataset/beacon_debug/frame_067440.png
[beacon] Saved seabird_dataset/beacon_debug/frame_067470.png
[beacon] Saved seabird_dataset/beacon_debug/frame_067500.png
[beacon] Saved seabird_dataset/beacon_debug/frame_067530.png
[beacon] Saved seabird_dataset/beacon_debug/frame_067560.png
[beacon] Saved seabird_dataset/beacon_debug/frame_067590.png
[beacon] Saved seabird_dataset/beacon_debug/frame_067620.png
[beacon] Saved seabird_dataset/beacon_debug/frame_067650.png
[beacon] Saved seabird_dataset/beacon_debug/frame_067680.png
[beacon] Saved seabird_dataset/beacon_debug/frame_067710.png
[beacon] Saved seabird_dataset/beacon_debug/frame_067740.png
[beacon] Saved seabird_dataset/beacon_debug/frame_067770.png
[beacon] Saved seabird_dataset/beacon_debug/frame_067800.png
[beacon] Saved seabird_dataset/beacon_debug/frame_067830.png
[beacon] Saved seabird_dataset/beacon_debug/frame_067860.png
[beacon] Saved seabird_dataset/beacon_debug/frame_067890.png
[beacon] Saved seabird_dataset/beacon_debug/frame_067920.png
[beacon] Saved seabird_dataset/beacon_debug/frame_067950.png
[beacon] Saved seabird_dataset/beacon_debug/frame_067980.png
[beacon] Saved seabird_dataset/beacon_debug/frame_068010.png
[beacon] Saved seabird_dataset/beacon_debug/frame_068040.png
[beacon] Saved seabird_dataset/beacon_debug/frame_068070.png
[beacon] Saved seabird_dataset/beacon_debug/frame_068100.png
[beacon] Saved seabird_dataset/beacon_debug/frame_068130.png
[beacon] Saved seabird_dataset/beacon_debug/frame_068160.png
[beacon] Saved seabird_dataset/beacon_debug/frame_068190.png
[beacon] Saved seabird_dataset/beacon_debug/frame_068220.png
[beacon] Saved seabird_dataset/beacon_debug/frame_068250.png
[beacon] Saved seabird_dataset/beacon_debug/frame_068280.png
[beacon] Saved seabird_dataset/beacon_debug/frame_068310.png
[beacon] Saved seabird_dataset/beacon_debug/frame_068340.png
[beacon] Saved seabird_dataset/beacon_debug/frame_068370.png
[beacon] Saved seabird_dataset/beacon_debug/frame_068400.png
[beacon] Saved seabird_dataset/beacon_debug/frame_068430.png
[beacon] Saved seabird_dataset/beacon_debug/frame_068460.png
[beacon] Saved seabird_dataset/beacon_debug/frame_068490.png
[beacon] Saved seabird_dataset/beacon_debug/frame_068520.png
[beacon] Saved seabird_dataset/beacon_debug/frame_068550.png
[beacon] Saved seabird_dataset/beacon_debug/frame_068580.png
[beacon] Saved seabird_dataset/beacon_debug/frame_068610.png
[beacon] Saved seabird_dataset/beacon_debug/frame_068640.png
[beacon] Saved seabird_dataset/beacon_debug/frame_068670.png
[beacon] Saved seabird_dataset/beacon_debug/frame_068700.png
[beacon] Saved seabird_dataset/beacon_debug/frame_068730.png
[beacon] Saved seabird_dataset/beacon_debug/frame_068760.png
[beacon] Saved seabird_dataset/beacon_debug/frame_068790.png
[beacon] Saved seabird_dataset/beacon_debug/frame_068820.png
[beacon] Saved seabird_dataset/beacon_debug/frame_068850.png
[beacon] Saved seabird_dataset/beacon_debug/frame_068880.png
[beacon] Saved seabird_dataset/beacon_debug/frame_068910.png
[beacon] Saved seabird_dataset/beacon_debug/frame_068940.png
[beacon] Saved seabird_dataset/beacon_debug/frame_068970.png
[beacon] Saved seabird_dataset/beacon_debug/frame_069000.png
[beacon] Saved seabird_dataset/beacon_debug/frame_069030.png
[beacon] Saved seabird_dataset/beacon_debug/frame_069060.png
[beacon] Saved seabird_dataset/beacon_debug/frame_069090.png
[beacon] Saved seabird_dataset/beacon_debug/frame_069120.png
[beacon] Saved seabird_dataset/beacon_debug/frame_069150.png
[beacon] Saved seabird_dataset/beacon_debug/frame_069180.png
[beacon] Saved seabird_dataset/beacon_debug/frame_069210.png
[beacon] Saved seabird_dataset/beacon_debug/frame_069240.png
[beacon] Saved seabird_dataset/beacon_debug/frame_069270.png
[beacon] Saved seabird_dataset/beacon_debug/frame_069300.png
[beacon] Saved seabird_dataset/beacon_debug/frame_069330.png
[beacon] Saved seabird_dataset/beacon_debug/frame_069360.png
[beacon] Saved seabird_dataset/beacon_debug/frame_069390.png
[beacon] Saved seabird_dataset/beacon_debug/frame_069420.png
[beacon] Saved seabird_dataset/beacon_debug/frame_069450.png
[beacon] Saved seabird_dataset/beacon_debug/frame_069480.png
[beacon] Saved seabird_dataset/beacon_debug/frame_069510.png
[beacon] Saved seabird_dataset/beacon_debug/frame_069540.png
[beacon] Saved seabird_dataset/beacon_debug/frame_069570.png
[beacon] Saved seabird_dataset/beacon_debug/frame_069600.png
[beacon] Saved seabird_dataset/beacon_debug/frame_069630.png
[beacon] Saved seabird_dataset/beacon_debug/frame_069660.png
[beacon] Saved seabird_dataset/beacon_debug/frame_069690.png
[beacon] Saved seabird_dataset/beacon_debug/frame_069720.png
[beacon] Saved seabird_dataset/beacon_debug/frame_069750.png
[beacon] Saved seabird_dataset/beacon_debug/frame_069780.png
[beacon] Saved seabird_dataset/beacon_debug/frame_069810.png
[beacon] Saved seabird_dataset/beacon_debug/frame_069840.png
[beacon] Saved seabird_dataset/beacon_debug/frame_069870.png
[beacon] Saved seabird_dataset/beacon_debug/frame_069900.png
[beacon] Saved seabird_dataset/beacon_debug/frame_069930.png
[beacon] Saved seabird_dataset/beacon_debug/frame_069960.png
[beacon] Saved seabird_dataset/beacon_debug/frame_069990.png
[beacon] Saved seabird_dataset/beacon_debug/frame_070020.png
[beacon] Saved seabird_dataset/beacon_debug/frame_070050.png
[beacon] Saved seabird_dataset/beacon_debug/frame_070080.png
[beacon] Saved seabird_dataset/beacon_debug/frame_070110.png
[beacon] Saved seabird_dataset/beacon_debug/frame_070140.png
[beacon] Saved seabird_dataset/beacon_debug/frame_070170.png
[beacon] Saved seabird_dataset/beacon_debug/frame_070200.png
[beacon] Saved seabird_dataset/beacon_debug/frame_070230.png
[beacon] Saved seabird_dataset/beacon_debug/frame_070260.png
[beacon] Saved seabird_dataset/beacon_debug/frame_070290.png
[beacon] Saved seabird_dataset/beacon_debug/frame_070320.png
[beacon] Saved seabird_dataset/beacon_debug/frame_070350.png
[beacon] Saved seabird_dataset/beacon_debug/frame_070380.png
[beacon] Saved seabird_dataset/beacon_debug/frame_070410.png
[beacon] Saved seabird_dataset/beacon_debug/frame_070440.png
[beacon] Saved seabird_dataset/beacon_debug/frame_070470.png
[beacon] Saved seabird_dataset/beacon_debug/frame_070500.png
[beacon] Saved seabird_dataset/beacon_debug/frame_070530.png
[beacon] Saved seabird_dataset/beacon_debug/frame_070560.png
[beacon] Saved seabird_dataset/beacon_debug/frame_070590.png
[beacon] Saved seabird_dataset/beacon_debug/frame_070620.png
[beacon] Saved seabird_dataset/beacon_debug/frame_070650.png
[beacon] Saved seabird_dataset/beacon_debug/frame_070680.png
[beacon] Saved seabird_dataset/beacon_debug/frame_070710.png
[beacon] Saved seabird_dataset/beacon_debug/frame_070740.png
[beacon] Saved seabird_dataset/beacon_debug/frame_070770.png
[beacon] Saved seabird_dataset/beacon_debug/frame_070800.png
[beacon] Saved seabird_dataset/beacon_debug/frame_070830.png
[beacon] Saved seabird_dataset/beacon_debug/frame_070860.png
[beacon] Saved seabird_dataset/beacon_debug/frame_070890.png
[beacon] Saved seabird_dataset/beacon_debug/frame_070920.png
[beacon] Saved seabird_dataset/beacon_debug/frame_070950.png
[beacon] Saved seabird_dataset/beacon_debug/frame_070980.png
[beacon] Saved seabird_dataset/beacon_debug/frame_071010.png
[beacon] Saved seabird_dataset/beacon_debug/frame_071040.png
[beacon] Saved seabird_dataset/beacon_debug/frame_071070.png
[beacon] Saved seabird_dataset/beacon_debug/frame_071100.png
[beacon] Saved seabird_dataset/beacon_debug/frame_071130.png
[beacon] Saved seabird_dataset/beacon_debug/frame_071160.png
[beacon] Saved seabird_dataset/beacon_debug/frame_071190.png
[beacon] Saved seabird_dataset/beacon_debug/frame_071220.png
[beacon] Saved seabird_dataset/beacon_debug/frame_071250.png
[beacon] Saved seabird_dataset/beacon_debug/frame_071280.png
[beacon] Saved seabird_dataset/beacon_debug/frame_071310.png
[beacon] Saved seabird_dataset/beacon_debug/frame_071340.png
[beacon] Saved seabird_dataset/beacon_debug/frame_071370.png
[beacon] Saved seabird_dataset/beacon_debug/frame_071400.png
[beacon] Saved seabird_dataset/beacon_debug/frame_071430.png
[beacon] Saved seabird_dataset/beacon_debug/frame_071460.png
[beacon] Saved seabird_dataset/beacon_debug/frame_071490.png
[beacon] Saved seabird_dataset/beacon_debug/frame_071520.png
[beacon] Saved seabird_dataset/beacon_debug/frame_071550.png
[beacon] Saved seabird_dataset/beacon_debug/frame_071580.png
[beacon] Saved seabird_dataset/beacon_debug/frame_071610.png
[beacon] Saved seabird_dataset/beacon_debug/frame_071640.png
[beacon] Saved seabird_dataset/beacon_debug/frame_071670.png
[beacon] Saved seabird_dataset/beacon_debug/frame_071700.png
[beacon] Saved seabird_dataset/beacon_debug/frame_071730.png
[beacon] Saved seabird_dataset/beacon_debug/frame_071760.png
[beacon] Saved seabird_dataset/beacon_debug/frame_071790.png
[beacon] Saved seabird_dataset/beacon_debug/frame_071820.png
[beacon] Saved seabird_dataset/beacon_debug/frame_071850.png
[beacon] Saved seabird_dataset/beacon_debug/frame_071880.png
[beacon] Saved seabird_dataset/beacon_debug/frame_071910.png
[beacon] Saved seabird_dataset/beacon_debug/frame_071940.png
[beacon] Saved seabird_dataset/beacon_debug/frame_071970.png
[beacon] Saved seabird_dataset/beacon_debug/frame_072000.png
[beacon] Saved seabird_dataset/beacon_debug/frame_072030.png
[beacon] Saved seabird_dataset/beacon_debug/frame_072060.png
[beacon] Saved seabird_dataset/beacon_debug/frame_072090.png
[beacon] Saved seabird_dataset/beacon_debug/frame_072120.png
[beacon] Saved seabird_dataset/beacon_debug/frame_072150.png
[beacon] Saved seabird_dataset/beacon_debug/frame_072180.png
[beacon] Saved seabird_dataset/beacon_debug/frame_072210.png
[beacon] Saved seabird_dataset/beacon_debug/frame_072240.png
[beacon] Saved seabird_dataset/beacon_debug/frame_072270.png
[beacon] Saved seabird_dataset/beacon_debug/frame_072300.png
[beacon] Saved seabird_dataset/beacon_debug/frame_072330.png
[beacon] Saved seabird_dataset/beacon_debug/frame_072360.png
[beacon] Saved seabird_dataset/beacon_debug/frame_072390.png
[beacon] Saved seabird_dataset/beacon_debug/frame_072420.png
[beacon] Saved seabird_dataset/beacon_debug/frame_072450.png
[beacon] Saved seabird_dataset/beacon_debug/frame_072480.png
[beacon] Saved seabird_dataset/beacon_debug/frame_072510.png
[beacon] Saved seabird_dataset/beacon_debug/frame_072540.png
[beacon] Saved seabird_dataset/beacon_debug/frame_072570.png
[beacon] Saved seabird_dataset/beacon_debug/frame_072600.png
[beacon] Saved seabird_dataset/beacon_debug/frame_072630.png
[beacon] Saved seabird_dataset/beacon_debug/frame_072660.png
[beacon] Saved seabird_dataset/beacon_debug/frame_072690.png
[beacon] Saved seabird_dataset/beacon_debug/frame_072720.png
[beacon] Saved seabird_dataset/beacon_debug/frame_072750.png
[beacon] Saved seabird_dataset/beacon_debug/frame_072780.png
[beacon] Saved seabird_dataset/beacon_debug/frame_072810.png
[beacon] Saved seabird_dataset/beacon_debug/frame_072840.png
[beacon] Saved seabird_dataset/beacon_debug/frame_072870.png
[beacon] Saved seabird_dataset/beacon_debug/frame_072900.png
[beacon] Saved seabird_dataset/beacon_debug/frame_072930.png
[beacon] Saved seabird_dataset/beacon_debug/frame_072960.png
[beacon] Saved seabird_dataset/beacon_debug/frame_072990.png
[beacon] Saved seabird_dataset/beacon_debug/frame_073020.png
[beacon] Saved seabird_dataset/beacon_debug/frame_073050.png
[beacon] Saved seabird_dataset/beacon_debug/frame_073080.png
[beacon] Saved seabird_dataset/beacon_debug/frame_073110.png
[beacon] Saved seabird_dataset/beacon_debug/frame_073140.png
[beacon] Saved seabird_dataset/beacon_debug/frame_073170.png
[beacon] Saved seabird_dataset/beacon_debug/frame_073200.png
[beacon] Saved seabird_dataset/beacon_debug/frame_073230.png
[beacon] Saved seabird_dataset/beacon_debug/frame_073260.png
[beacon] Saved seabird_dataset/beacon_debug/frame_073290.png
[beacon] Saved seabird_dataset/beacon_debug/frame_073320.png
[beacon] Saved seabird_dataset/beacon_debug/frame_073350.png
[beacon] Saved seabird_dataset/beacon_debug/frame_073380.png
[beacon] Saved seabird_dataset/beacon_debug/frame_073410.png
[beacon] Saved seabird_dataset/beacon_debug/frame_073440.png
[beacon] Saved seabird_dataset/beacon_debug/frame_073470.png
[beacon] Saved seabird_dataset/beacon_debug/frame_073500.png
[beacon] Saved seabird_dataset/beacon_debug/frame_073530.png
[beacon] Saved seabird_dataset/beacon_debug/frame_073560.png
[beacon] Saved seabird_dataset/beacon_debug/frame_073590.png
[beacon] Saved seabird_dataset/beacon_debug/frame_073620.png
[beacon] Saved seabird_dataset/beacon_debug/frame_073650.png
[beacon] Saved seabird_dataset/beacon_debug/frame_073680.png
[beacon] Saved seabird_dataset/beacon_debug/frame_073710.png
[beacon] Saved seabird_dataset/beacon_debug/frame_073740.png
[beacon] Saved seabird_dataset/beacon_debug/frame_073770.png
[beacon] Saved seabird_dataset/beacon_debug/frame_073800.png
[beacon] Saved seabird_dataset/beacon_debug/frame_073830.png
[beacon] Saved seabird_dataset/beacon_debug/frame_073860.png
[beacon] Saved seabird_dataset/beacon_debug/frame_073890.png
[beacon] Saved seabird_dataset/beacon_debug/frame_073920.png
[beacon] Saved seabird_dataset/beacon_debug/frame_073950.png
[beacon] Saved seabird_dataset/beacon_debug/frame_073980.png
[beacon] Saved seabird_dataset/beacon_debug/frame_074010.png
[beacon] Saved seabird_dataset/beacon_debug/frame_074040.png
[beacon] Saved seabird_dataset/beacon_debug/frame_074070.png
[beacon] Saved seabird_dataset/beacon_debug/frame_074100.png
[beacon] Saved seabird_dataset/beacon_debug/frame_074130.png
[beacon] Saved seabird_dataset/beacon_debug/frame_074160.png
[beacon] Saved seabird_dataset/beacon_debug/frame_074190.png
[beacon] Saved seabird_dataset/beacon_debug/frame_074220.png
[beacon] Saved seabird_dataset/beacon_debug/frame_074250.png
[beacon] Saved seabird_dataset/beacon_debug/frame_074280.png
[beacon] Saved seabird_dataset/beacon_debug/frame_074310.png
[beacon] Saved seabird_dataset/beacon_debug/frame_074340.png
[beacon] Saved seabird_dataset/beacon_debug/frame_074370.png
[beacon] Saved seabird_dataset/beacon_debug/frame_074400.png
[beacon] Saved seabird_dataset/beacon_debug/frame_074430.png
[beacon] Saved seabird_dataset/beacon_debug/frame_074460.png
[beacon] Saved seabird_dataset/beacon_debug/frame_074490.png
[beacon] Saved seabird_dataset/beacon_debug/frame_074520.png
[beacon] Saved seabird_dataset/beacon_debug/frame_074550.png
[beacon] Saved seabird_dataset/beacon_debug/frame_074580.png
[beacon] Saved seabird_dataset/beacon_debug/frame_074610.png
[beacon] Saved seabird_dataset/beacon_debug/frame_074640.png
[beacon] Saved seabird_dataset/beacon_debug/frame_074670.png
[beacon] Saved seabird_dataset/beacon_debug/frame_074700.png
[beacon] Saved seabird_dataset/beacon_debug/frame_074730.png
[beacon] Saved seabird_dataset/beacon_debug/frame_074760.png
[beacon] Saved seabird_dataset/beacon_debug/frame_074790.png
[beacon] Saved seabird_dataset/beacon_debug/frame_074820.png
[beacon] Saved seabird_dataset/beacon_debug/frame_074850.png
[beacon] Saved seabird_dataset/beacon_debug/frame_074880.png
[beacon] Saved seabird_dataset/beacon_debug/frame_074910.png
[beacon] Saved seabird_dataset/beacon_debug/frame_074940.png
[beacon] Saved seabird_dataset/beacon_debug/frame_074970.png
[beacon] Saved seabird_dataset/beacon_debug/frame_075000.png
[beacon] Saved seabird_dataset/beacon_debug/frame_075030.png
[beacon] Saved seabird_dataset/beacon_debug/frame_075060.png
[beacon] Saved seabird_dataset/beacon_debug/frame_075090.png
[beacon] Saved seabird_dataset/beacon_debug/frame_075120.png
[beacon] Saved seabird_dataset/beacon_debug/frame_075150.png
[beacon] Saved seabird_dataset/beacon_debug/frame_075180.png
[beacon] Saved seabird_dataset/beacon_debug/frame_075210.png
[beacon] Saved seabird_dataset/beacon_debug/frame_075240.png
[beacon] Saved seabird_dataset/beacon_debug/frame_075270.png
[beacon] Saved seabird_dataset/beacon_debug/frame_075300.png
[beacon] Saved seabird_dataset/beacon_debug/frame_075330.png
[beacon] Saved seabird_dataset/beacon_debug/frame_075360.png
[beacon] Saved seabird_dataset/beacon_debug/frame_075390.png
[beacon] Saved seabird_dataset/beacon_debug/frame_075420.png
[beacon] Saved seabird_dataset/beacon_debug/frame_075450.png
[beacon] Saved seabird_dataset/beacon_debug/frame_075480.png
[beacon] Saved seabird_dataset/beacon_debug/frame_075510.png
[beacon] Saved seabird_dataset/beacon_debug/frame_075540.png
[beacon] Saved seabird_dataset/beacon_debug/frame_075570.png
[beacon] Saved seabird_dataset/beacon_debug/frame_075600.png
[beacon] Saved seabird_dataset/beacon_debug/frame_075630.png
[beacon] Saved seabird_dataset/beacon_debug/frame_075660.png
[beacon] Saved seabird_dataset/beacon_debug/frame_075690.png
[beacon] Saved seabird_dataset/beacon_debug/frame_075720.png
[beacon] Saved seabird_dataset/beacon_debug/frame_075750.png
[beacon] Saved seabird_dataset/beacon_debug/frame_075780.png
[beacon] Saved seabird_dataset/beacon_debug/frame_075810.png
[beacon] Saved seabird_dataset/beacon_debug/frame_075840.png
[beacon] Saved seabird_dataset/beacon_debug/frame_075870.png
[beacon] Saved seabird_dataset/beacon_debug/frame_075900.png
[beacon] Saved seabird_dataset/beacon_debug/frame_075930.png
[beacon] Saved seabird_dataset/beacon_debug/frame_075960.png
[beacon] Saved seabird_dataset/beacon_debug/frame_075990.png
[beacon] Saved seabird_dataset/beacon_debug/frame_076020.png
[beacon] Saved seabird_dataset/beacon_debug/frame_076050.png
[beacon] Saved seabird_dataset/beacon_debug/frame_076080.png
[beacon] Saved seabird_dataset/beacon_debug/frame_076110.png
[beacon] Saved seabird_dataset/beacon_debug/frame_076140.png
[beacon] Saved seabird_dataset/beacon_debug/frame_076170.png
[beacon] Saved seabird_dataset/beacon_debug/frame_076200.png
[beacon] Saved seabird_dataset/beacon_debug/frame_076230.png
[beacon] Saved seabird_dataset/beacon_debug/frame_076260.png
[beacon] Saved seabird_dataset/beacon_debug/frame_076290.png
[beacon] Saved seabird_dataset/beacon_debug/frame_076320.png
[beacon] Saved seabird_dataset/beacon_debug/frame_076350.png
[beacon] Saved seabird_dataset/beacon_debug/frame_076380.png
[beacon] Saved seabird_dataset/beacon_debug/frame_076410.png
[beacon] Saved seabird_dataset/beacon_debug/frame_076440.png
[beacon] Saved seabird_dataset/beacon_debug/frame_076470.png
[beacon] Saved seabird_dataset/beacon_debug/frame_076500.png
[beacon] Saved seabird_dataset/beacon_debug/frame_076530.png
[beacon] Saved seabird_dataset/beacon_debug/frame_076560.png
[beacon] Saved seabird_dataset/beacon_debug/frame_076590.png
[beacon] Saved seabird_dataset/beacon_debug/frame_076620.png
[beacon] Saved seabird_dataset/beacon_debug/frame_076650.png
[beacon] Saved seabird_dataset/beacon_debug/frame_076680.png
[beacon] Saved seabird_dataset/beacon_debug/frame_076710.png
[beacon] Saved seabird_dataset/beacon_debug/frame_076740.png
[beacon] Saved seabird_dataset/beacon_debug/frame_076770.png
[beacon] Saved seabird_dataset/beacon_debug/frame_076800.png
[beacon] Saved seabird_dataset/beacon_debug/frame_076830.png
[beacon] Saved seabird_dataset/beacon_debug/frame_076860.png
[beacon] Saved seabird_dataset/beacon_debug/frame_076890.png
[beacon] Saved seabird_dataset/beacon_debug/frame_076920.png
[beacon] Saved seabird_dataset/beacon_debug/frame_076950.png
[beacon] Saved seabird_dataset/beacon_debug/frame_076980.png
[beacon] Saved seabird_dataset/beacon_debug/frame_077010.png
[beacon] Saved seabird_dataset/beacon_debug/frame_077040.png
[beacon] Saved seabird_dataset/beacon_debug/frame_077070.png
[beacon] Saved seabird_dataset/beacon_debug/frame_077100.png
[beacon] Saved seabird_dataset/beacon_debug/frame_077130.png
[beacon] Saved seabird_dataset/beacon_debug/frame_077160.png
[beacon] Saved seabird_dataset/beacon_debug/frame_077190.png
[beacon] Saved seabird_dataset/beacon_debug/frame_077220.png
[beacon] Saved seabird_dataset/beacon_debug/frame_077250.png
[beacon] Saved seabird_dataset/beacon_debug/frame_077280.png
[beacon] Saved seabird_dataset/beacon_debug/frame_077310.png
[beacon] Saved seabird_dataset/beacon_debug/frame_077340.png
[beacon] Saved seabird_dataset/beacon_debug/frame_077370.png
[beacon] Saved seabird_dataset/beacon_debug/frame_077400.png
[beacon] Saved seabird_dataset/beacon_debug/frame_077430.png
[beacon] Saved seabird_dataset/beacon_debug/frame_077460.png
[beacon] Saved seabird_dataset/beacon_debug/frame_077490.png
[beacon] Saved seabird_dataset/beacon_debug/frame_077520.png
[beacon] Saved seabird_dataset/beacon_debug/frame_077550.png
[beacon] Saved seabird_dataset/beacon_debug/frame_077580.png
[beacon] Saved seabird_dataset/beacon_debug/frame_077610.png
[beacon] Saved seabird_dataset/beacon_debug/frame_077640.png
[beacon] Saved seabird_dataset/beacon_debug/frame_077670.png
[beacon] Saved seabird_dataset/beacon_debug/frame_077700.png
[beacon] Saved seabird_dataset/beacon_debug/frame_077730.png
[beacon] Saved seabird_dataset/beacon_debug/frame_077760.png
[beacon] Saved seabird_dataset/beacon_debug/frame_077790.png
[beacon] Saved seabird_dataset/beacon_debug/frame_077820.png
[beacon] Saved seabird_dataset/beacon_debug/frame_077850.png
[beacon] Saved seabird_dataset/beacon_debug/frame_077880.png
[beacon] Saved seabird_dataset/beacon_debug/frame_077910.png
[beacon] Saved seabird_dataset/beacon_debug/frame_077940.png
[beacon] Saved seabird_dataset/beacon_debug/frame_077970.png
[beacon] Saved seabird_dataset/beacon_debug/frame_078000.png
[beacon] Saved seabird_dataset/beacon_debug/frame_078030.png
[beacon] Saved seabird_dataset/beacon_debug/frame_078060.png
[beacon] Saved seabird_dataset/beacon_debug/frame_078090.png
[beacon] Saved seabird_dataset/beacon_debug/frame_078120.png
[beacon] Saved seabird_dataset/beacon_debug/frame_078150.png
[beacon] Saved seabird_dataset/beacon_debug/frame_078180.png
[beacon] Saved seabird_dataset/beacon_debug/frame_078210.png
[beacon] Saved seabird_dataset/beacon_debug/frame_078240.png
[beacon] Saved seabird_dataset/beacon_debug/frame_078270.png
[beacon] Saved seabird_dataset/beacon_debug/frame_078300.png
[beacon] Saved seabird_dataset/beacon_debug/frame_078330.png
[beacon] Saved seabird_dataset/beacon_debug/frame_078360.png
[beacon] Saved seabird_dataset/beacon_debug/frame_078390.png
[beacon] Saved seabird_dataset/beacon_debug/frame_078420.png
[beacon] Saved seabird_dataset/beacon_debug/frame_078450.png
[beacon] Saved seabird_dataset/beacon_debug/frame_078480.png
[beacon] Saved seabird_dataset/beacon_debug/frame_078510.png
[beacon] Saved seabird_dataset/beacon_debug/frame_078540.png
[beacon] Saved seabird_dataset/beacon_debug/frame_078570.png
[beacon] Saved seabird_dataset/beacon_debug/frame_078600.png
[beacon] Saved seabird_dataset/beacon_debug/frame_078630.png
[beacon] Saved seabird_dataset/beacon_debug/frame_078660.png
[beacon] Saved seabird_dataset/beacon_debug/frame_078690.png
[beacon] Saved seabird_dataset/beacon_debug/frame_078720.png
[beacon] Saved seabird_dataset/beacon_debug/frame_078750.png
[beacon] Saved seabird_dataset/beacon_debug/frame_078780.png
[beacon] Saved seabird_dataset/beacon_debug/frame_078810.png
[beacon] Saved seabird_dataset/beacon_debug/frame_078840.png
[beacon] Saved seabird_dataset/beacon_debug/frame_078870.png
[beacon] Saved seabird_dataset/beacon_debug/frame_078900.png
[beacon] Saved seabird_dataset/beacon_debug/frame_078930.png
[beacon] Saved seabird_dataset/beacon_debug/frame_078960.png
[beacon] Saved seabird_dataset/beacon_debug/frame_078990.png
[beacon] Saved seabird_dataset/beacon_debug/frame_079020.png
[beacon] Saved seabird_dataset/beacon_debug/frame_079050.png
[beacon] Saved seabird_dataset/beacon_debug/frame_079080.png
[beacon] Saved seabird_dataset/beacon_debug/frame_079110.png
[beacon] Saved seabird_dataset/beacon_debug/frame_079140.png
[beacon] Saved seabird_dataset/beacon_debug/frame_079170.png
[beacon] Saved seabird_dataset/beacon_debug/frame_079200.png
[beacon] Saved seabird_dataset/beacon_debug/frame_079230.png
[beacon] Saved seabird_dataset/beacon_debug/frame_079260.png
[beacon] Saved seabird_dataset/beacon_debug/frame_079290.png
[beacon] Saved seabird_dataset/beacon_debug/frame_079320.png
[beacon] Saved seabird_dataset/beacon_debug/frame_079350.png
[beacon] Saved seabird_dataset/beacon_debug/frame_079380.png
[beacon] Saved seabird_dataset/beacon_debug/frame_079410.png
[beacon] Saved seabird_dataset/beacon_debug/frame_079440.png
[beacon] Saved seabird_dataset/beacon_debug/frame_079470.png
[beacon] Saved seabird_dataset/beacon_debug/frame_079500.png
[beacon] Saved seabird_dataset/beacon_debug/frame_079530.png
[beacon] Saved seabird_dataset/beacon_debug/frame_079560.png
[beacon] Saved seabird_dataset/beacon_debug/frame_079590.png
[beacon] Saved seabird_dataset/beacon_debug/frame_079620.png
[beacon] Saved seabird_dataset/beacon_debug/frame_079650.png
[beacon] Saved seabird_dataset/beacon_debug/frame_079680.png
[beacon] Saved seabird_dataset/beacon_debug/frame_079710.png
[beacon] Saved seabird_dataset/beacon_debug/frame_079740.png
[beacon] Saved seabird_dataset/beacon_debug/frame_079770.png
[beacon] Saved seabird_dataset/beacon_debug/frame_079800.png
[beacon] Saved seabird_dataset/beacon_debug/frame_079830.png
[beacon] Saved seabird_dataset/beacon_debug/frame_079860.png
[beacon] Saved seabird_dataset/beacon_debug/frame_079890.png
[beacon] Saved seabird_dataset/beacon_debug/frame_079920.png
[beacon] Saved seabird_dataset/beacon_debug/frame_079950.png
[beacon] Saved seabird_dataset/beacon_debug/frame_079980.png
[beacon] Saved seabird_dataset/beacon_debug/frame_080010.png
[beacon] Saved seabird_dataset/beacon_debug/frame_080040.png
[beacon] Saved seabird_dataset/beacon_debug/frame_080070.png
[beacon] Saved seabird_dataset/beacon_debug/frame_080100.png
[beacon] Saved seabird_dataset/beacon_debug/frame_080130.png
[beacon] Saved seabird_dataset/beacon_debug/frame_080160.png
[beacon] Saved seabird_dataset/beacon_debug/frame_080190.png
[beacon] Saved seabird_dataset/beacon_debug/frame_080220.png
[beacon] Saved seabird_dataset/beacon_debug/frame_080250.png
[beacon] Saved seabird_dataset/beacon_debug/frame_080280.png
[beacon] Saved seabird_dataset/beacon_debug/frame_080310.png
[beacon] Saved seabird_dataset/beacon_debug/frame_080340.png
[beacon] Saved seabird_dataset/beacon_debug/frame_080370.png
[beacon] Saved seabird_dataset/beacon_debug/frame_080400.png
[beacon] Saved seabird_dataset/beacon_debug/frame_080430.png
[beacon] Saved seabird_dataset/beacon_debug/frame_080460.png
[beacon] Saved seabird_dataset/beacon_debug/frame_080490.png
[beacon] Saved seabird_dataset/beacon_debug/frame_080520.png
[beacon] Saved seabird_dataset/beacon_debug/frame_080550.png
[beacon] Saved seabird_dataset/beacon_debug/frame_080580.png
[beacon] Saved seabird_dataset/beacon_debug/frame_080610.png
[beacon] Saved seabird_dataset/beacon_debug/frame_080640.png
[beacon] Saved seabird_dataset/beacon_debug/frame_080670.png
[beacon] Saved seabird_dataset/beacon_debug/frame_080700.png
[beacon] Saved seabird_dataset/beacon_debug/frame_080730.png
[beacon] Saved seabird_dataset/beacon_debug/frame_080760.png
[beacon] Saved seabird_dataset/beacon_debug/frame_080790.png
[beacon] Saved seabird_dataset/beacon_debug/frame_080820.png
[beacon] Saved seabird_dataset/beacon_debug/frame_080850.png
[beacon] Saved seabird_dataset/beacon_debug/frame_080880.png
[beacon] Saved seabird_dataset/beacon_debug/frame_080910.png
[beacon] Saved seabird_dataset/beacon_debug/frame_080940.png
[beacon] Saved seabird_dataset/beacon_debug/frame_080970.png
[beacon] Saved seabird_dataset/beacon_debug/frame_081000.png
[beacon] Saved seabird_dataset/beacon_debug/frame_081030.png
[beacon] Saved seabird_dataset/beacon_debug/frame_081060.png
[beacon] Saved seabird_dataset/beacon_debug/frame_081090.png
[beacon] Saved seabird_dataset/beacon_debug/frame_081120.png
[beacon] Saved seabird_dataset/beacon_debug/frame_081150.png
[beacon] Saved seabird_dataset/beacon_debug/frame_081180.png
[beacon] Saved seabird_dataset/beacon_debug/frame_081210.png
[beacon] Saved seabird_dataset/beacon_debug/frame_081240.png
[beacon] Saved seabird_dataset/beacon_debug/frame_081270.png
[beacon] Saved seabird_dataset/beacon_debug/frame_081300.png
[beacon] Saved seabird_dataset/beacon_debug/frame_081330.png
[beacon] Saved seabird_dataset/beacon_debug/frame_081360.png
[beacon] Saved seabird_dataset/beacon_debug/frame_081390.png
[beacon] Saved seabird_dataset/beacon_debug/frame_081420.png
[beacon] Saved seabird_dataset/beacon_debug/frame_081450.png
[beacon] Saved seabird_dataset/beacon_debug/frame_081480.png
[beacon] Saved seabird_dataset/beacon_debug/frame_081510.png
[beacon] Saved seabird_dataset/beacon_debug/frame_081540.png
[beacon] Saved seabird_dataset/beacon_debug/frame_081570.png
[beacon] Saved seabird_dataset/beacon_debug/frame_081600.png
[beacon] Saved seabird_dataset/beacon_debug/frame_081630.png
[beacon] Saved seabird_dataset/beacon_debug/frame_081660.png
[beacon] Saved seabird_dataset/beacon_debug/frame_081690.png
[beacon] Saved seabird_dataset/beacon_debug/frame_081720.png
[beacon] Saved seabird_dataset/beacon_debug/frame_081750.png
[beacon] Saved seabird_dataset/beacon_debug/frame_081780.png
[beacon] Saved seabird_dataset/beacon_debug/frame_081810.png
[beacon] Saved seabird_dataset/beacon_debug/frame_081840.png
[beacon] Saved seabird_dataset/beacon_debug/frame_081870.png
[beacon] Saved seabird_dataset/beacon_debug/frame_081900.png
[beacon] Saved seabird_dataset/beacon_debug/frame_081930.png
[beacon] Saved seabird_dataset/beacon_debug/frame_081960.png
[beacon] Saved seabird_dataset/beacon_debug/frame_081990.png
[beacon] Saved seabird_dataset/beacon_debug/frame_082020.png
[beacon] Saved seabird_dataset/beacon_debug/frame_082050.png
[beacon] Saved seabird_dataset/beacon_debug/frame_082080.png
[beacon] Saved seabird_dataset/beacon_debug/frame_082110.png
[beacon] Saved seabird_dataset/beacon_debug/frame_082140.png
[beacon] Saved seabird_dataset/beacon_debug/frame_082170.png
[beacon] Saved seabird_dataset/beacon_debug/frame_082200.png
[beacon] Saved seabird_dataset/beacon_debug/frame_082230.png
[beacon] Saved seabird_dataset/beacon_debug/frame_082260.png
[beacon] Saved seabird_dataset/beacon_debug/frame_082290.png
[beacon] Saved seabird_dataset/beacon_debug/frame_082320.png
[beacon] Saved seabird_dataset/beacon_debug/frame_082350.png
[beacon] Saved seabird_dataset/beacon_debug/frame_082380.png
[beacon] Saved seabird_dataset/beacon_debug/frame_082410.png
[beacon] Saved seabird_dataset/beacon_debug/frame_082440.png
[beacon] Saved seabird_dataset/beacon_debug/frame_082470.png
[beacon] Saved seabird_dataset/beacon_debug/frame_082500.png
[beacon] Saved seabird_dataset/beacon_debug/frame_082530.png
[beacon] Saved seabird_dataset/beacon_debug/frame_082560.png
[beacon] Saved seabird_dataset/beacon_debug/frame_082590.png
[beacon] Saved seabird_dataset/beacon_debug/frame_082620.png
[beacon] Saved seabird_dataset/beacon_debug/frame_082650.png
[beacon] Saved seabird_dataset/beacon_debug/frame_082680.png
[beacon] Saved seabird_dataset/beacon_debug/frame_082710.png
[beacon] Saved seabird_dataset/beacon_debug/frame_082740.png
[beacon] Saved seabird_dataset/beacon_debug/frame_082770.png
[beacon] Saved seabird_dataset/beacon_debug/frame_082800.png
[beacon] Saved seabird_dataset/beacon_debug/frame_082830.png
[beacon] Saved seabird_dataset/beacon_debug/frame_082860.png
[beacon] Saved seabird_dataset/beacon_debug/frame_082890.png
[beacon] Saved seabird_dataset/beacon_debug/frame_082920.png
[beacon] Saved seabird_dataset/beacon_debug/frame_082950.png
[beacon] Saved seabird_dataset/beacon_debug/frame_082980.png
[beacon] Saved seabird_dataset/beacon_debug/frame_083010.png
[beacon] Saved seabird_dataset/beacon_debug/frame_083040.png
[beacon] Saved seabird_dataset/beacon_debug/frame_083070.png
[beacon] Saved seabird_dataset/beacon_debug/frame_083100.png
[beacon] Saved seabird_dataset/beacon_debug/frame_083130.png
[beacon] Saved seabird_dataset/beacon_debug/frame_083160.png
[beacon] Saved seabird_dataset/beacon_debug/frame_083190.png
[beacon] Saved seabird_dataset/beacon_debug/frame_083220.png
[beacon] Saved seabird_dataset/beacon_debug/frame_083250.png
[beacon] Saved seabird_dataset/beacon_debug/frame_083280.png
[beacon] Saved seabird_dataset/beacon_debug/frame_083310.png
[beacon] Saved seabird_dataset/beacon_debug/frame_083340.png
[beacon] Saved seabird_dataset/beacon_debug/frame_083370.png
[beacon] Saved seabird_dataset/beacon_debug/frame_083400.png
[beacon] Saved seabird_dataset/beacon_debug/frame_083430.png
[beacon] Saved seabird_dataset/beacon_debug/frame_083460.png
[beacon] Saved seabird_dataset/beacon_debug/frame_083490.png
[beacon] Saved seabird_dataset/beacon_debug/frame_083520.png
[beacon] Saved seabird_dataset/beacon_debug/frame_083550.png
[beacon] Saved seabird_dataset/beacon_debug/frame_083580.png
[beacon] Saved seabird_dataset/beacon_debug/frame_083610.png
[beacon] Saved seabird_dataset/beacon_debug/frame_083640.png
[beacon] Saved seabird_dataset/beacon_debug/frame_083670.png
[beacon] Saved seabird_dataset/beacon_debug/frame_083700.png
[beacon] Saved seabird_dataset/beacon_debug/frame_083730.png
[beacon] Saved seabird_dataset/beacon_debug/frame_083760.png
[beacon] Saved seabird_dataset/beacon_debug/frame_083790.png
[beacon] Saved seabird_dataset/beacon_debug/frame_083820.png
[beacon] Saved seabird_dataset/beacon_debug/frame_083850.png
[beacon] Saved seabird_dataset/beacon_debug/frame_083880.png
[beacon] Saved seabird_dataset/beacon_debug/frame_083910.png
[beacon] Saved seabird_dataset/beacon_debug/frame_083940.png
[beacon] Saved seabird_dataset/beacon_debug/frame_083970.png
[beacon] Saved seabird_dataset/beacon_debug/frame_084000.png
[beacon] Saved seabird_dataset/beacon_debug/frame_084030.png
[beacon] Saved seabird_dataset/beacon_debug/frame_084060.png
[beacon] Saved seabird_dataset/beacon_debug/frame_084090.png
[beacon] Saved seabird_dataset/beacon_debug/frame_084120.png
[beacon] Saved seabird_dataset/beacon_debug/frame_084150.png
[beacon] Saved seabird_dataset/beacon_debug/frame_084180.png
[beacon] Saved seabird_dataset/beacon_debug/frame_084210.png
[beacon] Saved seabird_dataset/beacon_debug/frame_084240.png
[beacon] Saved seabird_dataset/beacon_debug/frame_084270.png
[beacon] Saved seabird_dataset/beacon_debug/frame_084300.png
[beacon] Saved seabird_dataset/beacon_debug/frame_084330.png
[beacon] Saved seabird_dataset/beacon_debug/frame_084360.png
[beacon] Saved seabird_dataset/beacon_debug/frame_084390.png
[beacon] Saved seabird_dataset/beacon_debug/frame_084420.png
[beacon] Saved seabird_dataset/beacon_debug/frame_084450.png
[beacon] Saved seabird_dataset/beacon_debug/frame_084480.png
[beacon] Saved seabird_dataset/beacon_debug/frame_084510.png
[beacon] Saved seabird_dataset/beacon_debug/frame_084540.png
[beacon] Saved seabird_dataset/beacon_debug/frame_084570.png
[beacon] Saved seabird_dataset/beacon_debug/frame_084600.png
[beacon] Saved seabird_dataset/beacon_debug/frame_084630.png
[beacon] Saved seabird_dataset/beacon_debug/frame_084660.png
[beacon] Saved seabird_dataset/beacon_debug/frame_084690.png
[beacon] Saved seabird_dataset/beacon_debug/frame_084720.png
[beacon] Saved seabird_dataset/beacon_debug/frame_084750.png
[beacon] Saved seabird_dataset/beacon_debug/frame_084780.png
[beacon] Saved seabird_dataset/beacon_debug/frame_084810.png
[beacon] Saved seabird_dataset/beacon_debug/frame_084840.png
[beacon] Saved seabird_dataset/beacon_debug/frame_084870.png
[beacon] Saved seabird_dataset/beacon_debug/frame_084900.png
[beacon] Saved seabird_dataset/beacon_debug/frame_084930.png
[beacon] Saved seabird_dataset/beacon_debug/frame_084960.png
[beacon] Saved seabird_dataset/beacon_debug/frame_084990.png
[beacon] Saved seabird_dataset/beacon_debug/frame_085020.png
[beacon] Saved seabird_dataset/beacon_debug/frame_085050.png
[beacon] Saved seabird_dataset/beacon_debug/frame_085080.png
[beacon] Saved seabird_dataset/beacon_debug/frame_085110.png
[beacon] Saved seabird_dataset/beacon_debug/frame_085140.png
[beacon] Saved seabird_dataset/beacon_debug/frame_085170.png
[beacon] Saved seabird_dataset/beacon_debug/frame_085200.png
[beacon] Saved seabird_dataset/beacon_debug/frame_085230.png
[beacon] Saved seabird_dataset/beacon_debug/frame_085260.png
[beacon] Saved seabird_dataset/beacon_debug/frame_085290.png
[beacon] Saved seabird_dataset/beacon_debug/frame_085320.png
[beacon] Saved seabird_dataset/beacon_debug/frame_085350.png
[beacon] Saved seabird_dataset/beacon_debug/frame_085380.png
[beacon] Saved seabird_dataset/beacon_debug/frame_085410.png
[beacon] Saved seabird_dataset/beacon_debug/frame_085440.png
[beacon] Saved seabird_dataset/beacon_debug/frame_085470.png
[beacon] Saved seabird_dataset/beacon_debug/frame_085500.png
[beacon] Saved seabird_dataset/beacon_debug/frame_085530.png
[beacon] Saved seabird_dataset/beacon_debug/frame_085560.png
[beacon] Saved seabird_dataset/beacon_debug/frame_085590.png
[beacon] Saved seabird_dataset/beacon_debug/frame_085620.png
[beacon] Saved seabird_dataset/beacon_debug/frame_085650.png
[beacon] Saved seabird_dataset/beacon_debug/frame_085680.png
[beacon] Saved seabird_dataset/beacon_debug/frame_085710.png
[beacon] Saved seabird_dataset/beacon_debug/frame_085740.png
[beacon] Saved seabird_dataset/beacon_debug/frame_085770.png
[beacon] Saved seabird_dataset/beacon_debug/frame_085800.png
[beacon] Saved seabird_dataset/beacon_debug/frame_085830.png
[beacon] Saved seabird_dataset/beacon_debug/frame_085860.png
[beacon] Saved seabird_dataset/beacon_debug/frame_085890.png
[beacon] Saved seabird_dataset/beacon_debug/frame_085920.png
[beacon] Saved seabird_dataset/beacon_debug/frame_085950.png
[beacon] Saved seabird_dataset/beacon_debug/frame_085980.png
[beacon] Saved seabird_dataset/beacon_debug/frame_086010.png
[beacon] Saved seabird_dataset/beacon_debug/frame_086040.png
[beacon] Saved seabird_dataset/beacon_debug/frame_086070.png
[beacon] Saved seabird_dataset/beacon_debug/frame_086100.png
[beacon] Saved seabird_dataset/beacon_debug/frame_086130.png
[beacon] Saved seabird_dataset/beacon_debug/frame_086160.png
[beacon] Saved seabird_dataset/beacon_debug/frame_086190.png
[beacon] Saved seabird_dataset/beacon_debug/frame_086220.png
[beacon] Saved seabird_dataset/beacon_debug/frame_086250.png
[beacon] Saved seabird_dataset/beacon_debug/frame_086280.png
[beacon] Saved seabird_dataset/beacon_debug/frame_086310.png
[beacon] Saved seabird_dataset/beacon_debug/frame_086340.png
[beacon] Saved seabird_dataset/beacon_debug/frame_086370.png
[beacon] Saved seabird_dataset/beacon_debug/frame_086400.png
[beacon] Saved seabird_dataset/beacon_debug/frame_086430.png
[beacon] Saved seabird_dataset/beacon_debug/frame_086460.png
[beacon] Saved seabird_dataset/beacon_debug/frame_086490.png
[beacon] Saved seabird_dataset/beacon_debug/frame_086520.png
[beacon] Saved seabird_dataset/beacon_debug/frame_086550.png
[beacon] Saved seabird_dataset/beacon_debug/frame_086580.png
[beacon] Saved seabird_dataset/beacon_debug/frame_086610.png
[beacon] Saved seabird_dataset/beacon_debug/frame_086640.png
[beacon] Saved seabird_dataset/beacon_debug/frame_086670.png
[beacon] Saved seabird_dataset/beacon_debug/frame_086700.png
[beacon] Saved seabird_dataset/beacon_debug/frame_086730.png
[beacon] Saved seabird_dataset/beacon_debug/frame_086760.png
[beacon] Saved seabird_dataset/beacon_debug/frame_086790.png
[beacon] Saved seabird_dataset/beacon_debug/frame_086820.png
[beacon] Saved seabird_dataset/beacon_debug/frame_086850.png
[beacon] Saved seabird_dataset/beacon_debug/frame_086880.png
[beacon] Saved seabird_dataset/beacon_debug/frame_086910.png
[beacon] Saved seabird_dataset/beacon_debug/frame_086940.png
[beacon] Saved seabird_dataset/beacon_debug/frame_086970.png
[beacon] Saved seabird_dataset/beacon_debug/frame_087000.png
[beacon] Saved seabird_dataset/beacon_debug/frame_087030.png
[beacon] Saved seabird_dataset/beacon_debug/frame_087060.png
[beacon] Saved seabird_dataset/beacon_debug/frame_087090.png
[beacon] Saved seabird_dataset/beacon_debug/frame_087120.png
[beacon] Saved seabird_dataset/beacon_debug/frame_087150.png
[beacon] Saved seabird_dataset/beacon_debug/frame_087180.png
[beacon] Saved seabird_dataset/beacon_debug/frame_087210.png
[beacon] Saved seabird_dataset/beacon_debug/frame_087240.png
[beacon] Saved seabird_dataset/beacon_debug/frame_087270.png
[beacon] Saved seabird_dataset/beacon_debug/frame_087300.png
[beacon] Saved seabird_dataset/beacon_debug/frame_087330.png
[beacon] Saved seabird_dataset/beacon_debug/frame_087360.png
[beacon] Saved seabird_dataset/beacon_debug/frame_087390.png
[beacon] Saved seabird_dataset/beacon_debug/frame_087420.png
[beacon] Saved seabird_dataset/beacon_debug/frame_087450.png
[beacon] Saved seabird_dataset/beacon_debug/frame_087480.png
[beacon] Saved seabird_dataset/beacon_debug/frame_087510.png
[beacon] Saved seabird_dataset/beacon_debug/frame_087540.png
[beacon] Saved seabird_dataset/beacon_debug/frame_087570.png
[beacon] Saved seabird_dataset/beacon_debug/frame_087600.png
[beacon] Saved seabird_dataset/beacon_debug/frame_087630.png
[beacon] Saved seabird_dataset/beacon_debug/frame_087660.png
[beacon] Saved seabird_dataset/beacon_debug/frame_087690.png
[beacon] Saved seabird_dataset/beacon_debug/frame_087720.png
[beacon] Saved seabird_dataset/beacon_debug/frame_087750.png
[beacon] Saved seabird_dataset/beacon_debug/frame_087780.png
[beacon] Saved seabird_dataset/beacon_debug/frame_087810.png
[beacon] Saved seabird_dataset/beacon_debug/frame_087840.png
[beacon] Saved seabird_dataset/beacon_debug/frame_087870.png
[beacon] Saved seabird_dataset/beacon_debug/frame_087900.png
[beacon] Saved seabird_dataset/beacon_debug/frame_087930.png
[beacon] Saved seabird_dataset/beacon_debug/frame_087960.png
[beacon] Saved seabird_dataset/beacon_debug/frame_087990.png
[beacon] Saved seabird_dataset/beacon_debug/frame_088020.png
[beacon] Saved seabird_dataset/beacon_debug/frame_088050.png
[beacon] Saved seabird_dataset/beacon_debug/frame_088080.png
[beacon] Saved seabird_dataset/beacon_debug/frame_088110.png
[beacon] Saved seabird_dataset/beacon_debug/frame_088140.png
[beacon] Saved seabird_dataset/beacon_debug/frame_088170.png
[beacon] Saved seabird_dataset/beacon_debug/frame_088200.png
[beacon] Saved seabird_dataset/beacon_debug/frame_088230.png
[beacon] Saved seabird_dataset/beacon_debug/frame_088260.png
[beacon] Saved seabird_dataset/beacon_debug/frame_088290.png
[beacon] Saved seabird_dataset/beacon_debug/frame_088320.png
[beacon] Saved seabird_dataset/beacon_debug/frame_088350.png
[beacon] Saved seabird_dataset/beacon_debug/frame_088380.png
[beacon] Saved seabird_dataset/beacon_debug/frame_088410.png
[beacon] Saved seabird_dataset/beacon_debug/frame_088440.png
[beacon] Saved seabird_dataset/beacon_debug/frame_088470.png
[beacon] Saved seabird_dataset/beacon_debug/frame_088500.png
[beacon] Saved seabird_dataset/beacon_debug/frame_088530.png
[beacon] Saved seabird_dataset/beacon_debug/frame_088560.png
[beacon] Saved seabird_dataset/beacon_debug/frame_088590.png
[beacon] Saved seabird_dataset/beacon_debug/frame_088620.png
[beacon] Saved seabird_dataset/beacon_debug/frame_088650.png
[beacon] Saved seabird_dataset/beacon_debug/frame_088680.png
[beacon] Saved seabird_dataset/beacon_debug/frame_088710.png
[beacon] Saved seabird_dataset/beacon_debug/frame_088740.png
[beacon] Saved seabird_dataset/beacon_debug/frame_088770.png
[beacon] Saved seabird_dataset/beacon_debug/frame_088800.png
[beacon] Saved seabird_dataset/beacon_debug/frame_088830.png
[beacon] Saved seabird_dataset/beacon_debug/frame_088860.png
[beacon] Saved seabird_dataset/beacon_debug/frame_088890.png
[beacon] Saved seabird_dataset/beacon_debug/frame_088920.png
[beacon] Saved seabird_dataset/beacon_debug/frame_088950.png
[beacon] Saved seabird_dataset/beacon_debug/frame_088980.png
[beacon] Saved seabird_dataset/beacon_debug/frame_089010.png
[beacon] Saved seabird_dataset/beacon_debug/frame_089040.png
[beacon] Saved seabird_dataset/beacon_debug/frame_089070.png
[beacon] Saved seabird_dataset/beacon_debug/frame_089100.png
[beacon] Saved seabird_dataset/beacon_debug/frame_089130.png
[beacon] Saved seabird_dataset/beacon_debug/frame_089160.png
[beacon] Saved seabird_dataset/beacon_debug/frame_089190.png
[beacon] Saved seabird_dataset/beacon_debug/frame_089220.png
[beacon] Saved seabird_dataset/beacon_debug/frame_089250.png
[beacon] Saved seabird_dataset/beacon_debug/frame_089280.png
[beacon] Saved seabird_dataset/beacon_debug/frame_089310.png
[beacon] Saved seabird_dataset/beacon_debug/frame_089340.png
[beacon] Saved seabird_dataset/beacon_debug/frame_089370.png
[beacon] Saved seabird_dataset/beacon_debug/frame_089400.png
[beacon] Saved seabird_dataset/beacon_debug/frame_089430.png
[beacon] Saved seabird_dataset/beacon_debug/frame_089460.png
[beacon] Saved seabird_dataset/beacon_debug/frame_089490.png
[beacon] Saved seabird_dataset/beacon_debug/frame_089520.png
[beacon] Saved seabird_dataset/beacon_debug/frame_089550.png
[beacon] Saved seabird_dataset/beacon_debug/frame_089580.png
[beacon] Saved seabird_dataset/beacon_debug/frame_089610.png
[beacon] Saved seabird_dataset/beacon_debug/frame_089640.png
[beacon] Saved seabird_dataset/beacon_debug/frame_089670.png
[beacon] Saved seabird_dataset/beacon_debug/frame_089700.png
[beacon] Saved seabird_dataset/beacon_debug/frame_089730.png
[beacon] Saved seabird_dataset/beacon_debug/frame_089760.png
[beacon] Saved seabird_dataset/beacon_debug/frame_089790.png
[beacon] Saved seabird_dataset/beacon_debug/frame_089820.png
[beacon] Saved seabird_dataset/beacon_debug/frame_089850.png
[beacon] Saved seabird_dataset/beacon_debug/frame_089880.png
[beacon] Saved seabird_dataset/beacon_debug/frame_089910.png
[beacon] Saved seabird_dataset/beacon_debug/frame_089940.png
[beacon] Saved seabird_dataset/beacon_debug/frame_089970.png
[beacon] Saved seabird_dataset/beacon_debug/frame_090000.png
[beacon] Saved seabird_dataset/beacon_debug/frame_090030.png
[beacon] Saved seabird_dataset/beacon_debug/frame_090060.png
[beacon] Saved seabird_dataset/beacon_debug/frame_090090.png
[beacon] Saved seabird_dataset/beacon_debug/frame_090120.png
[beacon] Saved seabird_dataset/beacon_debug/frame_090150.png
[beacon] Saved seabird_dataset/beacon_debug/frame_090180.png
[beacon] Saved seabird_dataset/beacon_debug/frame_090210.png
[beacon] Saved seabird_dataset/beacon_debug/frame_090240.png
[beacon] Saved seabird_dataset/beacon_debug/frame_090270.png
[beacon] Saved seabird_dataset/beacon_debug/frame_090300.png
[beacon] Saved seabird_dataset/beacon_debug/frame_090330.png
[beacon] Saved seabird_dataset/beacon_debug/frame_090360.png
[beacon] Saved seabird_dataset/beacon_debug/frame_090390.png
[beacon] Saved seabird_dataset/beacon_debug/frame_090420.png
[beacon] Saved seabird_dataset/beacon_debug/frame_090450.png
[beacon] Saved seabird_dataset/beacon_debug/frame_090480.png
[beacon] Saved seabird_dataset/beacon_debug/frame_090510.png
[beacon] Saved seabird_dataset/beacon_debug/frame_090540.png
[beacon] Saved seabird_dataset/beacon_debug/frame_090570.png
[beacon] Saved seabird_dataset/beacon_debug/frame_090600.png
[beacon] Saved seabird_dataset/beacon_debug/frame_090630.png
[beacon] Saved seabird_dataset/beacon_debug/frame_090660.png
[beacon] Saved seabird_dataset/beacon_debug/frame_090690.png
[beacon] Saved seabird_dataset/beacon_debug/frame_090720.png
[beacon] Saved seabird_dataset/beacon_debug/frame_090750.png
[beacon] Saved seabird_dataset/beacon_debug/frame_090780.png
[beacon] Saved seabird_dataset/beacon_debug/frame_090810.png
[beacon] Saved seabird_dataset/beacon_debug/frame_090840.png
[beacon] Saved seabird_dataset/beacon_debug/frame_090870.png
[beacon] Saved seabird_dataset/beacon_debug/frame_090900.png
[beacon] Saved seabird_dataset/beacon_debug/frame_090930.png
[beacon] Saved seabird_dataset/beacon_debug/frame_090960.png
[beacon] Saved seabird_dataset/beacon_debug/frame_090990.png
[beacon] Saved seabird_dataset/beacon_debug/frame_091020.png
[beacon] Saved seabird_dataset/beacon_debug/frame_091050.png
[beacon] Saved seabird_dataset/beacon_debug/frame_091080.png
[beacon] Saved seabird_dataset/beacon_debug/frame_091110.png
[beacon] Saved seabird_dataset/beacon_debug/frame_091140.png
[beacon] Saved seabird_dataset/beacon_debug/frame_091170.png
[beacon] Saved seabird_dataset/beacon_debug/frame_091200.png
[beacon] Saved seabird_dataset/beacon_debug/frame_091230.png
[beacon] Saved seabird_dataset/beacon_debug/frame_091260.png
[beacon] Saved seabird_dataset/beacon_debug/frame_091290.png
[beacon] Saved seabird_dataset/beacon_debug/frame_091320.png
[beacon] Saved seabird_dataset/beacon_debug/frame_091350.png
[beacon] Saved seabird_dataset/beacon_debug/frame_091380.png
[beacon] Saved seabird_dataset/beacon_debug/frame_091410.png
[beacon] Saved seabird_dataset/beacon_debug/frame_091440.png
[beacon] Saved seabird_dataset/beacon_debug/frame_091470.png
[beacon] Saved seabird_dataset/beacon_debug/frame_091500.png
[beacon] Saved seabird_dataset/beacon_debug/frame_091530.png
[beacon] Saved seabird_dataset/beacon_debug/frame_091560.png
[beacon] Saved seabird_dataset/beacon_debug/frame_091590.png
[beacon] Saved seabird_dataset/beacon_debug/frame_091620.png
[beacon] Saved seabird_dataset/beacon_debug/frame_091650.png
[beacon] Saved seabird_dataset/beacon_debug/frame_091680.png
[beacon] Saved seabird_dataset/beacon_debug/frame_091710.png
[beacon] Saved seabird_dataset/beacon_debug/frame_091740.png
[beacon] Saved seabird_dataset/beacon_debug/frame_091770.png
[beacon] Saved seabird_dataset/beacon_debug/frame_091800.png
[beacon] Saved seabird_dataset/beacon_debug/frame_091830.png
[beacon] Saved seabird_dataset/beacon_debug/frame_091860.png
[beacon] Saved seabird_dataset/beacon_debug/frame_091890.png
[beacon] Saved seabird_dataset/beacon_debug/frame_091920.png
[beacon] Saved seabird_dataset/beacon_debug/frame_091950.png
[beacon] Saved seabird_dataset/beacon_debug/frame_091980.png
[beacon] Saved seabird_dataset/beacon_debug/frame_092010.png
[beacon] Saved seabird_dataset/beacon_debug/frame_092040.png
[beacon] Saved seabird_dataset/beacon_debug/frame_092070.png
[beacon] Saved seabird_dataset/beacon_debug/frame_092100.png
[beacon] Saved seabird_dataset/beacon_debug/frame_092130.png
[beacon] Saved seabird_dataset/beacon_debug/frame_092160.png
[beacon] Saved seabird_dataset/beacon_debug/frame_092190.png
[beacon] Saved seabird_dataset/beacon_debug/frame_092220.png
[beacon] Saved seabird_dataset/beacon_debug/frame_092250.png
[beacon] Saved seabird_dataset/beacon_debug/frame_092280.png
[beacon] Saved seabird_dataset/beacon_debug/frame_092310.png
[beacon] Saved seabird_dataset/beacon_debug/frame_092340.png
[beacon] Saved seabird_dataset/beacon_debug/frame_092370.png
[beacon] Saved seabird_dataset/beacon_debug/frame_092400.png
[beacon] Saved seabird_dataset/beacon_debug/frame_092430.png
[beacon] Saved seabird_dataset/beacon_debug/frame_092460.png
[beacon] Saved seabird_dataset/beacon_debug/frame_092490.png
[beacon] Saved seabird_dataset/beacon_debug/frame_092520.png
[beacon] Saved seabird_dataset/beacon_debug/frame_092550.png
[beacon] Saved seabird_dataset/beacon_debug/frame_092580.png
[beacon] Saved seabird_dataset/beacon_debug/frame_092610.png
[beacon] Saved seabird_dataset/beacon_debug/frame_092640.png
[beacon] Saved seabird_dataset/beacon_debug/frame_092670.png
[beacon] Saved seabird_dataset/beacon_debug/frame_092700.png
[beacon] Saved seabird_dataset/beacon_debug/frame_092730.png
[beacon] Saved seabird_dataset/beacon_debug/frame_092760.png
[beacon] Saved seabird_dataset/beacon_debug/frame_092790.png
[beacon] Saved seabird_dataset/beacon_debug/frame_092820.png
[beacon] Saved seabird_dataset/beacon_debug/frame_092850.png
[beacon] Saved seabird_dataset/beacon_debug/frame_092880.png
[beacon] Saved seabird_dataset/beacon_debug/frame_092910.png
[beacon] Saved seabird_dataset/beacon_debug/frame_092940.png
[beacon] Saved seabird_dataset/beacon_debug/frame_092970.png
[beacon] Saved seabird_dataset/beacon_debug/frame_093000.png
[beacon] Saved seabird_dataset/beacon_debug/frame_093030.png
[beacon] Saved seabird_dataset/beacon_debug/frame_093060.png
[beacon] Saved seabird_dataset/beacon_debug/frame_093090.png
[beacon] Saved seabird_dataset/beacon_debug/frame_093120.png
[beacon] Saved seabird_dataset/beacon_debug/frame_093150.png
[beacon] Saved seabird_dataset/beacon_debug/frame_093180.png
[beacon] Saved seabird_dataset/beacon_debug/frame_093210.png
[beacon] Saved seabird_dataset/beacon_debug/frame_093240.png
[beacon] Saved seabird_dataset/beacon_debug/frame_093270.png
[beacon] Saved seabird_dataset/beacon_debug/frame_093300.png
[beacon] Saved seabird_dataset/beacon_debug/frame_093330.png
[beacon] Saved seabird_dataset/beacon_debug/frame_093360.png
[beacon] Saved seabird_dataset/beacon_debug/frame_093390.png
[beacon] Saved seabird_dataset/beacon_debug/frame_093420.png
[beacon] Saved seabird_dataset/beacon_debug/frame_093450.png
[beacon] Saved seabird_dataset/beacon_debug/frame_093480.png
[beacon] Saved seabird_dataset/beacon_debug/frame_093510.png
[beacon] Saved seabird_dataset/beacon_debug/frame_093540.png
[beacon] Saved seabird_dataset/beacon_debug/frame_093570.png
[beacon] Saved seabird_dataset/beacon_debug/frame_093600.png
[beacon] Saved seabird_dataset/beacon_debug/frame_093630.png
[beacon] Saved seabird_dataset/beacon_debug/frame_093660.png
[beacon] Saved seabird_dataset/beacon_debug/frame_093690.png
[beacon] Saved seabird_dataset/beacon_debug/frame_093720.png
[beacon] Saved seabird_dataset/beacon_debug/frame_093750.png
[beacon] Saved seabird_dataset/beacon_debug/frame_093780.png
[beacon] Saved seabird_dataset/beacon_debug/frame_093810.png
[beacon] Saved seabird_dataset/beacon_debug/frame_093840.png
[beacon] Saved seabird_dataset/beacon_debug/frame_093870.png
[beacon] Saved seabird_dataset/beacon_debug/frame_093900.png
[beacon] Saved seabird_dataset/beacon_debug/frame_093930.png
[beacon] Saved seabird_dataset/beacon_debug/frame_093960.png
[beacon] Saved seabird_dataset/beacon_debug/frame_093990.png
[beacon] Saved seabird_dataset/beacon_debug/frame_094020.png
[beacon] Saved seabird_dataset/beacon_debug/frame_094050.png
[beacon] Saved seabird_dataset/beacon_debug/frame_094080.png
[beacon] Saved seabird_dataset/beacon_debug/frame_094110.png
[beacon] Saved seabird_dataset/beacon_debug/frame_094140.png
[beacon] Saved seabird_dataset/beacon_debug/frame_094170.png
[beacon] Saved seabird_dataset/beacon_debug/frame_094200.png
[beacon] Saved seabird_dataset/beacon_debug/frame_094230.png
[beacon] Saved seabird_dataset/beacon_debug/frame_094260.png
[beacon] Saved seabird_dataset/beacon_debug/frame_094290.png
[beacon] Saved seabird_dataset/beacon_debug/frame_094320.png
[beacon] Saved seabird_dataset/beacon_debug/frame_094350.png
[beacon] Saved seabird_dataset/beacon_debug/frame_094380.png
[beacon] Saved seabird_dataset/beacon_debug/frame_094410.png
[beacon] Saved seabird_dataset/beacon_debug/frame_094440.png
[beacon] Saved seabird_dataset/beacon_debug/frame_094470.png
[beacon] Saved seabird_dataset/beacon_debug/frame_094500.png
[beacon] Saved seabird_dataset/beacon_debug/frame_094530.png
[beacon] Saved seabird_dataset/beacon_debug/frame_094560.png
[beacon] Saved seabird_dataset/beacon_debug/frame_094590.png
[beacon] Saved seabird_dataset/beacon_debug/frame_094620.png
[beacon] Saved seabird_dataset/beacon_debug/frame_094650.png
[beacon] Saved seabird_dataset/beacon_debug/frame_094680.png
[beacon] Saved seabird_dataset/beacon_debug/frame_094710.png
[beacon] Saved seabird_dataset/beacon_debug/frame_094740.png
[beacon] Saved seabird_dataset/beacon_debug/frame_094770.png
[beacon] Saved seabird_dataset/beacon_debug/frame_094800.png
[beacon] Saved seabird_dataset/beacon_debug/frame_094830.png
[beacon] Saved seabird_dataset/beacon_debug/frame_094860.png
[beacon] Saved seabird_dataset/beacon_debug/frame_094890.png
[beacon] Saved seabird_dataset/beacon_debug/frame_094920.png
[beacon] Saved seabird_dataset/beacon_debug/frame_094950.png
[beacon] Saved seabird_dataset/beacon_debug/frame_094980.png
[beacon] Saved seabird_dataset/beacon_debug/frame_095010.png
[beacon] Saved seabird_dataset/beacon_debug/frame_095040.png
[beacon] Saved seabird_dataset/beacon_debug/frame_095070.png
[beacon] Saved seabird_dataset/beacon_debug/frame_095100.png
[beacon] Saved seabird_dataset/beacon_debug/frame_095130.png
[beacon] Saved seabird_dataset/beacon_debug/frame_095160.png
[beacon] Saved seabird_dataset/beacon_debug/frame_095190.png
[beacon] Saved seabird_dataset/beacon_debug/frame_095220.png
[beacon] Saved seabird_dataset/beacon_debug/frame_095250.png
[beacon] Saved seabird_dataset/beacon_debug/frame_095280.png
[beacon] Saved seabird_dataset/beacon_debug/frame_095310.png
[beacon] Saved seabird_dataset/beacon_debug/frame_095340.png
[beacon] Saved seabird_dataset/beacon_debug/frame_095370.png
[beacon] Saved seabird_dataset/beacon_debug/frame_095400.png
[beacon] Saved seabird_dataset/beacon_debug/frame_095430.png
[beacon] Saved seabird_dataset/beacon_debug/frame_095460.png
[beacon] Saved seabird_dataset/beacon_debug/frame_095490.png
[beacon] Saved seabird_dataset/beacon_debug/frame_095520.png
[beacon] Saved seabird_dataset/beacon_debug/frame_095550.png
[beacon] Saved seabird_dataset/beacon_debug/frame_095580.png
[beacon] Saved seabird_dataset/beacon_debug/frame_095610.png
[beacon] Saved seabird_dataset/beacon_debug/frame_095640.png
[beacon] Saved seabird_dataset/beacon_debug/frame_095670.png
[beacon] Saved seabird_dataset/beacon_debug/frame_095700.png
[beacon] Saved seabird_dataset/beacon_debug/frame_095730.png
[beacon] Saved seabird_dataset/beacon_debug/frame_095760.png
[beacon] Saved seabird_dataset/beacon_debug/frame_095790.png
[beacon] Saved seabird_dataset/beacon_debug/frame_095820.png
[beacon] Saved seabird_dataset/beacon_debug/frame_095850.png
[beacon] Saved seabird_dataset/beacon_debug/frame_095880.png
[beacon] Saved seabird_dataset/beacon_debug/frame_095910.png
[beacon] Saved seabird_dataset/beacon_debug/frame_095940.png
[beacon] Saved seabird_dataset/beacon_debug/frame_095970.png
[beacon] Saved seabird_dataset/beacon_debug/frame_096000.png
[beacon] Saved seabird_dataset/beacon_debug/frame_096030.png
[beacon] Saved seabird_dataset/beacon_debug/frame_096060.png
[beacon] Saved seabird_dataset/beacon_debug/frame_096090.png
[beacon] Saved seabird_dataset/beacon_debug/frame_096120.png
[beacon] Saved seabird_dataset/beacon_debug/frame_096150.png
[beacon] Saved seabird_dataset/beacon_debug/frame_096180.png
[beacon] Saved seabird_dataset/beacon_debug/frame_096210.png
[beacon] Saved seabird_dataset/beacon_debug/frame_096240.png
[beacon] Saved seabird_dataset/beacon_debug/frame_096270.png
[beacon] Saved seabird_dataset/beacon_debug/frame_096300.png
[beacon] Saved seabird_dataset/beacon_debug/frame_096330.png
[beacon] Saved seabird_dataset/beacon_debug/frame_096360.png
[beacon] Saved seabird_dataset/beacon_debug/frame_096390.png
[beacon] Saved seabird_dataset/beacon_debug/frame_096420.png
[beacon] Saved seabird_dataset/beacon_debug/frame_096450.png
[beacon] Saved seabird_dataset/beacon_debug/frame_096480.png
[beacon] Saved seabird_dataset/beacon_debug/frame_096510.png
[beacon] Saved seabird_dataset/beacon_debug/frame_096540.png
[beacon] Saved seabird_dataset/beacon_debug/frame_096570.png
[beacon] Saved seabird_dataset/beacon_debug/frame_096600.png
[beacon] Saved seabird_dataset/beacon_debug/frame_096630.png
[beacon] Saved seabird_dataset/beacon_debug/frame_096660.png
[beacon] Saved seabird_dataset/beacon_debug/frame_096690.png
[beacon] Saved seabird_dataset/beacon_debug/frame_096720.png
[beacon] Saved seabird_dataset/beacon_debug/frame_096750.png
[beacon] Saved seabird_dataset/beacon_debug/frame_096780.png
[beacon] Saved seabird_dataset/beacon_debug/frame_096810.png
[beacon] Saved seabird_dataset/beacon_debug/frame_096840.png
[beacon] Saved seabird_dataset/beacon_debug/frame_096870.png
[beacon] Saved seabird_dataset/beacon_debug/frame_096900.png
[beacon] Saved seabird_dataset/beacon_debug/frame_096930.png
[beacon] Saved seabird_dataset/beacon_debug/frame_096960.png
[beacon] Saved seabird_dataset/beacon_debug/frame_096990.png
[beacon] Saved seabird_dataset/beacon_debug/frame_097020.png
[beacon] Saved seabird_dataset/beacon_debug/frame_097050.png
[beacon] Saved seabird_dataset/beacon_debug/frame_097080.png
[beacon] Saved seabird_dataset/beacon_debug/frame_097110.png
[beacon] Saved seabird_dataset/beacon_debug/frame_097140.png
[beacon] Saved seabird_dataset/beacon_debug/frame_097170.png
[beacon] Saved seabird_dataset/beacon_debug/frame_097200.png
[beacon] Saved seabird_dataset/beacon_debug/frame_097230.png
[beacon] Saved seabird_dataset/beacon_debug/frame_097260.png
[beacon] Saved seabird_dataset/beacon_debug/frame_097290.png
[beacon] Saved seabird_dataset/beacon_debug/frame_097320.png
[beacon] Saved seabird_dataset/beacon_debug/frame_097350.png
[beacon] Saved seabird_dataset/beacon_debug/frame_097380.png
[beacon] Saved seabird_dataset/beacon_debug/frame_097410.png
[beacon] Saved seabird_dataset/beacon_debug/frame_097440.png
[beacon] Saved seabird_dataset/beacon_debug/frame_097470.png
[beacon] Saved seabird_dataset/beacon_debug/frame_097500.png
[beacon] Saved seabird_dataset/beacon_debug/frame_097530.png
[beacon] Saved seabird_dataset/beacon_debug/frame_097560.png
[beacon] Saved seabird_dataset/beacon_debug/frame_097590.png
[beacon] Saved seabird_dataset/beacon_debug/frame_097620.png
[beacon] Saved seabird_dataset/beacon_debug/frame_097650.png
[beacon] Saved seabird_dataset/beacon_debug/frame_097680.png
[beacon] Saved seabird_dataset/beacon_debug/frame_097710.png
[beacon] Saved seabird_dataset/beacon_debug/frame_097740.png
[beacon] Saved seabird_dataset/beacon_debug/frame_097770.png
[beacon] Saved seabird_dataset/beacon_debug/frame_097800.png
[beacon] Saved seabird_dataset/beacon_debug/frame_097830.png
[beacon] Saved seabird_dataset/beacon_debug/frame_097860.png
[beacon] Saved seabird_dataset/beacon_debug/frame_097890.png
[beacon] Saved seabird_dataset/beacon_debug/frame_097920.png
[beacon] Saved seabird_dataset/beacon_debug/frame_097950.png
[beacon] Saved seabird_dataset/beacon_debug/frame_097980.png
[beacon] Saved seabird_dataset/beacon_debug/frame_098010.png
[beacon] Saved seabird_dataset/beacon_debug/frame_098040.png
[beacon] Saved seabird_dataset/beacon_debug/frame_098070.png
[beacon] Saved seabird_dataset/beacon_debug/frame_098100.png
[beacon] Saved seabird_dataset/beacon_debug/frame_098130.png
[beacon] Saved seabird_dataset/beacon_debug/frame_098160.png
[beacon] Saved seabird_dataset/beacon_debug/frame_098190.png
[beacon] Saved seabird_dataset/beacon_debug/frame_098220.png
[beacon] Saved seabird_dataset/beacon_debug/frame_098250.png
[beacon] Saved seabird_dataset/beacon_debug/frame_098280.png
[beacon] Saved seabird_dataset/beacon_debug/frame_098310.png
[beacon] Saved seabird_dataset/beacon_debug/frame_098340.png
[beacon] Saved seabird_dataset/beacon_debug/frame_098370.png
[beacon] Saved seabird_dataset/beacon_debug/frame_098400.png
[beacon] Saved seabird_dataset/beacon_debug/frame_098430.png
[beacon] Saved seabird_dataset/beacon_debug/frame_098460.png
[beacon] Saved seabird_dataset/beacon_debug/frame_098490.png
[beacon] Saved seabird_dataset/beacon_debug/frame_098520.png
[beacon] Saved seabird_dataset/beacon_debug/frame_098550.png
[beacon] Saved seabird_dataset/beacon_debug/frame_098580.png
[beacon] Saved seabird_dataset/beacon_debug/frame_098610.png
[beacon] Saved seabird_dataset/beacon_debug/frame_098640.png
[beacon] Saved seabird_dataset/beacon_debug/frame_098670.png
[beacon] Saved seabird_dataset/beacon_debug/frame_098700.png
[beacon] Saved seabird_dataset/beacon_debug/frame_098730.png
[beacon] Saved seabird_dataset/beacon_debug/frame_098760.png
[beacon] Saved seabird_dataset/beacon_debug/frame_098790.png
[beacon] Saved seabird_dataset/beacon_debug/frame_098820.png
[beacon] Saved seabird_dataset/beacon_debug/frame_098850.png
[beacon] Saved seabird_dataset/beacon_debug/frame_098880.png
[beacon] Saved seabird_dataset/beacon_debug/frame_098910.png
[beacon] Saved seabird_dataset/beacon_debug/frame_098940.png
[beacon] Saved seabird_dataset/beacon_debug/frame_098970.png
[beacon] Saved seabird_dataset/beacon_debug/frame_099000.png
[beacon] Saved seabird_dataset/beacon_debug/frame_099030.png
[beacon] Saved seabird_dataset/beacon_debug/frame_099060.png
[beacon] Saved seabird_dataset/beacon_debug/frame_099090.png
[beacon] Saved seabird_dataset/beacon_debug/frame_099120.png
[beacon] Saved seabird_dataset/beacon_debug/frame_099150.png
[beacon] Saved seabird_dataset/beacon_debug/frame_099180.png
[beacon] Saved seabird_dataset/beacon_debug/frame_099210.png
[beacon] Saved seabird_dataset/beacon_debug/frame_099240.png
[beacon] Saved seabird_dataset/beacon_debug/frame_099270.png
[beacon] Saved seabird_dataset/beacon_debug/frame_099300.png
[beacon] Saved seabird_dataset/beacon_debug/frame_099330.png
[beacon] Saved seabird_dataset/beacon_debug/frame_099360.png
[beacon] Saved seabird_dataset/beacon_debug/frame_099390.png
[beacon] Saved seabird_dataset/beacon_debug/frame_099420.png
[beacon] Saved seabird_dataset/beacon_debug/frame_099450.png
[beacon] Saved seabird_dataset/beacon_debug/frame_099480.png
[beacon] Saved seabird_dataset/beacon_debug/frame_099510.png
[beacon] Saved seabird_dataset/beacon_debug/frame_099540.png
[beacon] Saved seabird_dataset/beacon_debug/frame_099570.png
[beacon] Saved seabird_dataset/beacon_debug/frame_099600.png
[beacon] Saved seabird_dataset/beacon_debug/frame_099630.png
[beacon] Saved seabird_dataset/beacon_debug/frame_099660.png
[beacon] Saved seabird_dataset/beacon_debug/frame_099690.png
[beacon] Saved seabird_dataset/beacon_debug/frame_099720.png
[beacon] Saved seabird_dataset/beacon_debug/frame_099750.png
[beacon] Saved seabird_dataset/beacon_debug/frame_099780.png
[beacon] Saved seabird_dataset/beacon_debug/frame_099810.png
[beacon] Saved seabird_dataset/beacon_debug/frame_099840.png
[beacon] Saved seabird_dataset/beacon_debug/frame_099870.png
[beacon] Saved seabird_dataset/beacon_debug/frame_099900.png
[beacon] Saved seabird_dataset/beacon_debug/frame_099930.png
[beacon] Saved seabird_dataset/beacon_debug/frame_099960.png
[beacon] Saved seabird_dataset/beacon_debug/frame_099990.png
[beacon] Saved seabird_dataset/beacon_debug/frame_100020.png
[beacon] Saved seabird_dataset/beacon_debug/frame_100050.png
[beacon] Saved seabird_dataset/beacon_debug/frame_100080.png
[beacon] Saved seabird_dataset/beacon_debug/frame_100110.png
[beacon] Saved seabird_dataset/beacon_debug/frame_100140.png
[beacon] Saved seabird_dataset/beacon_debug/frame_100170.png
[beacon] Saved seabird_dataset/beacon_debug/frame_100200.png
[beacon] Saved seabird_dataset/beacon_debug/frame_100230.png
[beacon] Saved seabird_dataset/beacon_debug/frame_100260.png
[beacon] Saved seabird_dataset/beacon_debug/frame_100290.png
[beacon] Saved seabird_dataset/beacon_debug/frame_100320.png
[beacon] Saved seabird_dataset/beacon_debug/frame_100350.png
[beacon] Saved seabird_dataset/beacon_debug/frame_100380.png
[beacon] Saved seabird_dataset/beacon_debug/frame_100410.png
[beacon] Saved seabird_dataset/beacon_debug/frame_100440.png
[beacon] Saved seabird_dataset/beacon_debug/frame_100470.png
[beacon] Saved seabird_dataset/beacon_debug/frame_100500.png
[beacon] Saved seabird_dataset/beacon_debug/frame_100530.png
[beacon] Saved seabird_dataset/beacon_debug/frame_100560.png
[beacon] Saved seabird_dataset/beacon_debug/frame_100590.png
[beacon] Saved seabird_dataset/beacon_debug/frame_100620.png
[beacon] Saved seabird_dataset/beacon_debug/frame_100650.png
[beacon] Saved seabird_dataset/beacon_debug/frame_100680.png
[beacon] Saved seabird_dataset/beacon_debug/frame_100710.png
[beacon] Saved seabird_dataset/beacon_debug/frame_100740.png
[beacon] Saved seabird_dataset/beacon_debug/frame_100770.png
[beacon] Saved seabird_dataset/beacon_debug/frame_100800.png
[beacon] Saved seabird_dataset/beacon_debug/frame_100830.png
[beacon] Saved seabird_dataset/beacon_debug/frame_100860.png
[beacon] Saved seabird_dataset/beacon_debug/frame_100890.png
[beacon] Saved seabird_dataset/beacon_debug/frame_100920.png
[beacon] Saved seabird_dataset/beacon_debug/frame_100950.png
[beacon] Saved seabird_dataset/beacon_debug/frame_100980.png
[beacon] Saved seabird_dataset/beacon_debug/frame_101010.png
[beacon] Saved seabird_dataset/beacon_debug/frame_101040.png
[beacon] Saved seabird_dataset/beacon_debug/frame_101070.png
[beacon] Saved seabird_dataset/beacon_debug/frame_101100.png
[beacon] Saved seabird_dataset/beacon_debug/frame_101130.png
[beacon] Saved seabird_dataset/beacon_debug/frame_101160.png
[beacon] Saved seabird_dataset/beacon_debug/frame_101190.png
[beacon] Saved seabird_dataset/beacon_debug/frame_101220.png
[beacon] Saved seabird_dataset/beacon_debug/frame_101250.png
[beacon] Saved seabird_dataset/beacon_debug/frame_101280.png
[beacon] Saved seabird_dataset/beacon_debug/frame_101310.png
[beacon] Saved seabird_dataset/beacon_debug/frame_101340.png
[beacon] Saved seabird_dataset/beacon_debug/frame_101370.png
[beacon] Saved seabird_dataset/beacon_debug/frame_101400.png
[beacon] Saved seabird_dataset/beacon_debug/frame_101430.png
[beacon] Saved seabird_dataset/beacon_debug/frame_101460.png
[beacon] Saved seabird_dataset/beacon_debug/frame_101490.png
[beacon] Saved seabird_dataset/beacon_debug/frame_101520.png
[beacon] Saved seabird_dataset/beacon_debug/frame_101550.png
[beacon] Saved seabird_dataset/beacon_debug/frame_101580.png
[beacon] Saved seabird_dataset/beacon_debug/frame_101610.png
[beacon] Saved seabird_dataset/beacon_debug/frame_101640.png
[beacon] Saved seabird_dataset/beacon_debug/frame_101670.png
[beacon] Saved seabird_dataset/beacon_debug/frame_101700.png
[beacon] Saved seabird_dataset/beacon_debug/frame_101730.png
[beacon] Saved seabird_dataset/beacon_debug/frame_101760.png
[beacon] Saved seabird_dataset/beacon_debug/frame_101790.png
[beacon] Saved seabird_dataset/beacon_debug/frame_101820.png
[beacon] Saved seabird_dataset/beacon_debug/frame_101850.png
[beacon] Saved seabird_dataset/beacon_debug/frame_101880.png
[beacon] Saved seabird_dataset/beacon_debug/frame_101910.png
[beacon] Saved seabird_dataset/beacon_debug/frame_101940.png
[beacon] Saved seabird_dataset/beacon_debug/frame_101970.png
[beacon] Saved seabird_dataset/beacon_debug/frame_102000.png
[beacon] Saved seabird_dataset/beacon_debug/frame_102030.png
[beacon] Saved seabird_dataset/beacon_debug/frame_102060.png
[beacon] Saved seabird_dataset/beacon_debug/frame_102090.png
[beacon] Saved seabird_dataset/beacon_debug/frame_102120.png
[beacon] Saved seabird_dataset/beacon_debug/frame_102150.png
[beacon] Saved seabird_dataset/beacon_debug/frame_102180.png
[beacon] Saved seabird_dataset/beacon_debug/frame_102210.png
[beacon] Saved seabird_dataset/beacon_debug/frame_102240.png
[beacon] Saved seabird_dataset/beacon_debug/frame_102270.png
[beacon] Saved seabird_dataset/beacon_debug/frame_102300.png
[beacon] Saved seabird_dataset/beacon_debug/frame_102330.png
[beacon] Saved seabird_dataset/beacon_debug/frame_102360.png
[beacon] Saved seabird_dataset/beacon_debug/frame_102390.png
[beacon] Saved seabird_dataset/beacon_debug/frame_102420.png
[beacon] Saved seabird_dataset/beacon_debug/frame_102450.png
[beacon] Saved seabird_dataset/beacon_debug/frame_102480.png
[beacon] Saved seabird_dataset/beacon_debug/frame_102510.png
[beacon] Saved seabird_dataset/beacon_debug/frame_102540.png
[beacon] Saved seabird_dataset/beacon_debug/frame_102570.png
[beacon] Saved seabird_dataset/beacon_debug/frame_102600.png
[beacon] Saved seabird_dataset/beacon_debug/frame_102630.png
[beacon] Saved seabird_dataset/beacon_debug/frame_102660.png
[beacon] Saved seabird_dataset/beacon_debug/frame_102690.png
[beacon] Saved seabird_dataset/beacon_debug/frame_102720.png
[beacon] Saved seabird_dataset/beacon_debug/frame_102750.png
[beacon] Saved seabird_dataset/beacon_debug/frame_102780.png
[beacon] Saved seabird_dataset/beacon_debug/frame_102810.png
[beacon] Saved seabird_dataset/beacon_debug/frame_102840.png
[beacon] Saved seabird_dataset/beacon_debug/frame_102870.png
[beacon] Saved seabird_dataset/beacon_debug/frame_102900.png
[beacon] Saved seabird_dataset/beacon_debug/frame_102930.png
[beacon] Saved seabird_dataset/beacon_debug/frame_102960.png
[beacon] Saved seabird_dataset/beacon_debug/frame_102990.png
[beacon] Saved seabird_dataset/beacon_debug/frame_103020.png
[beacon] Saved seabird_dataset/beacon_debug/frame_103050.png
[beacon] Saved seabird_dataset/beacon_debug/frame_103080.png
[beacon] Saved seabird_dataset/beacon_debug/frame_103110.png
[beacon] Saved seabird_dataset/beacon_debug/frame_103140.png
[beacon] Saved seabird_dataset/beacon_debug/frame_103170.png
[beacon] Saved seabird_dataset/beacon_debug/frame_103200.png
[beacon] Saved seabird_dataset/beacon_debug/frame_103230.png
[beacon] Saved seabird_dataset/beacon_debug/frame_103260.png
[beacon] Saved seabird_dataset/beacon_debug/frame_103290.png
[beacon] Saved seabird_dataset/beacon_debug/frame_103320.png
[beacon] Saved seabird_dataset/beacon_debug/frame_103350.png
[beacon] Saved seabird_dataset/beacon_debug/frame_103380.png
[beacon] Saved seabird_dataset/beacon_debug/frame_103410.png
[beacon] Saved seabird_dataset/beacon_debug/frame_103440.png
[beacon] Saved seabird_dataset/beacon_debug/frame_103470.png
[beacon] Saved seabird_dataset/beacon_debug/frame_103500.png
[beacon] Saved seabird_dataset/beacon_debug/frame_103530.png
[beacon] Saved seabird_dataset/beacon_debug/frame_103560.png
[beacon] Saved seabird_dataset/beacon_debug/frame_103590.png
[beacon] Saved seabird_dataset/beacon_debug/frame_103620.png
[beacon] Saved seabird_dataset/beacon_debug/frame_103650.png
[beacon] Saved seabird_dataset/beacon_debug/frame_103680.png
[beacon] Saved seabird_dataset/beacon_debug/frame_103710.png
[beacon] Saved seabird_dataset/beacon_debug/frame_103740.png
[beacon] Saved seabird_dataset/beacon_debug/frame_103770.png
[beacon] Saved seabird_dataset/beacon_debug/frame_103800.png
[beacon] Saved seabird_dataset/beacon_debug/frame_103830.png
[beacon] Saved seabird_dataset/beacon_debug/frame_103860.png
[beacon] Saved seabird_dataset/beacon_debug/frame_103890.png
[beacon] Saved seabird_dataset/beacon_debug/frame_103920.png
[beacon] Saved seabird_dataset/beacon_debug/frame_103950.png
[beacon] Saved seabird_dataset/beacon_debug/frame_103980.png
[beacon] Saved seabird_dataset/beacon_debug/frame_104010.png
[beacon] Saved seabird_dataset/beacon_debug/frame_104040.png
[beacon] Saved seabird_dataset/beacon_debug/frame_104070.png
[beacon] Saved seabird_dataset/beacon_debug/frame_104100.png
[beacon] Saved seabird_dataset/beacon_debug/frame_104130.png
[beacon] Saved seabird_dataset/beacon_debug/frame_104160.png
[beacon] Saved seabird_dataset/beacon_debug/frame_104190.png
[beacon] Saved seabird_dataset/beacon_debug/frame_104220.png
[beacon] Saved seabird_dataset/beacon_debug/frame_104250.png
[beacon] Saved seabird_dataset/beacon_debug/frame_104280.png
[beacon] Saved seabird_dataset/beacon_debug/frame_104310.png
[beacon] Saved seabird_dataset/beacon_debug/frame_104340.png
[beacon] Saved seabird_dataset/beacon_debug/frame_104370.png
[beacon] Saved seabird_dataset/beacon_debug/frame_104400.png
[beacon] Saved seabird_dataset/beacon_debug/frame_104430.png
[beacon] Saved seabird_dataset/beacon_debug/frame_104460.png
[beacon] Saved seabird_dataset/beacon_debug/frame_104490.png
[beacon] Saved seabird_dataset/beacon_debug/frame_104520.png
[beacon] Saved seabird_dataset/beacon_debug/frame_104550.png
[beacon] Saved seabird_dataset/beacon_debug/frame_104580.png
[beacon] Saved seabird_dataset/beacon_debug/frame_104610.png
[beacon] Saved seabird_dataset/beacon_debug/frame_104640.png
[beacon] Saved seabird_dataset/beacon_debug/frame_104670.png
[beacon] Saved seabird_dataset/beacon_debug/frame_104700.png
[beacon] Saved seabird_dataset/beacon_debug/frame_104730.png
[beacon] Saved seabird_dataset/beacon_debug/frame_104760.png
[beacon] Saved seabird_dataset/beacon_debug/frame_104790.png
[beacon] Saved seabird_dataset/beacon_debug/frame_104820.png
[beacon] Saved seabird_dataset/beacon_debug/frame_104850.png
[beacon] Saved seabird_dataset/beacon_debug/frame_104880.png
[beacon] Saved seabird_dataset/beacon_debug/frame_104910.png
[beacon] Saved seabird_dataset/beacon_debug/frame_104940.png
[beacon] Saved seabird_dataset/beacon_debug/frame_104970.png
[beacon] Saved seabird_dataset/beacon_debug/frame_105000.png
[beacon] Saved seabird_dataset/beacon_debug/frame_105030.png
[beacon] Saved seabird_dataset/beacon_debug/frame_105060.png
[beacon] Saved seabird_dataset/beacon_debug/frame_105090.png
[beacon] Saved seabird_dataset/beacon_debug/frame_105120.png
[beacon] Saved seabird_dataset/beacon_debug/frame_105150.png
[beacon] Saved seabird_dataset/beacon_debug/frame_105180.png
[beacon] Saved seabird_dataset/beacon_debug/frame_105210.png
[beacon] Saved seabird_dataset/beacon_debug/frame_105240.png
[beacon] Saved seabird_dataset/beacon_debug/frame_105270.png
[beacon] Saved seabird_dataset/beacon_debug/frame_105300.png
[beacon] Saved seabird_dataset/beacon_debug/frame_105330.png
[beacon] Saved seabird_dataset/beacon_debug/frame_105360.png
[beacon] Saved seabird_dataset/beacon_debug/frame_105390.png
[beacon] Saved seabird_dataset/beacon_debug/frame_105420.png
[beacon] Saved seabird_dataset/beacon_debug/frame_105450.png
[beacon] Saved seabird_dataset/beacon_debug/frame_105480.png
[beacon] Saved seabird_dataset/beacon_debug/frame_105510.png
[beacon] Saved seabird_dataset/beacon_debug/frame_105540.png
[beacon] Saved seabird_dataset/beacon_debug/frame_105570.png
[beacon] Saved seabird_dataset/beacon_debug/frame_105600.png
[beacon] Saved seabird_dataset/beacon_debug/frame_105630.png
[beacon] Saved seabird_dataset/beacon_debug/frame_105660.png
[beacon] Saved seabird_dataset/beacon_debug/frame_105690.png
[beacon] Saved seabird_dataset/beacon_debug/frame_105720.png
[beacon] Saved seabird_dataset/beacon_debug/frame_105750.png
[beacon] Saved seabird_dataset/beacon_debug/frame_105780.png
[beacon] Saved seabird_dataset/beacon_debug/frame_105810.png
[beacon] Saved seabird_dataset/beacon_debug/frame_105840.png
[beacon] Saved seabird_dataset/beacon_debug/frame_105870.png
[beacon] Saved seabird_dataset/beacon_debug/frame_105900.png
[beacon] Saved seabird_dataset/beacon_debug/frame_105930.png
[beacon] Saved seabird_dataset/beacon_debug/frame_105960.png
[beacon] Saved seabird_dataset/beacon_debug/frame_105990.png
[beacon] Saved seabird_dataset/beacon_debug/frame_106020.png
[beacon] Saved seabird_dataset/beacon_debug/frame_106050.png
[beacon] Saved seabird_dataset/beacon_debug/frame_106080.png
[beacon] Saved seabird_dataset/beacon_debug/frame_106110.png
[beacon] Saved seabird_dataset/beacon_debug/frame_106140.png
[beacon] Saved seabird_dataset/beacon_debug/frame_106170.png
[beacon] Saved seabird_dataset/beacon_debug/frame_106200.png
[beacon] Saved seabird_dataset/beacon_debug/frame_106230.png
[beacon] Saved seabird_dataset/beacon_debug/frame_106260.png
[beacon] Saved seabird_dataset/beacon_debug/frame_106290.png
[beacon] Saved seabird_dataset/beacon_debug/frame_106320.png
[beacon] Saved seabird_dataset/beacon_debug/frame_106350.png
[beacon] Saved seabird_dataset/beacon_debug/frame_106380.png
[beacon] Saved seabird_dataset/beacon_debug/frame_106410.png
[beacon] Saved seabird_dataset/beacon_debug/frame_106440.png
[beacon] Saved seabird_dataset/beacon_debug/frame_106470.png
[beacon] Saved seabird_dataset/beacon_debug/frame_106500.png
[beacon] Saved seabird_dataset/beacon_debug/frame_106530.png
[beacon] Saved seabird_dataset/beacon_debug/frame_106560.png
[beacon] Saved seabird_dataset/beacon_debug/frame_106590.png
[beacon] Saved seabird_dataset/beacon_debug/frame_106620.png
[beacon] Saved seabird_dataset/beacon_debug/frame_106650.png
[beacon] Saved seabird_dataset/beacon_debug/frame_106680.png
[beacon] Saved seabird_dataset/beacon_debug/frame_106710.png
[beacon] Saved seabird_dataset/beacon_debug/frame_106740.png
[beacon] Saved seabird_dataset/beacon_debug/frame_106770.png
[beacon] Saved seabird_dataset/beacon_debug/frame_106800.png
[beacon] Saved seabird_dataset/beacon_debug/frame_106830.png
[beacon] Saved seabird_dataset/beacon_debug/frame_106860.png
[beacon] Saved seabird_dataset/beacon_debug/frame_106890.png
[beacon] Saved seabird_dataset/beacon_debug/frame_106920.png
[beacon] Saved seabird_dataset/beacon_debug/frame_106950.png
[beacon] Saved seabird_dataset/beacon_debug/frame_106980.png
[beacon] Saved seabird_dataset/beacon_debug/frame_107010.png
[beacon] Saved seabird_dataset/beacon_debug/frame_107040.png
[beacon] Saved seabird_dataset/beacon_debug/frame_107070.png
[beacon] Saved seabird_dataset/beacon_debug/frame_107100.png
[beacon] Saved seabird_dataset/beacon_debug/frame_107130.png
[beacon] Saved seabird_dataset/beacon_debug/frame_107160.png
[beacon] Saved seabird_dataset/beacon_debug/frame_107190.png
[beacon] Saved seabird_dataset/beacon_debug/frame_107220.png
[beacon] Saved seabird_dataset/beacon_debug/frame_107250.png
[beacon] Saved seabird_dataset/beacon_debug/frame_107280.png
[beacon] Saved seabird_dataset/beacon_debug/frame_107310.png
[beacon] Saved seabird_dataset/beacon_debug/frame_107340.png
[beacon] Saved seabird_dataset/beacon_debug/frame_107370.png
[beacon] Saved seabird_dataset/beacon_debug/frame_107400.png
[beacon] Saved seabird_dataset/beacon_debug/frame_107430.png
[beacon] Saved seabird_dataset/beacon_debug/frame_107460.png
[beacon] Saved seabird_dataset/beacon_debug/frame_107490.png
[beacon] Saved seabird_dataset/beacon_debug/frame_107520.png
[beacon] Saved seabird_dataset/beacon_debug/frame_107550.png
[beacon] Saved seabird_dataset/beacon_debug/frame_107580.png
[beacon] Saved seabird_dataset/beacon_debug/frame_107610.png
[beacon] Saved seabird_dataset/beacon_debug/frame_107640.png
[beacon] Saved seabird_dataset/beacon_debug/frame_107670.png
[beacon] Saved seabird_dataset/beacon_debug/frame_107700.png
[beacon] Saved seabird_dataset/beacon_debug/frame_107730.png
[beacon] Saved seabird_dataset/beacon_debug/frame_107760.png
[beacon] Saved seabird_dataset/beacon_debug/frame_107790.png
[beacon] Saved seabird_dataset/beacon_debug/frame_107820.png
[beacon] Saved seabird_dataset/beacon_debug/frame_107850.png
[beacon] Saved seabird_dataset/beacon_debug/frame_107880.png
[beacon] Saved seabird_dataset/beacon_debug/frame_107910.png
[beacon] Saved seabird_dataset/beacon_debug/frame_107940.png
[beacon] Saved seabird_dataset/beacon_debug/frame_107970.png
[beacon] Saved seabird_dataset/beacon_debug/frame_108000.png
[beacon] Saved seabird_dataset/beacon_debug/frame_108030.png
[beacon] Saved seabird_dataset/beacon_debug/frame_108060.png
[beacon] Saved seabird_dataset/beacon_debug/frame_108090.png
[beacon] Saved seabird_dataset/beacon_debug/frame_108120.png
[beacon] Saved seabird_dataset/beacon_debug/frame_108150.png
[beacon] Saved seabird_dataset/beacon_debug/frame_108180.png
[beacon] Saved seabird_dataset/beacon_debug/frame_108210.png
[beacon] Saved seabird_dataset/beacon_debug/frame_108240.png
[beacon] Saved seabird_dataset/beacon_debug/frame_108270.png
[beacon] Saved seabird_dataset/beacon_debug/frame_108300.png
[beacon] Saved seabird_dataset/beacon_debug/frame_108330.png
[beacon] Saved seabird_dataset/beacon_debug/frame_108360.png
[beacon] Saved seabird_dataset/beacon_debug/frame_108390.png
[beacon] Saved seabird_dataset/beacon_debug/frame_108420.png
[beacon] Saved seabird_dataset/beacon_debug/frame_108450.png
[beacon] Saved seabird_dataset/beacon_debug/frame_108480.png
[beacon] Saved seabird_dataset/beacon_debug/frame_108510.png
[beacon] Saved seabird_dataset/beacon_debug/frame_108540.png
[beacon] Saved seabird_dataset/beacon_debug/frame_108570.png
[beacon] Saved seabird_dataset/beacon_debug/frame_108600.png
[beacon] Saved seabird_dataset/beacon_debug/frame_108630.png
[beacon] Saved seabird_dataset/beacon_debug/frame_108660.png
[beacon] Saved seabird_dataset/beacon_debug/frame_108690.png
[beacon] Saved seabird_dataset/beacon_debug/frame_108720.png
[beacon] Saved seabird_dataset/beacon_debug/frame_108750.png
[beacon] Saved seabird_dataset/beacon_debug/frame_108780.png
[beacon] Saved seabird_dataset/beacon_debug/frame_108810.png
[beacon] Saved seabird_dataset/beacon_debug/frame_108840.png
[beacon] Saved seabird_dataset/beacon_debug/frame_108870.png
[beacon] Saved seabird_dataset/beacon_debug/frame_108900.png
[beacon] Saved seabird_dataset/beacon_debug/frame_108930.png
[beacon] Saved seabird_dataset/beacon_debug/frame_108960.png
[beacon] Saved seabird_dataset/beacon_debug/frame_108990.png
[beacon] Saved seabird_dataset/beacon_debug/frame_109020.png
[beacon] Saved seabird_dataset/beacon_debug/frame_109050.png
[beacon] Saved seabird_dataset/beacon_debug/frame_109080.png
[beacon] Saved seabird_dataset/beacon_debug/frame_109110.png
[beacon] Saved seabird_dataset/beacon_debug/frame_109140.png
[beacon] Saved seabird_dataset/beacon_debug/frame_109170.png
[beacon] Saved seabird_dataset/beacon_debug/frame_109200.png
[beacon] Saved seabird_dataset/beacon_debug/frame_109230.png
[beacon] Saved seabird_dataset/beacon_debug/frame_109260.png
[beacon] Saved seabird_dataset/beacon_debug/frame_109290.png
[beacon] Saved seabird_dataset/beacon_debug/frame_109320.png
[beacon] Saved seabird_dataset/beacon_debug/frame_109350.png
[beacon] Saved seabird_dataset/beacon_debug/frame_109380.png
[beacon] Saved seabird_dataset/beacon_debug/frame_109410.png
[beacon] Saved seabird_dataset/beacon_debug/frame_109440.png
[beacon] Saved seabird_dataset/beacon_debug/frame_109470.png
[beacon] Saved seabird_dataset/beacon_debug/frame_109500.png
[beacon] Saved seabird_dataset/beacon_debug/frame_109530.png
[beacon] Saved seabird_dataset/beacon_debug/frame_109560.png
[beacon] Saved seabird_dataset/beacon_debug/frame_109590.png
[beacon] Saved seabird_dataset/beacon_debug/frame_109620.png
[beacon] Saved seabird_dataset/beacon_debug/frame_109650.png
[beacon] Saved seabird_dataset/beacon_debug/frame_109680.png
[beacon] Saved seabird_dataset/beacon_debug/frame_109710.png
[beacon] Saved seabird_dataset/beacon_debug/frame_109740.png
[beacon] Saved seabird_dataset/beacon_debug/frame_109770.png
[beacon] Saved seabird_dataset/beacon_debug/frame_109800.png
[beacon] Saved seabird_dataset/beacon_debug/frame_109830.png
[beacon] Saved seabird_dataset/beacon_debug/frame_109860.png
[beacon] Saved seabird_dataset/beacon_debug/frame_109890.png
[beacon] Saved seabird_dataset/beacon_debug/frame_109920.png
[beacon] Saved seabird_dataset/beacon_debug/frame_109950.png
[beacon] Saved seabird_dataset/beacon_debug/frame_109980.png
[beacon] Saved seabird_dataset/beacon_debug/frame_110010.png
[beacon] Saved seabird_dataset/beacon_debug/frame_110040.png
[beacon] Saved seabird_dataset/beacon_debug/frame_110070.png
[beacon] Saved seabird_dataset/beacon_debug/frame_110100.png
[beacon] Saved seabird_dataset/beacon_debug/frame_110130.png
[beacon] Saved seabird_dataset/beacon_debug/frame_110160.png
[beacon] Saved seabird_dataset/beacon_debug/frame_110190.png
[beacon] Saved seabird_dataset/beacon_debug/frame_110220.png
[beacon] Saved seabird_dataset/beacon_debug/frame_110250.png
[beacon] Saved seabird_dataset/beacon_debug/frame_110280.png
[beacon] Saved seabird_dataset/beacon_debug/frame_110310.png
[beacon] Saved seabird_dataset/beacon_debug/frame_110340.png
[beacon] Saved seabird_dataset/beacon_debug/frame_110370.png
[beacon] Saved seabird_dataset/beacon_debug/frame_110400.png
[beacon] Saved seabird_dataset/beacon_debug/frame_110430.png
[beacon] Saved seabird_dataset/beacon_debug/frame_110460.png
[beacon] Saved seabird_dataset/beacon_debug/frame_110490.png
[beacon] Saved seabird_dataset/beacon_debug/frame_110520.png
[beacon] Saved seabird_dataset/beacon_debug/frame_110550.png
[beacon] Saved seabird_dataset/beacon_debug/frame_110580.png
[beacon] Saved seabird_dataset/beacon_debug/frame_110610.png
[beacon] Saved seabird_dataset/beacon_debug/frame_110640.png
[beacon] Saved seabird_dataset/beacon_debug/frame_110670.png
[beacon] Saved seabird_dataset/beacon_debug/frame_110700.png
[beacon] Saved seabird_dataset/beacon_debug/frame_110730.png
[beacon] Saved seabird_dataset/beacon_debug/frame_110760.png
[beacon] Saved seabird_dataset/beacon_debug/frame_110790.png
[beacon] Saved seabird_dataset/beacon_debug/frame_110820.png
[beacon] Saved seabird_dataset/beacon_debug/frame_110850.png
[beacon] Saved seabird_dataset/beacon_debug/frame_110880.png
[beacon] Saved seabird_dataset/beacon_debug/frame_110910.png
[beacon] Saved seabird_dataset/beacon_debug/frame_110940.png
[beacon] Saved seabird_dataset/beacon_debug/frame_110970.png
[beacon] Saved seabird_dataset/beacon_debug/frame_111000.png
[beacon] Saved seabird_dataset/beacon_debug/frame_111030.png
[beacon] Saved seabird_dataset/beacon_debug/frame_111060.png
[beacon] Saved seabird_dataset/beacon_debug/frame_111090.png
[beacon] Saved seabird_dataset/beacon_debug/frame_111120.png
[beacon] Saved seabird_dataset/beacon_debug/frame_111150.png
[beacon] Saved seabird_dataset/beacon_debug/frame_111180.png
[beacon] Saved seabird_dataset/beacon_debug/frame_111210.png
[beacon] Saved seabird_dataset/beacon_debug/frame_111240.png
[beacon] Saved seabird_dataset/beacon_debug/frame_111270.png
[beacon] Saved seabird_dataset/beacon_debug/frame_111300.png
[beacon] Saved seabird_dataset/beacon_debug/frame_111330.png
[beacon] Saved seabird_dataset/beacon_debug/frame_111360.png
[beacon] Saved seabird_dataset/beacon_debug/frame_111390.png
[beacon] Saved seabird_dataset/beacon_debug/frame_111420.png
[beacon] Saved seabird_dataset/beacon_debug/frame_111450.png
[beacon] Saved seabird_dataset/beacon_debug/frame_111480.png
[beacon] Saved seabird_dataset/beacon_debug/frame_111510.png
[beacon] Saved seabird_dataset/beacon_debug/frame_111540.png
[beacon] Saved seabird_dataset/beacon_debug/frame_111570.png
[beacon] Saved seabird_dataset/beacon_debug/frame_111600.png
[beacon] Saved seabird_dataset/beacon_debug/frame_111630.png
[beacon] Saved seabird_dataset/beacon_debug/frame_111660.png
[beacon] Saved seabird_dataset/beacon_debug/frame_111690.png
[beacon] Saved seabird_dataset/beacon_debug/frame_111720.png
[beacon] Saved seabird_dataset/beacon_debug/frame_111750.png
[beacon] Saved seabird_dataset/beacon_debug/frame_111780.png
[beacon] Saved seabird_dataset/beacon_debug/frame_111810.png
[beacon] Saved seabird_dataset/beacon_debug/frame_111840.png
[beacon] Saved seabird_dataset/beacon_debug/frame_111870.png
[beacon] Saved seabird_dataset/beacon_debug/frame_111900.png
[beacon] Saved seabird_dataset/beacon_debug/frame_111930.png
[beacon] Saved seabird_dataset/beacon_debug/frame_111960.png
[beacon] Saved seabird_dataset/beacon_debug/frame_111990.png
[beacon] Saved seabird_dataset/beacon_debug/frame_112020.png
[beacon] Saved seabird_dataset/beacon_debug/frame_112050.png
[beacon] Saved seabird_dataset/beacon_debug/frame_112080.png
[beacon] Saved seabird_dataset/beacon_debug/frame_112110.png
[beacon] Saved seabird_dataset/beacon_debug/frame_112140.png
[beacon] Saved seabird_dataset/beacon_debug/frame_112170.png
[beacon] Saved seabird_dataset/beacon_debug/frame_112200.png
[beacon] Saved seabird_dataset/beacon_debug/frame_112230.png
[beacon] Saved seabird_dataset/beacon_debug/frame_112260.png
[beacon] Saved seabird_dataset/beacon_debug/frame_112290.png
[beacon] Saved seabird_dataset/beacon_debug/frame_112320.png
[beacon] Saved seabird_dataset/beacon_debug/frame_112350.png
[beacon] Saved seabird_dataset/beacon_debug/frame_112380.png
[beacon] Saved seabird_dataset/beacon_debug/frame_112410.png
[beacon] Saved seabird_dataset/beacon_debug/frame_112440.png
[beacon] Saved seabird_dataset/beacon_debug/frame_112470.png
[beacon] Saved seabird_dataset/beacon_debug/frame_112500.png
[beacon] Saved seabird_dataset/beacon_debug/frame_112530.png
[beacon] Saved seabird_dataset/beacon_debug/frame_112560.png
[beacon] Saved seabird_dataset/beacon_debug/frame_112590.png
[beacon] Saved seabird_dataset/beacon_debug/frame_112620.png
[beacon] Saved seabird_dataset/beacon_debug/frame_112650.png
[beacon] Saved seabird_dataset/beacon_debug/frame_112680.png
[beacon] Saved seabird_dataset/beacon_debug/frame_112710.png
[beacon] Saved seabird_dataset/beacon_debug/frame_112740.png
[beacon] Saved seabird_dataset/beacon_debug/frame_112770.png
[beacon] Saved seabird_dataset/beacon_debug/frame_112800.png
[beacon] Saved seabird_dataset/beacon_debug/frame_112830.png
[beacon] Saved seabird_dataset/beacon_debug/frame_112860.png
[beacon] Saved seabird_dataset/beacon_debug/frame_112890.png
[beacon] Saved seabird_dataset/beacon_debug/frame_112920.png
[beacon] Saved seabird_dataset/beacon_debug/frame_112950.png
[beacon] Saved seabird_dataset/beacon_debug/frame_112980.png
[beacon] Saved seabird_dataset/beacon_debug/frame_113010.png
[beacon] Saved seabird_dataset/beacon_debug/frame_113040.png
[beacon] Saved seabird_dataset/beacon_debug/frame_113070.png
[beacon] Saved seabird_dataset/beacon_debug/frame_113100.png
[beacon] Saved seabird_dataset/beacon_debug/frame_113130.png
[beacon] Saved seabird_dataset/beacon_debug/frame_113160.png
[beacon] Saved seabird_dataset/beacon_debug/frame_113190.png
[beacon] Saved seabird_dataset/beacon_debug/frame_113220.png
[beacon] Saved seabird_dataset/beacon_debug/frame_113250.png
[beacon] Saved seabird_dataset/beacon_debug/frame_113280.png
[beacon] Saved seabird_dataset/beacon_debug/frame_113310.png
[beacon] Saved seabird_dataset/beacon_debug/frame_113340.png
[beacon] Saved seabird_dataset/beacon_debug/frame_113370.png
[beacon] Saved seabird_dataset/beacon_debug/frame_113400.png
[beacon] Saved seabird_dataset/beacon_debug/frame_113430.png
[beacon] Saved seabird_dataset/beacon_debug/frame_113460.png
[beacon] Saved seabird_dataset/beacon_debug/frame_113490.png
[beacon] Saved seabird_dataset/beacon_debug/frame_113520.png
[beacon] Saved seabird_dataset/beacon_debug/frame_113550.png
[beacon] Saved seabird_dataset/beacon_debug/frame_113580.png
[beacon] Saved seabird_dataset/beacon_debug/frame_113610.png
[beacon] Saved seabird_dataset/beacon_debug/frame_113640.png
[beacon] Saved seabird_dataset/beacon_debug/frame_113670.png
[beacon] Saved seabird_dataset/beacon_debug/frame_113700.png
[beacon] Saved seabird_dataset/beacon_debug/frame_113730.png
[beacon] Saved seabird_dataset/beacon_debug/frame_113760.png
[beacon] Saved seabird_dataset/beacon_debug/frame_113790.png
[beacon] Saved seabird_dataset/beacon_debug/frame_113820.png
[beacon] Saved seabird_dataset/beacon_debug/frame_113850.png
[beacon] Saved seabird_dataset/beacon_debug/frame_113880.png
[beacon] Saved seabird_dataset/beacon_debug/frame_113910.png
[beacon] Saved seabird_dataset/beacon_debug/frame_113940.png
[beacon] Saved seabird_dataset/beacon_debug/frame_113970.png
[beacon] Saved seabird_dataset/beacon_debug/frame_114000.png
[beacon] Saved seabird_dataset/beacon_debug/frame_114030.png
[beacon] Saved seabird_dataset/beacon_debug/frame_114060.png
[beacon] Saved seabird_dataset/beacon_debug/frame_114090.png
[beacon] Saved seabird_dataset/beacon_debug/frame_114120.png
[beacon] Saved seabird_dataset/beacon_debug/frame_114150.png
[beacon] Saved seabird_dataset/beacon_debug/frame_114180.png
[beacon] Saved seabird_dataset/beacon_debug/frame_114210.png
[beacon] Saved seabird_dataset/beacon_debug/frame_114240.png
[beacon] Saved seabird_dataset/beacon_debug/frame_114270.png
[beacon] Saved seabird_dataset/beacon_debug/frame_114300.png
[beacon] Saved seabird_dataset/beacon_debug/frame_114330.png
[beacon] Saved seabird_dataset/beacon_debug/frame_114360.png
[beacon] Saved seabird_dataset/beacon_debug/frame_114390.png
[beacon] Saved seabird_dataset/beacon_debug/frame_114420.png
[beacon] Saved seabird_dataset/beacon_debug/frame_114450.png
[beacon] Saved seabird_dataset/beacon_debug/frame_114480.png
[beacon] Saved seabird_dataset/beacon_debug/frame_114510.png
[beacon] Saved seabird_dataset/beacon_debug/frame_114540.png
[beacon] Saved seabird_dataset/beacon_debug/frame_114570.png
[beacon] Saved seabird_dataset/beacon_debug/frame_114600.png
[beacon] Saved seabird_dataset/beacon_debug/frame_114630.png
[beacon] Saved seabird_dataset/beacon_debug/frame_114660.png
[beacon] Saved seabird_dataset/beacon_debug/frame_114690.png
[beacon] Saved seabird_dataset/beacon_debug/frame_114720.png
[beacon] Saved seabird_dataset/beacon_debug/frame_114750.png
[beacon] Saved seabird_dataset/beacon_debug/frame_114780.png
[beacon] Saved seabird_dataset/beacon_debug/frame_114810.png
[beacon] Saved seabird_dataset/beacon_debug/frame_114840.png
[beacon] Saved seabird_dataset/beacon_debug/frame_114870.png
[beacon] Saved seabird_dataset/beacon_debug/frame_114900.png
[beacon] Saved seabird_dataset/beacon_debug/frame_114930.png
[beacon] Saved seabird_dataset/beacon_debug/frame_114960.png
[beacon] Saved seabird_dataset/beacon_debug/frame_114990.png
[beacon] Saved seabird_dataset/beacon_debug/frame_115020.png
[beacon] Saved seabird_dataset/beacon_debug/frame_115050.png
[beacon] Saved seabird_dataset/beacon_debug/frame_115080.png
[beacon] Saved seabird_dataset/beacon_debug/frame_115110.png
[beacon] Saved seabird_dataset/beacon_debug/frame_115140.png
[beacon] Saved seabird_dataset/beacon_debug/frame_115170.png
[beacon] Saved seabird_dataset/beacon_debug/frame_115200.png
[beacon] Saved seabird_dataset/beacon_debug/frame_115230.png
[beacon] Saved seabird_dataset/beacon_debug/frame_115260.png
[beacon] Saved seabird_dataset/beacon_debug/frame_115290.png
[beacon] Saved seabird_dataset/beacon_debug/frame_115320.png
[beacon] Saved seabird_dataset/beacon_debug/frame_115350.png
[beacon] Saved seabird_dataset/beacon_debug/frame_115380.png
[beacon] Saved seabird_dataset/beacon_debug/frame_115410.png
[beacon] Saved seabird_dataset/beacon_debug/frame_115440.png
[beacon] Saved seabird_dataset/beacon_debug/frame_115470.png
[beacon] Saved seabird_dataset/beacon_debug/frame_115500.png
[beacon] Saved seabird_dataset/beacon_debug/frame_115530.png
[beacon] Saved seabird_dataset/beacon_debug/frame_115560.png
[beacon] Saved seabird_dataset/beacon_debug/frame_115590.png
[beacon] Saved seabird_dataset/beacon_debug/frame_115620.png
[beacon] Saved seabird_dataset/beacon_debug/frame_115650.png
[beacon] Saved seabird_dataset/beacon_debug/frame_115680.png
[beacon] Saved seabird_dataset/beacon_debug/frame_115710.png
[beacon] Saved seabird_dataset/beacon_debug/frame_115740.png
[beacon] Saved seabird_dataset/beacon_debug/frame_115770.png
[beacon] Saved seabird_dataset/beacon_debug/frame_115800.png
[beacon] Saved seabird_dataset/beacon_debug/frame_115830.png
[beacon] Saved seabird_dataset/beacon_debug/frame_115860.png
[beacon] Saved seabird_dataset/beacon_debug/frame_115890.png
[beacon] Saved seabird_dataset/beacon_debug/frame_115920.png
[beacon] Saved seabird_dataset/beacon_debug/frame_115950.png
[beacon] Saved seabird_dataset/beacon_debug/frame_115980.png
[beacon] Saved seabird_dataset/beacon_debug/frame_116010.png
[beacon] Saved seabird_dataset/beacon_debug/frame_116040.png
[beacon] Saved seabird_dataset/beacon_debug/frame_116070.png
[beacon] Saved seabird_dataset/beacon_debug/frame_116100.png
[beacon] Saved seabird_dataset/beacon_debug/frame_116130.png
[beacon] Saved seabird_dataset/beacon_debug/frame_116160.png
[beacon] Saved seabird_dataset/beacon_debug/frame_116190.png
[beacon] Saved seabird_dataset/beacon_debug/frame_116220.png
[beacon] Saved seabird_dataset/beacon_debug/frame_116250.png
[beacon] Saved seabird_dataset/beacon_debug/frame_116280.png
[beacon] Saved seabird_dataset/beacon_debug/frame_116310.png
[beacon] Saved seabird_dataset/beacon_debug/frame_116340.png
[beacon] Saved seabird_dataset/beacon_debug/frame_116370.png
[beacon] Saved seabird_dataset/beacon_debug/frame_116400.png
[beacon] Saved seabird_dataset/beacon_debug/frame_116430.png
[beacon] Saved seabird_dataset/beacon_debug/frame_116460.png
[beacon] Saved seabird_dataset/beacon_debug/frame_116490.png
[beacon] Saved seabird_dataset/beacon_debug/frame_116520.png
[beacon] Saved seabird_dataset/beacon_debug/frame_116550.png
[beacon] Saved seabird_dataset/beacon_debug/frame_116580.png
[beacon] Saved seabird_dataset/beacon_debug/frame_116610.png
[beacon] Saved seabird_dataset/beacon_debug/frame_116640.png
[beacon] Saved seabird_dataset/beacon_debug/frame_116670.png
[beacon] Saved seabird_dataset/beacon_debug/frame_116700.png
[beacon] Saved seabird_dataset/beacon_debug/frame_116730.png
[beacon] Saved seabird_dataset/beacon_debug/frame_116760.png
[beacon] Saved seabird_dataset/beacon_debug/frame_116790.png
[beacon] Saved seabird_dataset/beacon_debug/frame_116820.png
[beacon] Saved seabird_dataset/beacon_debug/frame_116850.png
[beacon] Saved seabird_dataset/beacon_debug/frame_116880.png
[beacon] Saved seabird_dataset/beacon_debug/frame_116910.png
[beacon] Saved seabird_dataset/beacon_debug/frame_116940.png
[beacon] Saved seabird_dataset/beacon_debug/frame_116970.png
[beacon] Saved seabird_dataset/beacon_debug/frame_117000.png
[beacon] Saved seabird_dataset/beacon_debug/frame_117030.png
[beacon] Saved seabird_dataset/beacon_debug/frame_117060.png
[beacon] Saved seabird_dataset/beacon_debug/frame_117090.png
[beacon] Saved seabird_dataset/beacon_debug/frame_117120.png
[beacon] Saved seabird_dataset/beacon_debug/frame_117150.png
[beacon] Saved seabird_dataset/beacon_debug/frame_117180.png
[beacon] Saved seabird_dataset/beacon_debug/frame_117210.png
[beacon] Saved seabird_dataset/beacon_debug/frame_117240.png
[beacon] Saved seabird_dataset/beacon_debug/frame_117270.png
[beacon] Saved seabird_dataset/beacon_debug/frame_117300.png
[beacon] Saved seabird_dataset/beacon_debug/frame_117330.png
[beacon] Saved seabird_dataset/beacon_debug/frame_117360.png
[beacon] Saved seabird_dataset/beacon_debug/frame_117390.png
[beacon] Saved seabird_dataset/beacon_debug/frame_117420.png
[beacon] Saved seabird_dataset/beacon_debug/frame_117450.png
[beacon] Saved seabird_dataset/beacon_debug/frame_117480.png
[beacon] Saved seabird_dataset/beacon_debug/frame_117510.png
[beacon] Saved seabird_dataset/beacon_debug/frame_117540.png
[beacon] Saved seabird_dataset/beacon_debug/frame_117570.png
[beacon] Saved seabird_dataset/beacon_debug/frame_117600.png
[beacon] Saved seabird_dataset/beacon_debug/frame_117630.png
[beacon] Saved seabird_dataset/beacon_debug/frame_117660.png
[beacon] Saved seabird_dataset/beacon_debug/frame_117690.png
[beacon] Saved seabird_dataset/beacon_debug/frame_117720.png
[beacon] Saved seabird_dataset/beacon_debug/frame_117750.png
[beacon] Saved seabird_dataset/beacon_debug/frame_117780.png
[beacon] Saved seabird_dataset/beacon_debug/frame_117810.png
[beacon] Saved seabird_dataset/beacon_debug/frame_117840.png
[beacon] Saved seabird_dataset/beacon_debug/frame_117870.png
[beacon] Saved seabird_dataset/beacon_debug/frame_117900.png
[beacon] Saved seabird_dataset/beacon_debug/frame_117930.png
[beacon] Saved seabird_dataset/beacon_debug/frame_117960.png
[beacon] Saved seabird_dataset/beacon_debug/frame_117990.png
[beacon] Saved seabird_dataset/beacon_debug/frame_118020.png
[beacon] Saved seabird_dataset/beacon_debug/frame_118050.png
[beacon] Saved seabird_dataset/beacon_debug/frame_118080.png
[beacon] Saved seabird_dataset/beacon_debug/frame_118110.png
[beacon] Saved seabird_dataset/beacon_debug/frame_118140.png
[beacon] Saved seabird_dataset/beacon_debug/frame_118170.png
[beacon] Saved seabird_dataset/beacon_debug/frame_118200.png
[beacon] Saved seabird_dataset/beacon_debug/frame_118230.png
[beacon] Saved seabird_dataset/beacon_debug/frame_118260.png
[beacon] Saved seabird_dataset/beacon_debug/frame_118290.png
[beacon] Saved seabird_dataset/beacon_debug/frame_118320.png
[beacon] Saved seabird_dataset/beacon_debug/frame_118350.png
[beacon] Saved seabird_dataset/beacon_debug/frame_118380.png
[beacon] Saved seabird_dataset/beacon_debug/frame_118410.png
[beacon] Saved seabird_dataset/beacon_debug/frame_118440.png
[beacon] Saved seabird_dataset/beacon_debug/frame_118470.png
[beacon] Saved seabird_dataset/beacon_debug/frame_118500.png
[beacon] Saved seabird_dataset/beacon_debug/frame_118530.png
[beacon] Saved seabird_dataset/beacon_debug/frame_118560.png
[beacon] Saved seabird_dataset/beacon_debug/frame_118590.png
[beacon] Saved seabird_dataset/beacon_debug/frame_118620.png
[beacon] Saved seabird_dataset/beacon_debug/frame_118650.png
[beacon] Saved seabird_dataset/beacon_debug/frame_118680.png
[beacon] Saved seabird_dataset/beacon_debug/frame_118710.png
[beacon] Saved seabird_dataset/beacon_debug/frame_118740.png
[beacon] Saved seabird_dataset/beacon_debug/frame_118770.png
[beacon] Saved seabird_dataset/beacon_debug/frame_118800.png
[beacon] Saved seabird_dataset/beacon_debug/frame_118830.png
[beacon] Saved seabird_dataset/beacon_debug/frame_118860.png
[beacon] Saved seabird_dataset/beacon_debug/frame_118890.png
[beacon] Saved seabird_dataset/beacon_debug/frame_118920.png
[beacon] Saved seabird_dataset/beacon_debug/frame_118950.png
[beacon] Saved seabird_dataset/beacon_debug/frame_118980.png
[beacon] Saved seabird_dataset/beacon_debug/frame_119010.png
[beacon] Saved seabird_dataset/beacon_debug/frame_119040.png
[beacon] Saved seabird_dataset/beacon_debug/frame_119070.png
[beacon] Saved seabird_dataset/beacon_debug/frame_119100.png
[beacon] Saved seabird_dataset/beacon_debug/frame_119130.png
[beacon] Saved seabird_dataset/beacon_debug/frame_119160.png
[beacon] Saved seabird_dataset/beacon_debug/frame_119190.png
[beacon] Saved seabird_dataset/beacon_debug/frame_119220.png
[beacon] Saved seabird_dataset/beacon_debug/frame_119250.png
[beacon] Saved seabird_dataset/beacon_debug/frame_119280.png
[beacon] Saved seabird_dataset/beacon_debug/frame_119310.png
[beacon] Saved seabird_dataset/beacon_debug/frame_119340.png
[beacon] Saved seabird_dataset/beacon_debug/frame_119370.png
[beacon] Saved seabird_dataset/beacon_debug/frame_119400.png
[beacon] Saved seabird_dataset/beacon_debug/frame_119430.png
[beacon] Saved seabird_dataset/beacon_debug/frame_119460.png
[beacon] Saved seabird_dataset/beacon_debug/frame_119490.png
[beacon] Saved seabird_dataset/beacon_debug/frame_119520.png
[beacon] Saved seabird_dataset/beacon_debug/frame_119550.png
[beacon] Saved seabird_dataset/beacon_debug/frame_119580.png
[beacon] Saved seabird_dataset/beacon_debug/frame_119610.png
[beacon] Saved seabird_dataset/beacon_debug/frame_119640.png
[beacon] Saved seabird_dataset/beacon_debug/frame_119670.png
[beacon] Saved seabird_dataset/beacon_debug/frame_119700.png
[beacon] Saved seabird_dataset/beacon_debug/frame_119730.png
[beacon] Saved seabird_dataset/beacon_debug/frame_119760.png
[beacon] Saved seabird_dataset/beacon_debug/frame_119790.png
[beacon] Saved seabird_dataset/beacon_debug/frame_119820.png
[beacon] Saved seabird_dataset/beacon_debug/frame_119850.png
[beacon] Saved seabird_dataset/beacon_debug/frame_119880.png
[beacon] Saved seabird_dataset/beacon_debug/frame_119910.png
[beacon] Saved seabird_dataset/beacon_debug/frame_119940.png
[beacon] Saved seabird_dataset/beacon_debug/frame_119970.png
[beacon] Saved seabird_dataset/beacon_debug/frame_120000.png
[beacon] Saved seabird_dataset/beacon_debug/frame_120030.png
[beacon] Saved seabird_dataset/beacon_debug/frame_120060.png
[beacon] Saved seabird_dataset/beacon_debug/frame_120090.png
[beacon] Saved seabird_dataset/beacon_debug/frame_120120.png
[beacon] Saved seabird_dataset/beacon_debug/frame_120150.png
[beacon] Saved seabird_dataset/beacon_debug/frame_120180.png
[beacon] Saved seabird_dataset/beacon_debug/frame_120210.png
[beacon] Saved seabird_dataset/beacon_debug/frame_120240.png
[beacon] Saved seabird_dataset/beacon_debug/frame_120270.png
[beacon] Saved seabird_dataset/beacon_debug/frame_120300.png
[beacon] Saved seabird_dataset/beacon_debug/frame_120330.png
[beacon] Saved seabird_dataset/beacon_debug/frame_120360.png
[beacon] Saved seabird_dataset/beacon_debug/frame_120390.png
[beacon] Saved seabird_dataset/beacon_debug/frame_120420.png
[beacon] Saved seabird_dataset/beacon_debug/frame_120450.png
[beacon] Saved seabird_dataset/beacon_debug/frame_120480.png
[beacon] Saved seabird_dataset/beacon_debug/frame_120510.png
[beacon] Saved seabird_dataset/beacon_debug/frame_120540.png
[beacon] Saved seabird_dataset/beacon_debug/frame_120570.png
[beacon] Saved seabird_dataset/beacon_debug/frame_120600.png
[beacon] Saved seabird_dataset/beacon_debug/frame_120630.png
[beacon] Saved seabird_dataset/beacon_debug/frame_120660.png
[beacon] Saved seabird_dataset/beacon_debug/frame_120690.png
[beacon] Saved seabird_dataset/beacon_debug/frame_120720.png
[beacon] Saved seabird_dataset/beacon_debug/frame_120750.png
[beacon] Saved seabird_dataset/beacon_debug/frame_120780.png
[beacon] Saved seabird_dataset/beacon_debug/frame_120810.png
[beacon] Saved seabird_dataset/beacon_debug/frame_120840.png
[beacon] Saved seabird_dataset/beacon_debug/frame_120870.png
[beacon] Saved seabird_dataset/beacon_debug/frame_120900.png
[beacon] Saved seabird_dataset/beacon_debug/frame_120930.png
[beacon] Saved seabird_dataset/beacon_debug/frame_120960.png
[beacon] Saved seabird_dataset/beacon_debug/frame_120990.png
[beacon] Saved seabird_dataset/beacon_debug/frame_121020.png
[beacon] Saved seabird_dataset/beacon_debug/frame_121050.png
[beacon] Saved seabird_dataset/beacon_debug/frame_121080.png
[beacon] Saved seabird_dataset/beacon_debug/frame_121110.png
[beacon] Saved seabird_dataset/beacon_debug/frame_121140.png
[beacon] Saved seabird_dataset/beacon_debug/frame_121170.png
[beacon] Saved seabird_dataset/beacon_debug/frame_121200.png
[beacon] Saved seabird_dataset/beacon_debug/frame_121230.png
[beacon] Saved seabird_dataset/beacon_debug/frame_121260.png
[beacon] Saved seabird_dataset/beacon_debug/frame_121290.png
[beacon] Saved seabird_dataset/beacon_debug/frame_121320.png
[beacon] Saved seabird_dataset/beacon_debug/frame_121350.png
[beacon] Saved seabird_dataset/beacon_debug/frame_121380.png
[beacon] Saved seabird_dataset/beacon_debug/frame_121410.png
[beacon] Saved seabird_dataset/beacon_debug/frame_121440.png
[beacon] Saved seabird_dataset/beacon_debug/frame_121470.png
[beacon] Saved seabird_dataset/beacon_debug/frame_121500.png
[beacon] Saved seabird_dataset/beacon_debug/frame_121530.png
[beacon] Saved seabird_dataset/beacon_debug/frame_121560.png
[beacon] Saved seabird_dataset/beacon_debug/frame_121590.png
[beacon] Saved seabird_dataset/beacon_debug/frame_121620.png
[beacon] Saved seabird_dataset/beacon_debug/frame_121650.png
[beacon] Saved seabird_dataset/beacon_debug/frame_121680.png
[beacon] Saved seabird_dataset/beacon_debug/frame_121710.png
[beacon] Saved seabird_dataset/beacon_debug/frame_121740.png
[beacon] Saved seabird_dataset/beacon_debug/frame_121770.png
[beacon] Saved seabird_dataset/beacon_debug/frame_121800.png
[beacon] Saved seabird_dataset/beacon_debug/frame_121830.png
[beacon] Saved seabird_dataset/beacon_debug/frame_121860.png
[beacon] Saved seabird_dataset/beacon_debug/frame_121890.png
[beacon] Saved seabird_dataset/beacon_debug/frame_121920.png
[beacon] Saved seabird_dataset/beacon_debug/frame_121950.png
[beacon] Saved seabird_dataset/beacon_debug/frame_121980.png
[beacon] Saved seabird_dataset/beacon_debug/frame_122010.png
[beacon] Saved seabird_dataset/beacon_debug/frame_122040.png
[beacon] Saved seabird_dataset/beacon_debug/frame_122070.png
[beacon] Saved seabird_dataset/beacon_debug/frame_122100.png
[beacon] Saved seabird_dataset/beacon_debug/frame_122130.png
[beacon] Saved seabird_dataset/beacon_debug/frame_122160.png
[beacon] Saved seabird_dataset/beacon_debug/frame_122190.png
[beacon] Saved seabird_dataset/beacon_debug/frame_122220.png
[beacon] Saved seabird_dataset/beacon_debug/frame_122250.png
[beacon] Saved seabird_dataset/beacon_debug/frame_122280.png
[beacon] Saved seabird_dataset/beacon_debug/frame_122310.png
[beacon] Saved seabird_dataset/beacon_debug/frame_122340.png
[beacon] Saved seabird_dataset/beacon_debug/frame_122370.png
[beacon] Saved seabird_dataset/beacon_debug/frame_122400.png
[beacon] Saved seabird_dataset/beacon_debug/frame_122430.png
[beacon] Saved seabird_dataset/beacon_debug/frame_122460.png
[beacon] Saved seabird_dataset/beacon_debug/frame_122490.png
[beacon] Saved seabird_dataset/beacon_debug/frame_122520.png
[beacon] Saved seabird_dataset/beacon_debug/frame_122550.png
[beacon] Saved seabird_dataset/beacon_debug/frame_122580.png
[beacon] Saved seabird_dataset/beacon_debug/frame_122610.png
[beacon] Saved seabird_dataset/beacon_debug/frame_122640.png
[beacon] Saved seabird_dataset/beacon_debug/frame_122670.png
[beacon] Saved seabird_dataset/beacon_debug/frame_122700.png
[beacon] Saved seabird_dataset/beacon_debug/frame_122730.png
[beacon] Saved seabird_dataset/beacon_debug/frame_122760.png
[beacon] Saved seabird_dataset/beacon_debug/frame_122790.png
[beacon] Saved seabird_dataset/beacon_debug/frame_122820.png
[beacon] Saved seabird_dataset/beacon_debug/frame_122850.png
[beacon] Saved seabird_dataset/beacon_debug/frame_122880.png
[beacon] Saved seabird_dataset/beacon_debug/frame_122910.png
[beacon] Saved seabird_dataset/beacon_debug/frame_122940.png
[beacon] Saved seabird_dataset/beacon_debug/frame_122970.png
[beacon] Saved seabird_dataset/beacon_debug/frame_123000.png
[beacon] Saved seabird_dataset/beacon_debug/frame_123030.png
[beacon] Saved seabird_dataset/beacon_debug/frame_123060.png
[beacon] Saved seabird_dataset/beacon_debug/frame_123090.png
[beacon] Saved seabird_dataset/beacon_debug/frame_123120.png
[beacon] Saved seabird_dataset/beacon_debug/frame_123150.png
[beacon] Saved seabird_dataset/beacon_debug/frame_123180.png
[beacon] Saved seabird_dataset/beacon_debug/frame_123210.png
[beacon] Saved seabird_dataset/beacon_debug/frame_123240.png
[beacon] Saved seabird_dataset/beacon_debug/frame_123270.png
[beacon] Saved seabird_dataset/beacon_debug/frame_123300.png
[beacon] Saved seabird_dataset/beacon_debug/frame_123330.png
[beacon] Saved seabird_dataset/beacon_debug/frame_123360.png
[beacon] Saved seabird_dataset/beacon_debug/frame_123390.png
[beacon] Saved seabird_dataset/beacon_debug/frame_123420.png
[beacon] Saved seabird_dataset/beacon_debug/frame_123450.png
[beacon] Saved seabird_dataset/beacon_debug/frame_123480.png
[beacon] Saved seabird_dataset/beacon_debug/frame_123510.png
[beacon] Saved seabird_dataset/beacon_debug/frame_123540.png
[beacon] Saved seabird_dataset/beacon_debug/frame_123570.png
[beacon] Saved seabird_dataset/beacon_debug/frame_123600.png
[beacon] Saved seabird_dataset/beacon_debug/frame_123630.png
[beacon] Saved seabird_dataset/beacon_debug/frame_123660.png
[beacon] Saved seabird_dataset/beacon_debug/frame_123690.png
[beacon] Saved seabird_dataset/beacon_debug/frame_123720.png
[beacon] Saved seabird_dataset/beacon_debug/frame_123750.png
[beacon] Saved seabird_dataset/beacon_debug/frame_123780.png
[beacon] Saved seabird_dataset/beacon_debug/frame_123810.png
[beacon] Saved seabird_dataset/beacon_debug/frame_123840.png
[beacon] Saved seabird_dataset/beacon_debug/frame_123870.png
[beacon] Saved seabird_dataset/beacon_debug/frame_123900.png
[beacon] Saved seabird_dataset/beacon_debug/frame_123930.png
[beacon] Saved seabird_dataset/beacon_debug/frame_123960.png
[beacon] Saved seabird_dataset/beacon_debug/frame_123990.png
[beacon] Saved seabird_dataset/beacon_debug/frame_124020.png
[beacon] Saved seabird_dataset/beacon_debug/frame_124050.png
[beacon] Saved seabird_dataset/beacon_debug/frame_124080.png
[beacon] Saved seabird_dataset/beacon_debug/frame_124110.png
[beacon] Saved seabird_dataset/beacon_debug/frame_124140.png
[beacon] Saved seabird_dataset/beacon_debug/frame_124170.png
[beacon] Saved seabird_dataset/beacon_debug/frame_124200.png
[beacon] Saved seabird_dataset/beacon_debug/frame_124230.png
[beacon] Saved seabird_dataset/beacon_debug/frame_124260.png
[beacon] Saved seabird_dataset/beacon_debug/frame_124290.png
[beacon] Saved seabird_dataset/beacon_debug/frame_124320.png
[beacon] Saved seabird_dataset/beacon_debug/frame_124350.png
[beacon] Saved seabird_dataset/beacon_debug/frame_124380.png
[beacon] Saved seabird_dataset/beacon_debug/frame_124410.png
[beacon] Saved seabird_dataset/beacon_debug/frame_124440.png
[beacon] Saved seabird_dataset/beacon_debug/frame_124470.png
[beacon] Saved seabird_dataset/beacon_debug/frame_124500.png
[beacon] Saved seabird_dataset/beacon_debug/frame_124530.png
[beacon] Saved seabird_dataset/beacon_debug/frame_124560.png
[beacon] Saved seabird_dataset/beacon_debug/frame_124590.png
[beacon] Saved seabird_dataset/beacon_debug/frame_124620.png
[beacon] Saved seabird_dataset/beacon_debug/frame_124650.png
[beacon] Saved seabird_dataset/beacon_debug/frame_124680.png
[beacon] Saved seabird_dataset/beacon_debug/frame_124710.png
[beacon] Saved seabird_dataset/beacon_debug/frame_124740.png
[beacon] Saved seabird_dataset/beacon_debug/frame_124770.png
[beacon] Saved seabird_dataset/beacon_debug/frame_124800.png
[beacon] Saved seabird_dataset/beacon_debug/frame_124830.png
[beacon] Saved seabird_dataset/beacon_debug/frame_124860.png
[beacon] Saved seabird_dataset/beacon_debug/frame_124890.png
[beacon] Saved seabird_dataset/beacon_debug/frame_124920.png
[beacon] Saved seabird_dataset/beacon_debug/frame_124950.png
[beacon] Saved seabird_dataset/beacon_debug/frame_124980.png
[beacon] Saved seabird_dataset/beacon_debug/frame_125010.png
[beacon] Saved seabird_dataset/beacon_debug/frame_125040.png
[beacon] Saved seabird_dataset/beacon_debug/frame_125070.png
[beacon] Saved seabird_dataset/beacon_debug/frame_125100.png
[beacon] Saved seabird_dataset/beacon_debug/frame_125130.png
[beacon] Saved seabird_dataset/beacon_debug/frame_125160.png
[beacon] Saved seabird_dataset/beacon_debug/frame_125190.png
[beacon] Saved seabird_dataset/beacon_debug/frame_125220.png
[beacon] Saved seabird_dataset/beacon_debug/frame_125250.png
[beacon] Saved seabird_dataset/beacon_debug/frame_125280.png
[beacon] Saved seabird_dataset/beacon_debug/frame_125310.png
[beacon] Saved seabird_dataset/beacon_debug/frame_125340.png
[beacon] Saved seabird_dataset/beacon_debug/frame_125370.png
[beacon] Saved seabird_dataset/beacon_debug/frame_125400.png
[beacon] Saved seabird_dataset/beacon_debug/frame_125430.png
[beacon] Saved seabird_dataset/beacon_debug/frame_125460.png
[beacon] Saved seabird_dataset/beacon_debug/frame_125490.png
[beacon] Saved seabird_dataset/beacon_debug/frame_125520.png
[beacon] Saved seabird_dataset/beacon_debug/frame_125550.png
[beacon] Saved seabird_dataset/beacon_debug/frame_125580.png
[beacon] Saved seabird_dataset/beacon_debug/frame_125610.png
[beacon] Saved seabird_dataset/beacon_debug/frame_125640.png
[beacon] Saved seabird_dataset/beacon_debug/frame_125670.png
[beacon] Saved seabird_dataset/beacon_debug/frame_125700.png
[beacon] Saved seabird_dataset/beacon_debug/frame_125730.png
[beacon] Saved seabird_dataset/beacon_debug/frame_125760.png
[beacon] Saved seabird_dataset/beacon_debug/frame_125790.png
[beacon] Saved seabird_dataset/beacon_debug/frame_125820.png
[beacon] Saved seabird_dataset/beacon_debug/frame_125850.png
[beacon] Saved seabird_dataset/beacon_debug/frame_125880.png
[beacon] Saved seabird_dataset/beacon_debug/frame_125910.png
[beacon] Saved seabird_dataset/beacon_debug/frame_125940.png
[beacon] Saved seabird_dataset/beacon_debug/frame_125970.png
[beacon] Saved seabird_dataset/beacon_debug/frame_126000.png
[beacon] Saved seabird_dataset/beacon_debug/frame_126030.png
[beacon] Saved seabird_dataset/beacon_debug/frame_126060.png
[beacon] Saved seabird_dataset/beacon_debug/frame_126090.png
[beacon] Saved seabird_dataset/beacon_debug/frame_126120.png
[beacon] Saved seabird_dataset/beacon_debug/frame_126150.png
[beacon] Saved seabird_dataset/beacon_debug/frame_126180.png
[beacon] Saved seabird_dataset/beacon_debug/frame_126210.png
[beacon] Saved seabird_dataset/beacon_debug/frame_126240.png
[beacon] Saved seabird_dataset/beacon_debug/frame_126270.png
[beacon] Saved seabird_dataset/beacon_debug/frame_126300.png
[beacon] Saved seabird_dataset/beacon_debug/frame_126330.png
[beacon] Saved seabird_dataset/beacon_debug/frame_126360.png
[beacon] Saved seabird_dataset/beacon_debug/frame_126390.png
[beacon] Saved seabird_dataset/beacon_debug/frame_126420.png
[beacon] Saved seabird_dataset/beacon_debug/frame_126450.png
[beacon] Saved seabird_dataset/beacon_debug/frame_126480.png
[beacon] Saved seabird_dataset/beacon_debug/frame_126510.png
[beacon] Saved seabird_dataset/beacon_debug/frame_126540.png
[beacon] Saved seabird_dataset/beacon_debug/frame_126570.png
[beacon] Saved seabird_dataset/beacon_debug/frame_126600.png
[beacon] Saved seabird_dataset/beacon_debug/frame_126630.png
[beacon] Saved seabird_dataset/beacon_debug/frame_126660.png
[beacon] Saved seabird_dataset/beacon_debug/frame_126690.png
[beacon] Saved seabird_dataset/beacon_debug/frame_126720.png
[beacon] Saved seabird_dataset/beacon_debug/frame_126750.png
[beacon] Saved seabird_dataset/beacon_debug/frame_126780.png
[beacon] Saved seabird_dataset/beacon_debug/frame_126810.png
[beacon] Saved seabird_dataset/beacon_debug/frame_126840.png
[beacon] Saved seabird_dataset/beacon_debug/frame_126870.png
[beacon] Saved seabird_dataset/beacon_debug/frame_126900.png
[beacon] Saved seabird_dataset/beacon_debug/frame_126930.png
[beacon] Saved seabird_dataset/beacon_debug/frame_126960.png
[beacon] Saved seabird_dataset/beacon_debug/frame_126990.png
[beacon] Saved seabird_dataset/beacon_debug/frame_127020.png
[beacon] Saved seabird_dataset/beacon_debug/frame_127050.png
[beacon] Saved seabird_dataset/beacon_debug/frame_127080.png
[beacon] Saved seabird_dataset/beacon_debug/frame_127110.png
[beacon] Saved seabird_dataset/beacon_debug/frame_127140.png
[beacon] Saved seabird_dataset/beacon_debug/frame_127170.png
[beacon] Saved seabird_dataset/beacon_debug/frame_127200.png
[beacon] Saved seabird_dataset/beacon_debug/frame_127230.png
[beacon] Saved seabird_dataset/beacon_debug/frame_127260.png
[beacon] Saved seabird_dataset/beacon_debug/frame_127290.png
[beacon] Saved seabird_dataset/beacon_debug/frame_127320.png
[beacon] Saved seabird_dataset/beacon_debug/frame_127350.png
[beacon] Saved seabird_dataset/beacon_debug/frame_127380.png
[beacon] Saved seabird_dataset/beacon_debug/frame_127410.png
[beacon] Saved seabird_dataset/beacon_debug/frame_127440.png
[beacon] Saved seabird_dataset/beacon_debug/frame_127470.png
[beacon] Saved seabird_dataset/beacon_debug/frame_127500.png
[beacon] Saved seabird_dataset/beacon_debug/frame_127530.png
[beacon] Saved seabird_dataset/beacon_debug/frame_127560.png
[beacon] Saved seabird_dataset/beacon_debug/frame_127590.png
[beacon] Saved seabird_dataset/beacon_debug/frame_127620.png
[beacon] Saved seabird_dataset/beacon_debug/frame_127650.png
[beacon] Saved seabird_dataset/beacon_debug/frame_127680.png
[beacon] Saved seabird_dataset/beacon_debug/frame_127710.png
[beacon] Saved seabird_dataset/beacon_debug/frame_127740.png
[beacon] Saved seabird_dataset/beacon_debug/frame_127770.png
[beacon] Saved seabird_dataset/beacon_debug/frame_127800.png
[beacon] Saved seabird_dataset/beacon_debug/frame_127830.png
[beacon] Saved seabird_dataset/beacon_debug/frame_127860.png
[beacon] Saved seabird_dataset/beacon_debug/frame_127890.png
[beacon] Saved seabird_dataset/beacon_debug/frame_127920.png
[beacon] Saved seabird_dataset/beacon_debug/frame_127950.png
[beacon] Saved seabird_dataset/beacon_debug/frame_127980.png
[beacon] Saved seabird_dataset/beacon_debug/frame_128010.png
[beacon] Saved seabird_dataset/beacon_debug/frame_128040.png
[beacon] Saved seabird_dataset/beacon_debug/frame_128070.png
[beacon] Saved seabird_dataset/beacon_debug/frame_128100.png
[beacon] Saved seabird_dataset/beacon_debug/frame_128130.png
[beacon] Saved seabird_dataset/beacon_debug/frame_128160.png
[beacon] Saved seabird_dataset/beacon_debug/frame_128190.png
[beacon] Saved seabird_dataset/beacon_debug/frame_128220.png
[beacon] Saved seabird_dataset/beacon_debug/frame_128250.png
[beacon] Saved seabird_dataset/beacon_debug/frame_128280.png
[beacon] Saved seabird_dataset/beacon_debug/frame_128310.png
[beacon] Saved seabird_dataset/beacon_debug/frame_128340.png
[beacon] Saved seabird_dataset/beacon_debug/frame_128370.png
[beacon] Saved seabird_dataset/beacon_debug/frame_128400.png
[beacon] Saved seabird_dataset/beacon_debug/frame_128430.png
[beacon] Saved seabird_dataset/beacon_debug/frame_128460.png
[beacon] Saved seabird_dataset/beacon_debug/frame_128490.png
[beacon] Saved seabird_dataset/beacon_debug/frame_128520.png
[beacon] Saved seabird_dataset/beacon_debug/frame_128550.png
[beacon] Saved seabird_dataset/beacon_debug/frame_128580.png
[beacon] Saved seabird_dataset/beacon_debug/frame_128610.png
[beacon] Saved seabird_dataset/beacon_debug/frame_128640.png
[beacon] Saved seabird_dataset/beacon_debug/frame_128670.png
[beacon] Saved seabird_dataset/beacon_debug/frame_128700.png
[beacon] Saved seabird_dataset/beacon_debug/frame_128730.png
[beacon] Saved seabird_dataset/beacon_debug/frame_128760.png
[beacon] Saved seabird_dataset/beacon_debug/frame_128790.png
[beacon] Saved seabird_dataset/beacon_debug/frame_128820.png
[beacon] Saved seabird_dataset/beacon_debug/frame_128850.png
[beacon] Saved seabird_dataset/beacon_debug/frame_128880.png
[beacon] Saved seabird_dataset/beacon_debug/frame_128910.png
[beacon] Saved seabird_dataset/beacon_debug/frame_128940.png
[beacon] Saved seabird_dataset/beacon_debug/frame_128970.png
[beacon] Saved seabird_dataset/beacon_debug/frame_129000.png
[beacon] Saved seabird_dataset/beacon_debug/frame_129030.png
[beacon] Saved seabird_dataset/beacon_debug/frame_129060.png
[beacon] Saved seabird_dataset/beacon_debug/frame_129090.png
[beacon] Saved seabird_dataset/beacon_debug/frame_129120.png
[beacon] Saved seabird_dataset/beacon_debug/frame_129150.png
[beacon] Saved seabird_dataset/beacon_debug/frame_129180.png
[beacon] Saved seabird_dataset/beacon_debug/frame_129210.png
[beacon] Saved seabird_dataset/beacon_debug/frame_129240.png
[beacon] Saved seabird_dataset/beacon_debug/frame_129270.png
[beacon] Saved seabird_dataset/beacon_debug/frame_129300.png
[beacon] Saved seabird_dataset/beacon_debug/frame_129330.png
[beacon] Saved seabird_dataset/beacon_debug/frame_129360.png
[beacon] Saved seabird_dataset/beacon_debug/frame_129390.png
[beacon] Saved seabird_dataset/beacon_debug/frame_129420.png
[beacon] Saved seabird_dataset/beacon_debug/frame_129450.png
[beacon] Saved seabird_dataset/beacon_debug/frame_129480.png
[beacon] Saved seabird_dataset/beacon_debug/frame_129510.png
[beacon] Saved seabird_dataset/beacon_debug/frame_129540.png
[beacon] Saved seabird_dataset/beacon_debug/frame_129570.png
[beacon] Saved seabird_dataset/beacon_debug/frame_129600.png
[beacon] Saved seabird_dataset/beacon_debug/frame_129630.png
[beacon] Saved seabird_dataset/beacon_debug/frame_129660.png
[beacon] Saved seabird_dataset/beacon_debug/frame_129690.png
[beacon] Saved seabird_dataset/beacon_debug/frame_129720.png
[beacon] Saved seabird_dataset/beacon_debug/frame_129750.png
[beacon] Saved seabird_dataset/beacon_debug/frame_129780.png
[beacon] Saved seabird_dataset/beacon_debug/frame_129810.png
[beacon] Saved seabird_dataset/beacon_debug/frame_129840.png
[beacon] Saved seabird_dataset/beacon_debug/frame_129870.png
[beacon] Saved seabird_dataset/beacon_debug/frame_129900.png
[beacon] Saved seabird_dataset/beacon_debug/frame_129930.png
[beacon] Saved seabird_dataset/beacon_debug/frame_129960.png
[beacon] Saved seabird_dataset/beacon_debug/frame_129990.png
[beacon] Saved seabird_dataset/beacon_debug/frame_130020.png
[beacon] Saved seabird_dataset/beacon_debug/frame_130050.png
[beacon] Saved seabird_dataset/beacon_debug/frame_130080.png
[beacon] Saved seabird_dataset/beacon_debug/frame_130110.png
[beacon] Saved seabird_dataset/beacon_debug/frame_130140.png
[beacon] Saved seabird_dataset/beacon_debug/frame_130170.png
[beacon] Saved seabird_dataset/beacon_debug/frame_130200.png
[beacon] Saved seabird_dataset/beacon_debug/frame_130230.png
[beacon] Saved seabird_dataset/beacon_debug/frame_130260.png
[beacon] Saved seabird_dataset/beacon_debug/frame_130290.png
[beacon] Saved seabird_dataset/beacon_debug/frame_130320.png
[beacon] Saved seabird_dataset/beacon_debug/frame_130350.png
[beacon] Saved seabird_dataset/beacon_debug/frame_130380.png
[beacon] Saved seabird_dataset/beacon_debug/frame_130410.png
[beacon] Saved seabird_dataset/beacon_debug/frame_130440.png
[beacon] Saved seabird_dataset/beacon_debug/frame_130470.png
[beacon] Saved seabird_dataset/beacon_debug/frame_130500.png
[beacon] Saved seabird_dataset/beacon_debug/frame_130530.png
[beacon] Saved seabird_dataset/beacon_debug/frame_130560.png
[beacon] Saved seabird_dataset/beacon_debug/frame_130590.png
[beacon] Saved seabird_dataset/beacon_debug/frame_130620.png
[beacon] Saved seabird_dataset/beacon_debug/frame_130650.png
[beacon] Saved seabird_dataset/beacon_debug/frame_130680.png
[beacon] Saved seabird_dataset/beacon_debug/frame_130710.png
[beacon] Saved seabird_dataset/beacon_debug/frame_130740.png
[beacon] Saved seabird_dataset/beacon_debug/frame_130770.png
[beacon] Saved seabird_dataset/beacon_debug/frame_130800.png
[beacon] Saved seabird_dataset/beacon_debug/frame_130830.png
[beacon] Saved seabird_dataset/beacon_debug/frame_130860.png
[beacon] Saved seabird_dataset/beacon_debug/frame_130890.png
[beacon] Saved seabird_dataset/beacon_debug/frame_130920.png
[beacon] Saved seabird_dataset/beacon_debug/frame_130950.png
[beacon] Saved seabird_dataset/beacon_debug/frame_130980.png
[beacon] Saved seabird_dataset/beacon_debug/frame_131010.png
[beacon] Saved seabird_dataset/beacon_debug/frame_131040.png
[beacon] Saved seabird_dataset/beacon_debug/frame_131070.png
[beacon] Saved seabird_dataset/beacon_debug/frame_131100.png
[beacon] Saved seabird_dataset/beacon_debug/frame_131130.png
[beacon] Saved seabird_dataset/beacon_debug/frame_131160.png
[beacon] Saved seabird_dataset/beacon_debug/frame_131190.png
[beacon] Saved seabird_dataset/beacon_debug/frame_131220.png
[beacon] Saved seabird_dataset/beacon_debug/frame_131250.png
[beacon] Saved seabird_dataset/beacon_debug/frame_131280.png
[beacon] Saved seabird_dataset/beacon_debug/frame_131310.png
[beacon] Saved seabird_dataset/beacon_debug/frame_131340.png
[beacon] Saved seabird_dataset/beacon_debug/frame_131370.png
[beacon] Saved seabird_dataset/beacon_debug/frame_131400.png
[beacon] Saved seabird_dataset/beacon_debug/frame_131430.png
[beacon] Saved seabird_dataset/beacon_debug/frame_131460.png
[beacon] Saved seabird_dataset/beacon_debug/frame_131490.png
[beacon] Saved seabird_dataset/beacon_debug/frame_131520.png
[beacon] Saved seabird_dataset/beacon_debug/frame_131550.png
[beacon] Saved seabird_dataset/beacon_debug/frame_131580.png
[beacon] Saved seabird_dataset/beacon_debug/frame_131610.png
[beacon] Saved seabird_dataset/beacon_debug/frame_131640.png
[beacon] Saved seabird_dataset/beacon_debug/frame_131670.png
[beacon] Saved seabird_dataset/beacon_debug/frame_131700.png
[beacon] Saved seabird_dataset/beacon_debug/frame_131730.png
[beacon] Saved seabird_dataset/beacon_debug/frame_131760.png
[beacon] Saved seabird_dataset/beacon_debug/frame_131790.png
[beacon] Saved seabird_dataset/beacon_debug/frame_131820.png
[beacon] Saved seabird_dataset/beacon_debug/frame_131850.png
[beacon] Saved seabird_dataset/beacon_debug/frame_131880.png
[beacon] Saved seabird_dataset/beacon_debug/frame_131910.png
[beacon] Saved seabird_dataset/beacon_debug/frame_131940.png
[beacon] Saved seabird_dataset/beacon_debug/frame_131970.png
[beacon] Saved seabird_dataset/beacon_debug/frame_132000.png
[beacon] Saved seabird_dataset/beacon_debug/frame_132030.png
[beacon] Saved seabird_dataset/beacon_debug/frame_132060.png
[beacon] Saved seabird_dataset/beacon_debug/frame_132090.png
[beacon] Saved seabird_dataset/beacon_debug/frame_132120.png
[beacon] Saved seabird_dataset/beacon_debug/frame_132150.png
[beacon] Saved seabird_dataset/beacon_debug/frame_132180.png
[beacon] Saved seabird_dataset/beacon_debug/frame_132210.png
[beacon] Saved seabird_dataset/beacon_debug/frame_132240.png
[beacon] Saved seabird_dataset/beacon_debug/frame_132270.png
[beacon] Saved seabird_dataset/beacon_debug/frame_132300.png
[beacon] Saved seabird_dataset/beacon_debug/frame_132330.png
[beacon] Saved seabird_dataset/beacon_debug/frame_132360.png
[beacon] Saved seabird_dataset/beacon_debug/frame_132390.png
[beacon] Saved seabird_dataset/beacon_debug/frame_132420.png
[beacon] Saved seabird_dataset/beacon_debug/frame_132450.png
[beacon] Saved seabird_dataset/beacon_debug/frame_132480.png
[beacon] Saved seabird_dataset/beacon_debug/frame_132510.png
[beacon] Saved seabird_dataset/beacon_debug/frame_132540.png
[beacon] Saved seabird_dataset/beacon_debug/frame_132570.png
[beacon] Saved seabird_dataset/beacon_debug/frame_132600.png
[beacon] Saved seabird_dataset/beacon_debug/frame_132630.png
[beacon] Saved seabird_dataset/beacon_debug/frame_132660.png
[beacon] Saved seabird_dataset/beacon_debug/frame_132690.png
[beacon] Saved seabird_dataset/beacon_debug/frame_132720.png
[beacon] Saved seabird_dataset/beacon_debug/frame_132750.png
[beacon] Saved seabird_dataset/beacon_debug/frame_132780.png
[beacon] Saved seabird_dataset/beacon_debug/frame_132810.png
[beacon] Saved seabird_dataset/beacon_debug/frame_132840.png
[beacon] Saved seabird_dataset/beacon_debug/frame_132870.png
[beacon] Saved seabird_dataset/beacon_debug/frame_132900.png
[beacon] Saved seabird_dataset/beacon_debug/frame_132930.png
[beacon] Saved seabird_dataset/beacon_debug/frame_132960.png
[beacon] Saved seabird_dataset/beacon_debug/frame_132990.png
[beacon] Saved seabird_dataset/beacon_debug/frame_133020.png
[beacon] Saved seabird_dataset/beacon_debug/frame_133050.png
[beacon] Saved seabird_dataset/beacon_debug/frame_133080.png
[beacon] Saved seabird_dataset/beacon_debug/frame_133110.png
[beacon] Saved seabird_dataset/beacon_debug/frame_133140.png
[beacon] Saved seabird_dataset/beacon_debug/frame_133170.png
[beacon] Saved seabird_dataset/beacon_debug/frame_133200.png
[beacon] Saved seabird_dataset/beacon_debug/frame_133230.png
[beacon] Saved seabird_dataset/beacon_debug/frame_133260.png
[beacon] Saved seabird_dataset/beacon_debug/frame_133290.png
[beacon] Saved seabird_dataset/beacon_debug/frame_133320.png
[beacon] Saved seabird_dataset/beacon_debug/frame_133350.png
[beacon] Saved seabird_dataset/beacon_debug/frame_133380.png
[beacon] Saved seabird_dataset/beacon_debug/frame_133410.png
[beacon] Saved seabird_dataset/beacon_debug/frame_133440.png
[beacon] Saved seabird_dataset/beacon_debug/frame_133470.png
[beacon] Saved seabird_dataset/beacon_debug/frame_133500.png
[beacon] Saved seabird_dataset/beacon_debug/frame_133530.png
[beacon] Saved seabird_dataset/beacon_debug/frame_133560.png
[beacon] Saved seabird_dataset/beacon_debug/frame_133590.png
[beacon] Saved seabird_dataset/beacon_debug/frame_133620.png
[beacon] Saved seabird_dataset/beacon_debug/frame_133650.png
[beacon] Saved seabird_dataset/beacon_debug/frame_133680.png
[beacon] Saved seabird_dataset/beacon_debug/frame_133710.png
[beacon] Saved seabird_dataset/beacon_debug/frame_133740.png
[beacon] Saved seabird_dataset/beacon_debug/frame_133770.png
[beacon] Saved seabird_dataset/beacon_debug/frame_133800.png
[beacon] Saved seabird_dataset/beacon_debug/frame_133830.png
[beacon] Saved seabird_dataset/beacon_debug/frame_133860.png
[beacon] Saved seabird_dataset/beacon_debug/frame_133890.png
[beacon] Saved seabird_dataset/beacon_debug/frame_133920.png
[beacon] Saved seabird_dataset/beacon_debug/frame_133950.png
[beacon] Saved seabird_dataset/beacon_debug/frame_133980.png
[beacon] Saved seabird_dataset/beacon_debug/frame_134010.png
[beacon] Saved seabird_dataset/beacon_debug/frame_134040.png
[beacon] Saved seabird_dataset/beacon_debug/frame_134070.png
[beacon] Saved seabird_dataset/beacon_debug/frame_134100.png
[beacon] Saved seabird_dataset/beacon_debug/frame_134130.png
[beacon] Saved seabird_dataset/beacon_debug/frame_134160.png
[beacon] Saved seabird_dataset/beacon_debug/frame_134190.png
[beacon] Saved seabird_dataset/beacon_debug/frame_134220.png
[beacon] Saved seabird_dataset/beacon_debug/frame_134250.png
[beacon] Saved seabird_dataset/beacon_debug/frame_134280.png
[beacon] Saved seabird_dataset/beacon_debug/frame_134310.png
[beacon] Saved seabird_dataset/beacon_debug/frame_134340.png
[beacon] Saved seabird_dataset/beacon_debug/frame_134370.png
[beacon] Saved seabird_dataset/beacon_debug/frame_134400.png
[beacon] Saved seabird_dataset/beacon_debug/frame_134430.png
[beacon] Saved seabird_dataset/beacon_debug/frame_134460.png
[beacon] Saved seabird_dataset/beacon_debug/frame_134490.png
[beacon] Saved seabird_dataset/beacon_debug/frame_134520.png
[beacon] Saved seabird_dataset/beacon_debug/frame_134550.png
[beacon] Saved seabird_dataset/beacon_debug/frame_134580.png
[beacon] Saved seabird_dataset/beacon_debug/frame_134610.png
[beacon] Saved seabird_dataset/beacon_debug/frame_134640.png
[beacon] Saved seabird_dataset/beacon_debug/frame_134670.png
[beacon] Saved seabird_dataset/beacon_debug/frame_134700.png
[beacon] Saved seabird_dataset/beacon_debug/frame_134730.png
[beacon] Saved seabird_dataset/beacon_debug/frame_134760.png
[beacon] Saved seabird_dataset/beacon_debug/frame_134790.png
[beacon] Saved seabird_dataset/beacon_debug/frame_134820.png
[beacon] Saved seabird_dataset/beacon_debug/frame_134850.png
[beacon] Saved seabird_dataset/beacon_debug/frame_134880.png
[beacon] Saved seabird_dataset/beacon_debug/frame_134910.png
[beacon] Saved seabird_dataset/beacon_debug/frame_134940.png
[beacon] Saved seabird_dataset/beacon_debug/frame_134970.png
[beacon] Saved seabird_dataset/beacon_debug/frame_135000.png
[beacon] Saved seabird_dataset/beacon_debug/frame_135030.png
[beacon] Saved seabird_dataset/beacon_debug/frame_135060.png
[beacon] Saved seabird_dataset/beacon_debug/frame_135090.png
[beacon] Saved seabird_dataset/beacon_debug/frame_135120.png
[beacon] Saved seabird_dataset/beacon_debug/frame_135150.png
[beacon] Saved seabird_dataset/beacon_debug/frame_135180.png
[beacon] Saved seabird_dataset/beacon_debug/frame_135210.png
[beacon] Saved seabird_dataset/beacon_debug/frame_135240.png
[beacon] Saved seabird_dataset/beacon_debug/frame_135270.png
[beacon] Saved seabird_dataset/beacon_debug/frame_135300.png
[beacon] Saved seabird_dataset/beacon_debug/frame_135330.png
[beacon] Saved seabird_dataset/beacon_debug/frame_135360.png
[beacon] Saved seabird_dataset/beacon_debug/frame_135390.png
[beacon] Saved seabird_dataset/beacon_debug/frame_135420.png
[beacon] Saved seabird_dataset/beacon_debug/frame_135450.png
[beacon] Saved seabird_dataset/beacon_debug/frame_135480.png
[beacon] Saved seabird_dataset/beacon_debug/frame_135510.png
[beacon] Saved seabird_dataset/beacon_debug/frame_135540.png
[beacon] Saved seabird_dataset/beacon_debug/frame_135570.png
[beacon] Saved seabird_dataset/beacon_debug/frame_135600.png
[beacon] Saved seabird_dataset/beacon_debug/frame_135630.png
[beacon] Saved seabird_dataset/beacon_debug/frame_135660.png
[beacon] Saved seabird_dataset/beacon_debug/frame_135690.png
[beacon] Saved seabird_dataset/beacon_debug/frame_135720.png
[beacon] Saved seabird_dataset/beacon_debug/frame_135750.png
[beacon] Saved seabird_dataset/beacon_debug/frame_135780.png
[beacon] Saved seabird_dataset/beacon_debug/frame_135810.png
[beacon] Saved seabird_dataset/beacon_debug/frame_135840.png
[beacon] Saved seabird_dataset/beacon_debug/frame_135870.png
[beacon] Saved seabird_dataset/beacon_debug/frame_135900.png
[beacon] Saved seabird_dataset/beacon_debug/frame_135930.png
[beacon] Saved seabird_dataset/beacon_debug/frame_135960.png
[beacon] Saved seabird_dataset/beacon_debug/frame_135990.png
[beacon] Saved seabird_dataset/beacon_debug/frame_136020.png
[beacon] Saved seabird_dataset/beacon_debug/frame_136050.png
[beacon] Saved seabird_dataset/beacon_debug/frame_136080.png
[beacon] Saved seabird_dataset/beacon_debug/frame_136110.png
[beacon] Saved seabird_dataset/beacon_debug/frame_136140.png
[beacon] Saved seabird_dataset/beacon_debug/frame_136170.png
[beacon] Saved seabird_dataset/beacon_debug/frame_136200.png
[beacon] Saved seabird_dataset/beacon_debug/frame_136230.png
[beacon] Saved seabird_dataset/beacon_debug/frame_136260.png
[beacon] Saved seabird_dataset/beacon_debug/frame_136290.png
[beacon] Saved seabird_dataset/beacon_debug/frame_136320.png
[beacon] Saved seabird_dataset/beacon_debug/frame_136350.png
[beacon] Saved seabird_dataset/beacon_debug/frame_136380.png
[beacon] Saved seabird_dataset/beacon_debug/frame_136410.png
[beacon] Saved seabird_dataset/beacon_debug/frame_136440.png
[beacon] Saved seabird_dataset/beacon_debug/frame_136470.png
[beacon] Saved seabird_dataset/beacon_debug/frame_136500.png
[beacon] Saved seabird_dataset/beacon_debug/frame_136530.png
[beacon] Saved seabird_dataset/beacon_debug/frame_136560.png
[beacon] Saved seabird_dataset/beacon_debug/frame_136590.png
[beacon] Saved seabird_dataset/beacon_debug/frame_136620.png
[beacon] Saved seabird_dataset/beacon_debug/frame_136650.png
[beacon] Saved seabird_dataset/beacon_debug/frame_136680.png
[beacon] Saved seabird_dataset/beacon_debug/frame_136710.png
[beacon] Saved seabird_dataset/beacon_debug/frame_136740.png
[beacon] Saved seabird_dataset/beacon_debug/frame_136770.png
[beacon] Saved seabird_dataset/beacon_debug/frame_136800.png
[beacon] Saved seabird_dataset/beacon_debug/frame_136830.png
[beacon] Saved seabird_dataset/beacon_debug/frame_136860.png
[beacon] Saved seabird_dataset/beacon_debug/frame_136890.png
[beacon] Saved seabird_dataset/beacon_debug/frame_136920.png
[beacon] Saved seabird_dataset/beacon_debug/frame_136950.png
[beacon] Saved seabird_dataset/beacon_debug/frame_136980.png
[beacon] Saved seabird_dataset/beacon_debug/frame_137010.png
[beacon] Saved seabird_dataset/beacon_debug/frame_137040.png
[beacon] Saved seabird_dataset/beacon_debug/frame_137070.png
[beacon] Saved seabird_dataset/beacon_debug/frame_137100.png
[beacon] Saved seabird_dataset/beacon_debug/frame_137130.png
[beacon] Saved seabird_dataset/beacon_debug/frame_137160.png
[beacon] Saved seabird_dataset/beacon_debug/frame_137190.png
[beacon] Saved seabird_dataset/beacon_debug/frame_137220.png
[beacon] Saved seabird_dataset/beacon_debug/frame_137250.png
[beacon] Saved seabird_dataset/beacon_debug/frame_137280.png
[beacon] Saved seabird_dataset/beacon_debug/frame_137310.png
[beacon] Saved seabird_dataset/beacon_debug/frame_137340.png
[beacon] Saved seabird_dataset/beacon_debug/frame_137370.png
[beacon] Saved seabird_dataset/beacon_debug/frame_137400.png
[beacon] Saved seabird_dataset/beacon_debug/frame_137430.png
[beacon] Saved seabird_dataset/beacon_debug/frame_137460.png
[beacon] Saved seabird_dataset/beacon_debug/frame_137490.png
[beacon] Saved seabird_dataset/beacon_debug/frame_137520.png
[beacon] Saved seabird_dataset/beacon_debug/frame_137550.png
[beacon] Saved seabird_dataset/beacon_debug/frame_137580.png
[beacon] Saved seabird_dataset/beacon_debug/frame_137610.png
[beacon] Saved seabird_dataset/beacon_debug/frame_137640.png
[beacon] Saved seabird_dataset/beacon_debug/frame_137670.png
[beacon] Saved seabird_dataset/beacon_debug/frame_137700.png
[beacon] Saved seabird_dataset/beacon_debug/frame_137730.png
[beacon] Saved seabird_dataset/beacon_debug/frame_137760.png
[beacon] Saved seabird_dataset/beacon_debug/frame_137790.png
[beacon] Saved seabird_dataset/beacon_debug/frame_137820.png
[beacon] Saved seabird_dataset/beacon_debug/frame_137850.png
[beacon] Saved seabird_dataset/beacon_debug/frame_137880.png
[beacon] Saved seabird_dataset/beacon_debug/frame_137910.png
[beacon] Saved seabird_dataset/beacon_debug/frame_137940.png
[beacon] Saved seabird_dataset/beacon_debug/frame_137970.png
[beacon] Saved seabird_dataset/beacon_debug/frame_138000.png
[beacon] Saved seabird_dataset/beacon_debug/frame_138030.png
[beacon] Saved seabird_dataset/beacon_debug/frame_138060.png
[beacon] Saved seabird_dataset/beacon_debug/frame_138090.png
[beacon] Saved seabird_dataset/beacon_debug/frame_138120.png
[beacon] Saved seabird_dataset/beacon_debug/frame_138150.png
[beacon] Saved seabird_dataset/beacon_debug/frame_138180.png
[beacon] Saved seabird_dataset/beacon_debug/frame_138210.png
[beacon] Saved seabird_dataset/beacon_debug/frame_138240.png
[beacon] Saved seabird_dataset/beacon_debug/frame_138270.png
[beacon] Saved seabird_dataset/beacon_debug/frame_138300.png
[beacon] Saved seabird_dataset/beacon_debug/frame_138330.png
[beacon] Saved seabird_dataset/beacon_debug/frame_138360.png
[beacon] Saved seabird_dataset/beacon_debug/frame_138390.png
[beacon] Saved seabird_dataset/beacon_debug/frame_138420.png
[beacon] Saved seabird_dataset/beacon_debug/frame_138450.png
[beacon] Saved seabird_dataset/beacon_debug/frame_138480.png
[beacon] Saved seabird_dataset/beacon_debug/frame_138510.png
[beacon] Saved seabird_dataset/beacon_debug/frame_138540.png
[beacon] Saved seabird_dataset/beacon_debug/frame_138570.png
[beacon] Saved seabird_dataset/beacon_debug/frame_138600.png
[beacon] Saved seabird_dataset/beacon_debug/frame_138630.png
[beacon] Saved seabird_dataset/beacon_debug/frame_138660.png
[beacon] Saved seabird_dataset/beacon_debug/frame_138690.png
[beacon] Saved seabird_dataset/beacon_debug/frame_138720.png
[beacon] Saved seabird_dataset/beacon_debug/frame_138750.png
[beacon] Saved seabird_dataset/beacon_debug/frame_138780.png
[beacon] Saved seabird_dataset/beacon_debug/frame_138810.png
[beacon] Saved seabird_dataset/beacon_debug/frame_138840.png
[beacon] Saved seabird_dataset/beacon_debug/frame_138870.png
[beacon] Saved seabird_dataset/beacon_debug/frame_138900.png
[beacon] Saved seabird_dataset/beacon_debug/frame_138930.png
[beacon] Saved seabird_dataset/beacon_debug/frame_138960.png
[beacon] Saved seabird_dataset/beacon_debug/frame_138990.png
[beacon] Saved seabird_dataset/beacon_debug/frame_139020.png
[beacon] Saved seabird_dataset/beacon_debug/frame_139050.png
[beacon] Saved seabird_dataset/beacon_debug/frame_139080.png
[beacon] Saved seabird_dataset/beacon_debug/frame_139110.png
[beacon] Saved seabird_dataset/beacon_debug/frame_139140.png
[beacon] Saved seabird_dataset/beacon_debug/frame_139170.png
[beacon] Saved seabird_dataset/beacon_debug/frame_139200.png
[beacon] Saved seabird_dataset/beacon_debug/frame_139230.png
[beacon] Saved seabird_dataset/beacon_debug/frame_139260.png
[beacon] Saved seabird_dataset/beacon_debug/frame_139290.png
[beacon] Saved seabird_dataset/beacon_debug/frame_139320.png
[beacon] Saved seabird_dataset/beacon_debug/frame_139350.png
[beacon] Saved seabird_dataset/beacon_debug/frame_139380.png
[beacon] Saved seabird_dataset/beacon_debug/frame_139410.png
[beacon] Saved seabird_dataset/beacon_debug/frame_139440.png
[beacon] Saved seabird_dataset/beacon_debug/frame_139470.png
[beacon] Saved seabird_dataset/beacon_debug/frame_139500.png
[beacon] Saved seabird_dataset/beacon_debug/frame_139530.png
[beacon] Saved seabird_dataset/beacon_debug/frame_139560.png
[beacon] Saved seabird_dataset/beacon_debug/frame_139590.png
[beacon] Saved seabird_dataset/beacon_debug/frame_139620.png
[beacon] Saved seabird_dataset/beacon_debug/frame_139650.png
[beacon] Saved seabird_dataset/beacon_debug/frame_139680.png
[beacon] Saved seabird_dataset/beacon_debug/frame_139710.png
[beacon] Saved seabird_dataset/beacon_debug/frame_139740.png
[beacon] Saved seabird_dataset/beacon_debug/frame_139770.png
[beacon] Saved seabird_dataset/beacon_debug/frame_139800.png
[beacon] Saved seabird_dataset/beacon_debug/frame_139830.png
[beacon] Saved seabird_dataset/beacon_debug/frame_139860.png
[beacon] Saved seabird_dataset/beacon_debug/frame_139890.png
[beacon] Saved seabird_dataset/beacon_debug/frame_139920.png
[beacon] Saved seabird_dataset/beacon_debug/frame_139950.png
[beacon] Saved seabird_dataset/beacon_debug/frame_139980.png
[beacon] Saved seabird_dataset/beacon_debug/frame_140010.png
[beacon] Saved seabird_dataset/beacon_debug/frame_140040.png
[beacon] Saved seabird_dataset/beacon_debug/frame_140070.png
[beacon] Saved seabird_dataset/beacon_debug/frame_140100.png
[beacon] Saved seabird_dataset/beacon_debug/frame_140130.png
[beacon] Saved seabird_dataset/beacon_debug/frame_140160.png
[beacon] Saved seabird_dataset/beacon_debug/frame_140190.png
[beacon] Saved seabird_dataset/beacon_debug/frame_140220.png
[beacon] Saved seabird_dataset/beacon_debug/frame_140250.png
[beacon] Saved seabird_dataset/beacon_debug/frame_140280.png
[beacon] Saved seabird_dataset/beacon_debug/frame_140310.png
[beacon] Saved seabird_dataset/beacon_debug/frame_140340.png
[beacon] Saved seabird_dataset/beacon_debug/frame_140370.png
[beacon] Saved seabird_dataset/beacon_debug/frame_140400.png
[beacon] Saved seabird_dataset/beacon_debug/frame_140430.png
[beacon] Saved seabird_dataset/beacon_debug/frame_140460.png
[beacon] Saved seabird_dataset/beacon_debug/frame_140490.png
[beacon] Saved seabird_dataset/beacon_debug/frame_140520.png
[beacon] Saved seabird_dataset/beacon_debug/frame_140550.png
[beacon] Saved seabird_dataset/beacon_debug/frame_140580.png
[beacon] Saved seabird_dataset/beacon_debug/frame_140610.png
[beacon] Saved seabird_dataset/beacon_debug/frame_140640.png
[beacon] Saved seabird_dataset/beacon_debug/frame_140670.png
[beacon] Saved seabird_dataset/beacon_debug/frame_140700.png
[beacon] Saved seabird_dataset/beacon_debug/frame_140730.png
[beacon] Saved seabird_dataset/beacon_debug/frame_140760.png
[beacon] Saved seabird_dataset/beacon_debug/frame_140790.png
[beacon] Saved seabird_dataset/beacon_debug/frame_140820.png
[beacon] Saved seabird_dataset/beacon_debug/frame_140850.png
[beacon] Saved seabird_dataset/beacon_debug/frame_140880.png
[beacon] Saved seabird_dataset/beacon_debug/frame_140910.png
[beacon] Saved seabird_dataset/beacon_debug/frame_140940.png
[beacon] Saved seabird_dataset/beacon_debug/frame_140970.png
[beacon] Saved seabird_dataset/beacon_debug/frame_141000.png
[beacon] Saved seabird_dataset/beacon_debug/frame_141030.png
[beacon] Saved seabird_dataset/beacon_debug/frame_141060.png
[beacon] Saved seabird_dataset/beacon_debug/frame_141090.png
[beacon] Saved seabird_dataset/beacon_debug/frame_141120.png
[beacon] Saved seabird_dataset/beacon_debug/frame_141150.png
[beacon] Saved seabird_dataset/beacon_debug/frame_141180.png
[beacon] Saved seabird_dataset/beacon_debug/frame_141210.png
[beacon] Saved seabird_dataset/beacon_debug/frame_141240.png
[beacon] Saved seabird_dataset/beacon_debug/frame_141270.png
[beacon] Saved seabird_dataset/beacon_debug/frame_141300.png
[beacon] Saved seabird_dataset/beacon_debug/frame_141330.png
[beacon] Saved seabird_dataset/beacon_debug/frame_141360.png
[beacon] Saved seabird_dataset/beacon_debug/frame_141390.png
[beacon] Saved seabird_dataset/beacon_debug/frame_141420.png
[beacon] Saved seabird_dataset/beacon_debug/frame_141450.png
[beacon] Saved seabird_dataset/beacon_debug/frame_141480.png
[beacon] Saved seabird_dataset/beacon_debug/frame_141510.png
[beacon] Saved seabird_dataset/beacon_debug/frame_141540.png
[beacon] Saved seabird_dataset/beacon_debug/frame_141570.png
[beacon] Saved seabird_dataset/beacon_debug/frame_141600.png
[beacon] Saved seabird_dataset/beacon_debug/frame_141630.png
[beacon] Saved seabird_dataset/beacon_debug/frame_141660.png
[beacon] Saved seabird_dataset/beacon_debug/frame_141690.png
[beacon] Saved seabird_dataset/beacon_debug/frame_141720.png
[beacon] Saved seabird_dataset/beacon_debug/frame_141750.png
[beacon] Saved seabird_dataset/beacon_debug/frame_141780.png
[beacon] Saved seabird_dataset/beacon_debug/frame_141810.png
[beacon] Saved seabird_dataset/beacon_debug/frame_141840.png
[beacon] Saved seabird_dataset/beacon_debug/frame_141870.png
[beacon] Saved seabird_dataset/beacon_debug/frame_141900.png
[beacon] Saved seabird_dataset/beacon_debug/frame_141930.png
[beacon] Saved seabird_dataset/beacon_debug/frame_141960.png
[beacon] Saved seabird_dataset/beacon_debug/frame_141990.png
[beacon] Saved seabird_dataset/beacon_debug/frame_142020.png
[beacon] Saved seabird_dataset/beacon_debug/frame_142050.png
[beacon] Saved seabird_dataset/beacon_debug/frame_142080.png
[beacon] Saved seabird_dataset/beacon_debug/frame_142110.png
[beacon] Saved seabird_dataset/beacon_debug/frame_142140.png
[beacon] Saved seabird_dataset/beacon_debug/frame_142170.png
[beacon] Saved seabird_dataset/beacon_debug/frame_142200.png
[beacon] Saved seabird_dataset/beacon_debug/frame_142230.png
[beacon] Saved seabird_dataset/beacon_debug/frame_142260.png
[beacon] Saved seabird_dataset/beacon_debug/frame_142290.png
[beacon] Saved seabird_dataset/beacon_debug/frame_142320.png
[beacon] Saved seabird_dataset/beacon_debug/frame_142350.png
[beacon] Saved seabird_dataset/beacon_debug/frame_142380.png
[beacon] Saved seabird_dataset/beacon_debug/frame_142410.png
[beacon] Saved seabird_dataset/beacon_debug/frame_142440.png
[beacon] Saved seabird_dataset/beacon_debug/frame_142470.png
[beacon] Saved seabird_dataset/beacon_debug/frame_142500.png
[beacon] Saved seabird_dataset/beacon_debug/frame_142530.png
[beacon] Saved seabird_dataset/beacon_debug/frame_142560.png
[beacon] Saved seabird_dataset/beacon_debug/frame_142590.png
[beacon] Saved seabird_dataset/beacon_debug/frame_142620.png
[beacon] Saved seabird_dataset/beacon_debug/frame_142650.png
[beacon] Saved seabird_dataset/beacon_debug/frame_142680.png
[beacon] Saved seabird_dataset/beacon_debug/frame_142710.png
[beacon] Saved seabird_dataset/beacon_debug/frame_142740.png
[beacon] Saved seabird_dataset/beacon_debug/frame_142770.png
[beacon] Saved seabird_dataset/beacon_debug/frame_142800.png
[beacon] Saved seabird_dataset/beacon_debug/frame_142830.png
[beacon] Saved seabird_dataset/beacon_debug/frame_142860.png
[beacon] Saved seabird_dataset/beacon_debug/frame_142890.png
[beacon] Saved seabird_dataset/beacon_debug/frame_142920.png
[beacon] Saved seabird_dataset/beacon_debug/frame_142950.png
[beacon] Saved seabird_dataset/beacon_debug/frame_142980.png
[beacon] Saved seabird_dataset/beacon_debug/frame_143010.png
[beacon] Saved seabird_dataset/beacon_debug/frame_143040.png
[beacon] Saved seabird_dataset/beacon_debug/frame_143070.png
[beacon] Saved seabird_dataset/beacon_debug/frame_143100.png
[beacon] Saved seabird_dataset/beacon_debug/frame_143130.png
[beacon] Saved seabird_dataset/beacon_debug/frame_143160.png
[beacon] Saved seabird_dataset/beacon_debug/frame_143190.png
[beacon] Saved seabird_dataset/beacon_debug/frame_143220.png
[beacon] Saved seabird_dataset/beacon_debug/frame_143250.png
[beacon] Saved seabird_dataset/beacon_debug/frame_143280.png
[beacon] Saved seabird_dataset/beacon_debug/frame_143310.png
[beacon] Saved seabird_dataset/beacon_debug/frame_143340.png
[beacon] Saved seabird_dataset/beacon_debug/frame_143370.png
[beacon] Saved seabird_dataset/beacon_debug/frame_143400.png
[beacon] Saved seabird_dataset/beacon_debug/frame_143430.png
[beacon] Saved seabird_dataset/beacon_debug/frame_143460.png
[beacon] Saved seabird_dataset/beacon_debug/frame_143490.png
[beacon] Saved seabird_dataset/beacon_debug/frame_143520.png
[beacon] Saved seabird_dataset/beacon_debug/frame_143550.png
[beacon] Saved seabird_dataset/beacon_debug/frame_143580.png
[beacon] Saved seabird_dataset/beacon_debug/frame_143610.png
[beacon] Saved seabird_dataset/beacon_debug/frame_143640.png
[beacon] Saved seabird_dataset/beacon_debug/frame_143670.png
[beacon] Saved seabird_dataset/beacon_debug/frame_143700.png
[beacon] Saved seabird_dataset/beacon_debug/frame_143730.png
[beacon] Saved seabird_dataset/beacon_debug/frame_143760.png
[beacon] Saved seabird_dataset/beacon_debug/frame_143790.png
[beacon] Saved seabird_dataset/beacon_debug/frame_143820.png
[beacon] Saved seabird_dataset/beacon_debug/frame_143850.png
[beacon] Saved seabird_dataset/beacon_debug/frame_143880.png
[beacon] Saved seabird_dataset/beacon_debug/frame_143910.png
[beacon] Saved seabird_dataset/beacon_debug/frame_143940.png
[beacon] Saved seabird_dataset/beacon_debug/frame_143970.png
[beacon] Saved seabird_dataset/beacon_debug/frame_144000.png
[beacon] Saved seabird_dataset/beacon_debug/frame_144030.png
[beacon] Saved seabird_dataset/beacon_debug/frame_144060.png
[beacon] Saved seabird_dataset/beacon_debug/frame_144090.png
[beacon] Saved seabird_dataset/beacon_debug/frame_144120.png
[beacon] Saved seabird_dataset/beacon_debug/frame_144150.png
[beacon] Saved seabird_dataset/beacon_debug/frame_144180.png
[beacon] Saved seabird_dataset/beacon_debug/frame_144210.png
[beacon] Saved seabird_dataset/beacon_debug/frame_144240.png
[beacon] Saved seabird_dataset/beacon_debug/frame_144270.png
[beacon] Saved seabird_dataset/beacon_debug/frame_144300.png
[beacon] Saved seabird_dataset/beacon_debug/frame_144330.png
[beacon] Saved seabird_dataset/beacon_debug/frame_144360.png
[beacon] Saved seabird_dataset/beacon_debug/frame_144390.png
[beacon] Saved seabird_dataset/beacon_debug/frame_144420.png
[beacon] Saved seabird_dataset/beacon_debug/frame_144450.png
[beacon] Saved seabird_dataset/beacon_debug/frame_144480.png
[beacon] Saved seabird_dataset/beacon_debug/frame_144510.png
[beacon] Saved seabird_dataset/beacon_debug/frame_144540.png
[beacon] Saved seabird_dataset/beacon_debug/frame_144570.png
[beacon] Saved seabird_dataset/beacon_debug/frame_144600.png
[beacon] Saved seabird_dataset/beacon_debug/frame_144630.png
[beacon] Saved seabird_dataset/beacon_debug/frame_144660.png
[beacon] Saved seabird_dataset/beacon_debug/frame_144690.png
[beacon] Saved seabird_dataset/beacon_debug/frame_144720.png
[beacon] Saved seabird_dataset/beacon_debug/frame_144750.png
[beacon] Saved seabird_dataset/beacon_debug/frame_144780.png
[beacon] Saved seabird_dataset/beacon_debug/frame_144810.png
[beacon] Saved seabird_dataset/beacon_debug/frame_144840.png
[beacon] Saved seabird_dataset/beacon_debug/frame_144870.png
[beacon] Saved seabird_dataset/beacon_debug/frame_144900.png
[beacon] Saved seabird_dataset/beacon_debug/frame_144930.png
[beacon] Saved seabird_dataset/beacon_debug/frame_144960.png
[beacon] Saved seabird_dataset/beacon_debug/frame_144990.png
[beacon] Saved seabird_dataset/beacon_debug/frame_145020.png
[beacon] Saved seabird_dataset/beacon_debug/frame_145050.png
[beacon] Saved seabird_dataset/beacon_debug/frame_145080.png
[beacon] Saved seabird_dataset/beacon_debug/frame_145110.png
[beacon] Saved seabird_dataset/beacon_debug/frame_145140.png
[beacon] Saved seabird_dataset/beacon_debug/frame_145170.png
[beacon] Saved seabird_dataset/beacon_debug/frame_145200.png
[beacon] Saved seabird_dataset/beacon_debug/frame_145230.png
[beacon] Saved seabird_dataset/beacon_debug/frame_145260.png
[beacon] Saved seabird_dataset/beacon_debug/frame_145290.png
[beacon] Saved seabird_dataset/beacon_debug/frame_145320.png
[beacon] Saved seabird_dataset/beacon_debug/frame_145350.png
[beacon] Saved seabird_dataset/beacon_debug/frame_145380.png
[beacon] Saved seabird_dataset/beacon_debug/frame_145410.png
[beacon] Saved seabird_dataset/beacon_debug/frame_145440.png
[beacon] Saved seabird_dataset/beacon_debug/frame_145470.png
[beacon] Saved seabird_dataset/beacon_debug/frame_145500.png
[beacon] Saved seabird_dataset/beacon_debug/frame_145530.png
[beacon] Saved seabird_dataset/beacon_debug/frame_145560.png
[beacon] Saved seabird_dataset/beacon_debug/frame_145590.png
[beacon] Saved seabird_dataset/beacon_debug/frame_145620.png
[beacon] Saved seabird_dataset/beacon_debug/frame_145650.png
[beacon] Saved seabird_dataset/beacon_debug/frame_145680.png
[beacon] Saved seabird_dataset/beacon_debug/frame_145710.png
[beacon] Saved seabird_dataset/beacon_debug/frame_145740.png
[beacon] Saved seabird_dataset/beacon_debug/frame_145770.png
[beacon] Saved seabird_dataset/beacon_debug/frame_145800.png
[beacon] Saved seabird_dataset/beacon_debug/frame_145830.png
[beacon] Saved seabird_dataset/beacon_debug/frame_145860.png
[beacon] Saved seabird_dataset/beacon_debug/frame_145890.png
[beacon] Saved seabird_dataset/beacon_debug/frame_145920.png
[beacon] Saved seabird_dataset/beacon_debug/frame_145950.png
[beacon] Saved seabird_dataset/beacon_debug/frame_145980.png
[beacon] Saved seabird_dataset/beacon_debug/frame_146010.png
[beacon] Saved seabird_dataset/beacon_debug/frame_146040.png
[beacon] Saved seabird_dataset/beacon_debug/frame_146070.png
[beacon] Saved seabird_dataset/beacon_debug/frame_146100.png
[beacon] Saved seabird_dataset/beacon_debug/frame_146130.png
[beacon] Saved seabird_dataset/beacon_debug/frame_146160.png
[beacon] Saved seabird_dataset/beacon_debug/frame_146190.png
[beacon] Saved seabird_dataset/beacon_debug/frame_146220.png
[beacon] Saved seabird_dataset/beacon_debug/frame_146250.png
[beacon] Saved seabird_dataset/beacon_debug/frame_146280.png
[beacon] Saved seabird_dataset/beacon_debug/frame_146310.png
[beacon] Saved seabird_dataset/beacon_debug/frame_146340.png
[beacon] Saved seabird_dataset/beacon_debug/frame_146370.png
[beacon] Saved seabird_dataset/beacon_debug/frame_146400.png
[beacon] Saved seabird_dataset/beacon_debug/frame_146430.png
[beacon] Saved seabird_dataset/beacon_debug/frame_146460.png
[beacon] Saved seabird_dataset/beacon_debug/frame_146490.png
[beacon] Saved seabird_dataset/beacon_debug/frame_146520.png
[beacon] Saved seabird_dataset/beacon_debug/frame_146550.png
[beacon] Saved seabird_dataset/beacon_debug/frame_146580.png
[beacon] Saved seabird_dataset/beacon_debug/frame_146610.png
[beacon] Saved seabird_dataset/beacon_debug/frame_146640.png
[beacon] Saved seabird_dataset/beacon_debug/frame_146670.png
[beacon] Saved seabird_dataset/beacon_debug/frame_146700.png
[beacon] Saved seabird_dataset/beacon_debug/frame_146730.png
[beacon] Saved seabird_dataset/beacon_debug/frame_146760.png
[beacon] Saved seabird_dataset/beacon_debug/frame_146790.png
[beacon] Saved seabird_dataset/beacon_debug/frame_146820.png
[beacon] Saved seabird_dataset/beacon_debug/frame_146850.png
[beacon] Saved seabird_dataset/beacon_debug/frame_146880.png
[beacon] Saved seabird_dataset/beacon_debug/frame_146910.png
[beacon] Saved seabird_dataset/beacon_debug/frame_146940.png
[beacon] Saved seabird_dataset/beacon_debug/frame_146970.png
[beacon] Saved seabird_dataset/beacon_debug/frame_147000.png
[beacon] Saved seabird_dataset/beacon_debug/frame_147030.png
[beacon] Saved seabird_dataset/beacon_debug/frame_147060.png
[beacon] Saved seabird_dataset/beacon_debug/frame_147090.png
[beacon] Saved seabird_dataset/beacon_debug/frame_147120.png
[beacon] Saved seabird_dataset/beacon_debug/frame_147150.png
[beacon] Saved seabird_dataset/beacon_debug/frame_147180.png
[beacon] Saved seabird_dataset/beacon_debug/frame_147210.png
[beacon] Saved seabird_dataset/beacon_debug/frame_147240.png
[beacon] Saved seabird_dataset/beacon_debug/frame_147270.png
[beacon] Saved seabird_dataset/beacon_debug/frame_147300.png
[beacon] Saved seabird_dataset/beacon_debug/frame_147330.png
[beacon] Saved seabird_dataset/beacon_debug/frame_147360.png
[beacon] Saved seabird_dataset/beacon_debug/frame_147390.png
[beacon] Saved seabird_dataset/beacon_debug/frame_147420.png
[beacon] Saved seabird_dataset/beacon_debug/frame_147450.png
[beacon] Saved seabird_dataset/beacon_debug/frame_147480.png
[beacon] Saved seabird_dataset/beacon_debug/frame_147510.png
[beacon] Saved seabird_dataset/beacon_debug/frame_147540.png
[beacon] Saved seabird_dataset/beacon_debug/frame_147570.png
[beacon] Saved seabird_dataset/beacon_debug/frame_147600.png
[beacon] Saved seabird_dataset/beacon_debug/frame_147630.png
[beacon] Saved seabird_dataset/beacon_debug/frame_147660.png
[beacon] Saved seabird_dataset/beacon_debug/frame_147690.png
[beacon] Saved seabird_dataset/beacon_debug/frame_147720.png
[beacon] Saved seabird_dataset/beacon_debug/frame_147750.png
[beacon] Saved seabird_dataset/beacon_debug/frame_147780.png
[beacon] Saved seabird_dataset/beacon_debug/frame_147810.png
[beacon] Saved seabird_dataset/beacon_debug/frame_147840.png
[beacon] Saved seabird_dataset/beacon_debug/frame_147870.png
[beacon] Saved seabird_dataset/beacon_debug/frame_147900.png
[beacon] Saved seabird_dataset/beacon_debug/frame_147930.png
[beacon] Saved seabird_dataset/beacon_debug/frame_147960.png
[beacon] Saved seabird_dataset/beacon_debug/frame_147990.png
[beacon] Saved seabird_dataset/beacon_debug/frame_148020.png
[beacon] Saved seabird_dataset/beacon_debug/frame_148050.png
[beacon] Saved seabird_dataset/beacon_debug/frame_148080.png
[beacon] Saved seabird_dataset/beacon_debug/frame_148110.png
[beacon] Saved seabird_dataset/beacon_debug/frame_148140.png
[beacon] Saved seabird_dataset/beacon_debug/frame_148170.png
[beacon] Saved seabird_dataset/beacon_debug/frame_148200.png
[beacon] Saved seabird_dataset/beacon_debug/frame_148230.png
[beacon] Saved seabird_dataset/beacon_debug/frame_148260.png
[beacon] Saved seabird_dataset/beacon_debug/frame_148290.png
[beacon] Saved seabird_dataset/beacon_debug/frame_148320.png
[beacon] Saved seabird_dataset/beacon_debug/frame_148350.png
[beacon] Saved seabird_dataset/beacon_debug/frame_148380.png
[beacon] Saved seabird_dataset/beacon_debug/frame_148410.png
[beacon] Saved seabird_dataset/beacon_debug/frame_148440.png
[beacon] Saved seabird_dataset/beacon_debug/frame_148470.png
[beacon] Saved seabird_dataset/beacon_debug/frame_148500.png
[beacon] Saved seabird_dataset/beacon_debug/frame_148530.png
[beacon] Saved seabird_dataset/beacon_debug/frame_148560.png
[beacon] Saved seabird_dataset/beacon_debug/frame_148590.png
[beacon] Saved seabird_dataset/beacon_debug/frame_148620.png
[beacon] Saved seabird_dataset/beacon_debug/frame_148650.png
[beacon] Saved seabird_dataset/beacon_debug/frame_148680.png
[beacon] Saved seabird_dataset/beacon_debug/frame_148710.png
[beacon] Saved seabird_dataset/beacon_debug/frame_148740.png
[beacon] Saved seabird_dataset/beacon_debug/frame_148770.png
[beacon] Saved seabird_dataset/beacon_debug/frame_148800.png
[beacon] Saved seabird_dataset/beacon_debug/frame_148830.png
[beacon] Saved seabird_dataset/beacon_debug/frame_148860.png
[beacon] Saved seabird_dataset/beacon_debug/frame_148890.png
[beacon] Saved seabird_dataset/beacon_debug/frame_148920.png
[beacon] Saved seabird_dataset/beacon_debug/frame_148950.png
[beacon] Saved seabird_dataset/beacon_debug/frame_148980.png
[beacon] Saved seabird_dataset/beacon_debug/frame_149010.png
[beacon] Saved seabird_dataset/beacon_debug/frame_149040.png
[beacon] Saved seabird_dataset/beacon_debug/frame_149070.png
[beacon] Saved seabird_dataset/beacon_debug/frame_149100.png
[beacon] Saved seabird_dataset/beacon_debug/frame_149130.png
[beacon] Saved seabird_dataset/beacon_debug/frame_149160.png
[beacon] Saved seabird_dataset/beacon_debug/frame_149190.png
[beacon] Saved seabird_dataset/beacon_debug/frame_149220.png
[beacon] Saved seabird_dataset/beacon_debug/frame_149250.png
[beacon] Saved seabird_dataset/beacon_debug/frame_149280.png
[beacon] Saved seabird_dataset/beacon_debug/frame_149310.png
[beacon] Saved seabird_dataset/beacon_debug/frame_149340.png
[beacon] Saved seabird_dataset/beacon_debug/frame_149370.png
[beacon] Saved seabird_dataset/beacon_debug/frame_149400.png
[beacon] Saved seabird_dataset/beacon_debug/frame_149430.png
[beacon] Saved seabird_dataset/beacon_debug/frame_149460.png
[beacon] Saved seabird_dataset/beacon_debug/frame_149490.png
[beacon] Saved seabird_dataset/beacon_debug/frame_149520.png
[beacon] Saved seabird_dataset/beacon_debug/frame_149550.png
[beacon] Saved seabird_dataset/beacon_debug/frame_149580.png
[beacon] Saved seabird_dataset/beacon_debug/frame_149610.png
[beacon] Saved seabird_dataset/beacon_debug/frame_149640.png
[beacon] Saved seabird_dataset/beacon_debug/frame_149670.png
[beacon] Saved seabird_dataset/beacon_debug/frame_149700.png
[beacon] Saved seabird_dataset/beacon_debug/frame_149730.png
[beacon] Saved seabird_dataset/beacon_debug/frame_149760.png
[beacon] Saved seabird_dataset/beacon_debug/frame_149790.png
[beacon] Saved seabird_dataset/beacon_debug/frame_149820.png
[beacon] Saved seabird_dataset/beacon_debug/frame_149850.png
[beacon] Saved seabird_dataset/beacon_debug/frame_149880.png
[beacon] Saved seabird_dataset/beacon_debug/frame_149910.png
[beacon] Saved seabird_dataset/beacon_debug/frame_149940.png
[beacon] Saved seabird_dataset/beacon_debug/frame_149970.png
[beacon] Saved seabird_dataset/beacon_debug/frame_150000.png
[beacon] Saved seabird_dataset/beacon_debug/frame_150030.png
[beacon] Saved seabird_dataset/beacon_debug/frame_150060.png
[beacon] Saved seabird_dataset/beacon_debug/frame_150090.png
[beacon] Saved seabird_dataset/beacon_debug/frame_150120.png
[beacon] Saved seabird_dataset/beacon_debug/frame_150150.png
[beacon] Saved seabird_dataset/beacon_debug/frame_150180.png
[beacon] Saved seabird_dataset/beacon_debug/frame_150210.png
[beacon] Saved seabird_dataset/beacon_debug/frame_150240.png
[beacon] Saved seabird_dataset/beacon_debug/frame_150270.png
[beacon] Saved seabird_dataset/beacon_debug/frame_150300.png
[beacon] Saved seabird_dataset/beacon_debug/frame_150330.png
[beacon] Saved seabird_dataset/beacon_debug/frame_150360.png
[beacon] Saved seabird_dataset/beacon_debug/frame_150390.png
[beacon] Saved seabird_dataset/beacon_debug/frame_150420.png
[beacon] Saved seabird_dataset/beacon_debug/frame_150450.png
[beacon] Saved seabird_dataset/beacon_debug/frame_150480.png
[beacon] Saved seabird_dataset/beacon_debug/frame_150510.png
[beacon] Saved seabird_dataset/beacon_debug/frame_150540.png
[beacon] Saved seabird_dataset/beacon_debug/frame_150570.png
[beacon] Saved seabird_dataset/beacon_debug/frame_150600.png
[beacon] Saved seabird_dataset/beacon_debug/frame_150630.png
[beacon] Saved seabird_dataset/beacon_debug/frame_150660.png
[beacon] Saved seabird_dataset/beacon_debug/frame_150690.png
[beacon] Saved seabird_dataset/beacon_debug/frame_150720.png
[beacon] Saved seabird_dataset/beacon_debug/frame_150750.png
[beacon] Saved seabird_dataset/beacon_debug/frame_150780.png
[beacon] Saved seabird_dataset/beacon_debug/frame_150810.png
[beacon] Saved seabird_dataset/beacon_debug/frame_150840.png
[beacon] Saved seabird_dataset/beacon_debug/frame_150870.png
[beacon] Saved seabird_dataset/beacon_debug/frame_150900.png
[beacon] Saved seabird_dataset/beacon_debug/frame_150930.png
[beacon] Saved seabird_dataset/beacon_debug/frame_150960.png
[beacon] Saved seabird_dataset/beacon_debug/frame_150990.png
[beacon] Saved seabird_dataset/beacon_debug/frame_151020.png
[beacon] Saved seabird_dataset/beacon_debug/frame_151050.png
[beacon] Saved seabird_dataset/beacon_debug/frame_151080.png
[beacon] Saved seabird_dataset/beacon_debug/frame_151110.png
[beacon] Saved seabird_dataset/beacon_debug/frame_151140.png
[beacon] Saved seabird_dataset/beacon_debug/frame_151170.png
[beacon] Saved seabird_dataset/beacon_debug/frame_151200.png
[beacon] Saved seabird_dataset/beacon_debug/frame_151230.png
[beacon] Saved seabird_dataset/beacon_debug/frame_151260.png
[beacon] Saved seabird_dataset/beacon_debug/frame_151290.png
[beacon] Saved seabird_dataset/beacon_debug/frame_151320.png
[beacon] Saved seabird_dataset/beacon_debug/frame_151350.png
[beacon] Saved seabird_dataset/beacon_debug/frame_151380.png
[beacon] Saved seabird_dataset/beacon_debug/frame_151410.png
[beacon] Saved seabird_dataset/beacon_debug/frame_151440.png
[beacon] Saved seabird_dataset/beacon_debug/frame_151470.png
[beacon] Saved seabird_dataset/beacon_debug/frame_151500.png
[beacon] Saved seabird_dataset/beacon_debug/frame_151530.png
[beacon] Saved seabird_dataset/beacon_debug/frame_151560.png
[beacon] Saved seabird_dataset/beacon_debug/frame_151590.png
[beacon] Saved seabird_dataset/beacon_debug/frame_151620.png
[beacon] Saved seabird_dataset/beacon_debug/frame_151650.png
[beacon] Saved seabird_dataset/beacon_debug/frame_151680.png
[beacon] Saved seabird_dataset/beacon_debug/frame_151710.png
[beacon] Saved seabird_dataset/beacon_debug/frame_151740.png
[beacon] Saved seabird_dataset/beacon_debug/frame_151770.png
[beacon] Saved seabird_dataset/beacon_debug/frame_151800.png
[beacon] Saved seabird_dataset/beacon_debug/frame_151830.png
[beacon] Saved seabird_dataset/beacon_debug/frame_151860.png
[beacon] Saved seabird_dataset/beacon_debug/frame_151890.png
[beacon] Saved seabird_dataset/beacon_debug/frame_151920.png
[beacon] Saved seabird_dataset/beacon_debug/frame_151950.png
[beacon] Saved seabird_dataset/beacon_debug/frame_151980.png
[beacon] Saved seabird_dataset/beacon_debug/frame_152010.png
[beacon] Saved seabird_dataset/beacon_debug/frame_152040.png
[beacon] Saved seabird_dataset/beacon_debug/frame_152070.png
[beacon] Saved seabird_dataset/beacon_debug/frame_152100.png
[beacon] Saved seabird_dataset/beacon_debug/frame_152130.png
[beacon] Saved seabird_dataset/beacon_debug/frame_152160.png
[beacon] Saved seabird_dataset/beacon_debug/frame_152190.png
[beacon] Saved seabird_dataset/beacon_debug/frame_152220.png
[beacon] Saved seabird_dataset/beacon_debug/frame_152250.png
[beacon] Saved seabird_dataset/beacon_debug/frame_152280.png
[beacon] Saved seabird_dataset/beacon_debug/frame_152310.png
[beacon] Saved seabird_dataset/beacon_debug/frame_152340.png
[beacon] Saved seabird_dataset/beacon_debug/frame_152370.png
[beacon] Saved seabird_dataset/beacon_debug/frame_152400.png
[beacon] Saved seabird_dataset/beacon_debug/frame_152430.png
[beacon] Saved seabird_dataset/beacon_debug/frame_152460.png
[beacon] Saved seabird_dataset/beacon_debug/frame_152490.png
[beacon] Saved seabird_dataset/beacon_debug/frame_152520.png
[beacon] Saved seabird_dataset/beacon_debug/frame_152550.png
[beacon] Saved seabird_dataset/beacon_debug/frame_152580.png
[beacon] Saved seabird_dataset/beacon_debug/frame_152610.png
[beacon] Saved seabird_dataset/beacon_debug/frame_152640.png
[beacon] Saved seabird_dataset/beacon_debug/frame_152670.png
[beacon] Saved seabird_dataset/beacon_debug/frame_152700.png
[beacon] Saved seabird_dataset/beacon_debug/frame_152730.png
[beacon] Saved seabird_dataset/beacon_debug/frame_152760.png
[beacon] Saved seabird_dataset/beacon_debug/frame_152790.png
[beacon] Saved seabird_dataset/beacon_debug/frame_152820.png
[beacon] Saved seabird_dataset/beacon_debug/frame_152850.png
[beacon] Saved seabird_dataset/beacon_debug/frame_152880.png
[beacon] Saved seabird_dataset/beacon_debug/frame_152910.png
[beacon] Saved seabird_dataset/beacon_debug/frame_152940.png
[beacon] Saved seabird_dataset/beacon_debug/frame_152970.png
[beacon] Saved seabird_dataset/beacon_debug/frame_153000.png
[beacon] Saved seabird_dataset/beacon_debug/frame_153030.png
[beacon] Saved seabird_dataset/beacon_debug/frame_153060.png
[beacon] Saved seabird_dataset/beacon_debug/frame_153090.png
[beacon] Saved seabird_dataset/beacon_debug/frame_153120.png
[beacon] Saved seabird_dataset/beacon_debug/frame_153150.png
[beacon] Saved seabird_dataset/beacon_debug/frame_153180.png
[beacon] Saved seabird_dataset/beacon_debug/frame_153210.png
[beacon] Saved seabird_dataset/beacon_debug/frame_153240.png
[beacon] Saved seabird_dataset/beacon_debug/frame_153270.png
[beacon] Saved seabird_dataset/beacon_debug/frame_153300.png
[beacon] Saved seabird_dataset/beacon_debug/frame_153330.png
[beacon] Saved seabird_dataset/beacon_debug/frame_153360.png
[beacon] Saved seabird_dataset/beacon_debug/frame_153390.png
[beacon] Saved seabird_dataset/beacon_debug/frame_153420.png
[beacon] Saved seabird_dataset/beacon_debug/frame_153450.png
[beacon] Saved seabird_dataset/beacon_debug/frame_153480.png
[beacon] Saved seabird_dataset/beacon_debug/frame_153510.png
[beacon] Saved seabird_dataset/beacon_debug/frame_153540.png
[beacon] Saved seabird_dataset/beacon_debug/frame_153570.png
[beacon] Saved seabird_dataset/beacon_debug/frame_153600.png
[beacon] Saved seabird_dataset/beacon_debug/frame_153630.png
[beacon] Saved seabird_dataset/beacon_debug/frame_153660.png
[beacon] Saved seabird_dataset/beacon_debug/frame_153690.png
[beacon] Saved seabird_dataset/beacon_debug/frame_153720.png
[beacon] Saved seabird_dataset/beacon_debug/frame_153750.png
[beacon] Saved seabird_dataset/beacon_debug/frame_153780.png
[beacon] Saved seabird_dataset/beacon_debug/frame_153810.png
[beacon] Saved seabird_dataset/beacon_debug/frame_153840.png
[beacon] Saved seabird_dataset/beacon_debug/frame_153870.png
[beacon] Saved seabird_dataset/beacon_debug/frame_153900.png
[beacon] Saved seabird_dataset/beacon_debug/frame_153930.png
[beacon] Saved seabird_dataset/beacon_debug/frame_153960.png
[beacon] Saved seabird_dataset/beacon_debug/frame_153990.png
[beacon] Saved seabird_dataset/beacon_debug/frame_154020.png
[beacon] Saved seabird_dataset/beacon_debug/frame_154050.png
[beacon] Saved seabird_dataset/beacon_debug/frame_154080.png
[beacon] Saved seabird_dataset/beacon_debug/frame_154110.png
[beacon] Saved seabird_dataset/beacon_debug/frame_154140.png
[beacon] Saved seabird_dataset/beacon_debug/frame_154170.png
[beacon] Saved seabird_dataset/beacon_debug/frame_154200.png
[beacon] Saved seabird_dataset/beacon_debug/frame_154230.png
[beacon] Saved seabird_dataset/beacon_debug/frame_154260.png
[beacon] Saved seabird_dataset/beacon_debug/frame_154290.png
[beacon] Saved seabird_dataset/beacon_debug/frame_154320.png
[beacon] Saved seabird_dataset/beacon_debug/frame_154350.png
[beacon] Saved seabird_dataset/beacon_debug/frame_154380.png
[beacon] Saved seabird_dataset/beacon_debug/frame_154410.png
[beacon] Saved seabird_dataset/beacon_debug/frame_154440.png
[beacon] Saved seabird_dataset/beacon_debug/frame_154470.png
[beacon] Saved seabird_dataset/beacon_debug/frame_154500.png
[beacon] Saved seabird_dataset/beacon_debug/frame_154530.png
[beacon] Saved seabird_dataset/beacon_debug/frame_154560.png
[beacon] Saved seabird_dataset/beacon_debug/frame_154590.png
[beacon] Saved seabird_dataset/beacon_debug/frame_154620.png
[beacon] Saved seabird_dataset/beacon_debug/frame_154650.png
[beacon] Saved seabird_dataset/beacon_debug/frame_154680.png
[beacon] Saved seabird_dataset/beacon_debug/frame_154710.png
[beacon] Saved seabird_dataset/beacon_debug/frame_154740.png
[beacon] Saved seabird_dataset/beacon_debug/frame_154770.png
[beacon] Saved seabird_dataset/beacon_debug/frame_154800.png
[beacon] Saved seabird_dataset/beacon_debug/frame_154830.png
[beacon] Saved seabird_dataset/beacon_debug/frame_154860.png
[beacon] Saved seabird_dataset/beacon_debug/frame_154890.png
[beacon] Saved seabird_dataset/beacon_debug/frame_154920.png
[beacon] Saved seabird_dataset/beacon_debug/frame_154950.png
[beacon] Saved seabird_dataset/beacon_debug/frame_154980.png
[beacon] Saved seabird_dataset/beacon_debug/frame_155010.png
[beacon] Saved seabird_dataset/beacon_debug/frame_155040.png
[beacon] Saved seabird_dataset/beacon_debug/frame_155070.png
[beacon] Saved seabird_dataset/beacon_debug/frame_155100.png
[beacon] Saved seabird_dataset/beacon_debug/frame_155130.png
[beacon] Saved seabird_dataset/beacon_debug/frame_155160.png
[beacon] Saved seabird_dataset/beacon_debug/frame_155190.png
[beacon] Saved seabird_dataset/beacon_debug/frame_155220.png
[beacon] Saved seabird_dataset/beacon_debug/frame_155250.png
[beacon] Saved seabird_dataset/beacon_debug/frame_155280.png
[beacon] Saved seabird_dataset/beacon_debug/frame_155310.png
[beacon] Saved seabird_dataset/beacon_debug/frame_155340.png
[beacon] Saved seabird_dataset/beacon_debug/frame_155370.png
[beacon] Saved seabird_dataset/beacon_debug/frame_155400.png
[beacon] Saved seabird_dataset/beacon_debug/frame_155430.png
[beacon] Saved seabird_dataset/beacon_debug/frame_155460.png
[beacon] Saved seabird_dataset/beacon_debug/frame_155490.png
[beacon] Saved seabird_dataset/beacon_debug/frame_155520.png
[beacon] Saved seabird_dataset/beacon_debug/frame_155550.png
[beacon] Saved seabird_dataset/beacon_debug/frame_155580.png
[beacon] Saved seabird_dataset/beacon_debug/frame_155610.png
[beacon] Saved seabird_dataset/beacon_debug/frame_155640.png
[beacon] Saved seabird_dataset/beacon_debug/frame_155670.png
[beacon] Saved seabird_dataset/beacon_debug/frame_155700.png
[beacon] Saved seabird_dataset/beacon_debug/frame_155730.png
[beacon] Saved seabird_dataset/beacon_debug/frame_155760.png
[beacon] Saved seabird_dataset/beacon_debug/frame_155790.png
[beacon] Saved seabird_dataset/beacon_debug/frame_155820.png
[beacon] Saved seabird_dataset/beacon_debug/frame_155850.png
[beacon] Saved seabird_dataset/beacon_debug/frame_155880.png
[beacon] Saved seabird_dataset/beacon_debug/frame_155910.png
[beacon] Saved seabird_dataset/beacon_debug/frame_155940.png
[beacon] Saved seabird_dataset/beacon_debug/frame_155970.png
[beacon] Saved seabird_dataset/beacon_debug/frame_156000.png
[beacon] Saved seabird_dataset/beacon_debug/frame_156030.png
[beacon] Saved seabird_dataset/beacon_debug/frame_156060.png
[beacon] Saved seabird_dataset/beacon_debug/frame_156090.png
[beacon] Saved seabird_dataset/beacon_debug/frame_156120.png
[beacon] Saved seabird_dataset/beacon_debug/frame_156150.png
[beacon] Saved seabird_dataset/beacon_debug/frame_156180.png
[beacon] Saved seabird_dataset/beacon_debug/frame_156210.png
[beacon] Saved seabird_dataset/beacon_debug/frame_156240.png
[beacon] Saved seabird_dataset/beacon_debug/frame_156270.png
[beacon] Saved seabird_dataset/beacon_debug/frame_156300.png
[beacon] Saved seabird_dataset/beacon_debug/frame_156330.png
[beacon] Saved seabird_dataset/beacon_debug/frame_156360.png
[beacon] Saved seabird_dataset/beacon_debug/frame_156390.png
[beacon] Saved seabird_dataset/beacon_debug/frame_156420.png
[beacon] Saved seabird_dataset/beacon_debug/frame_156450.png
[beacon] Saved seabird_dataset/beacon_debug/frame_156480.png
[beacon] Saved seabird_dataset/beacon_debug/frame_156510.png
[beacon] Saved seabird_dataset/beacon_debug/frame_156540.png
[beacon] Saved seabird_dataset/beacon_debug/frame_156570.png
[beacon] Saved seabird_dataset/beacon_debug/frame_156600.png
[beacon] Saved seabird_dataset/beacon_debug/frame_156630.png
[beacon] Saved seabird_dataset/beacon_debug/frame_156660.png
[beacon] Saved seabird_dataset/beacon_debug/frame_156690.png
[beacon] Saved seabird_dataset/beacon_debug/frame_156720.png
[beacon] Saved seabird_dataset/beacon_debug/frame_156750.png
[beacon] Saved seabird_dataset/beacon_debug/frame_156780.png
[beacon] Saved seabird_dataset/beacon_debug/frame_156810.png
[beacon] Saved seabird_dataset/beacon_debug/frame_156840.png
[beacon] Saved seabird_dataset/beacon_debug/frame_156870.png
[beacon] Saved seabird_dataset/beacon_debug/frame_156900.png
[beacon] Saved seabird_dataset/beacon_debug/frame_156930.png
[beacon] Saved seabird_dataset/beacon_debug/frame_156960.png
[beacon] Saved seabird_dataset/beacon_debug/frame_156990.png
[beacon] Saved seabird_dataset/beacon_debug/frame_157020.png
[beacon] Saved seabird_dataset/beacon_debug/frame_157050.png
[beacon] Saved seabird_dataset/beacon_debug/frame_157080.png
[beacon] Saved seabird_dataset/beacon_debug/frame_157110.png
[beacon] Saved seabird_dataset/beacon_debug/frame_157140.png
[beacon] Saved seabird_dataset/beacon_debug/frame_157170.png
[beacon] Saved seabird_dataset/beacon_debug/frame_157200.png
[beacon] Saved seabird_dataset/beacon_debug/frame_157230.png
[beacon] Saved seabird_dataset/beacon_debug/frame_157260.png
[beacon] Saved seabird_dataset/beacon_debug/frame_157290.png
[beacon] Saved seabird_dataset/beacon_debug/frame_157320.png
[beacon] Saved seabird_dataset/beacon_debug/frame_157350.png
[beacon] Saved seabird_dataset/beacon_debug/frame_157380.png
[beacon] Saved seabird_dataset/beacon_debug/frame_157410.png
[beacon] Saved seabird_dataset/beacon_debug/frame_157440.png
[beacon] Saved seabird_dataset/beacon_debug/frame_157470.png
[beacon] Saved seabird_dataset/beacon_debug/frame_157500.png
[beacon] Saved seabird_dataset/beacon_debug/frame_157530.png
[beacon] Saved seabird_dataset/beacon_debug/frame_157560.png
[beacon] Saved seabird_dataset/beacon_debug/frame_157590.png
[beacon] Saved seabird_dataset/beacon_debug/frame_157620.png
[beacon] Saved seabird_dataset/beacon_debug/frame_157650.png
[beacon] Saved seabird_dataset/beacon_debug/frame_157680.png
[beacon] Saved seabird_dataset/beacon_debug/frame_157710.png
[beacon] Saved seabird_dataset/beacon_debug/frame_157740.png
[beacon] Saved seabird_dataset/beacon_debug/frame_157770.png
[beacon] Saved seabird_dataset/beacon_debug/frame_157800.png
[beacon] Saved seabird_dataset/beacon_debug/frame_157830.png
[beacon] Saved seabird_dataset/beacon_debug/frame_157860.png
[beacon] Saved seabird_dataset/beacon_debug/frame_157890.png
[beacon] Saved seabird_dataset/beacon_debug/frame_157920.png
[beacon] Saved seabird_dataset/beacon_debug/frame_157950.png
[beacon] Saved seabird_dataset/beacon_debug/frame_157980.png
[beacon] Saved seabird_dataset/beacon_debug/frame_158010.png
[beacon] Saved seabird_dataset/beacon_debug/frame_158040.png
[beacon] Saved seabird_dataset/beacon_debug/frame_158070.png
[beacon] Saved seabird_dataset/beacon_debug/frame_158100.png
[beacon] Saved seabird_dataset/beacon_debug/frame_158130.png
[beacon] Saved seabird_dataset/beacon_debug/frame_158160.png
[beacon] Saved seabird_dataset/beacon_debug/frame_158190.png
[beacon] Saved seabird_dataset/beacon_debug/frame_158220.png
[beacon] Saved seabird_dataset/beacon_debug/frame_158250.png
[beacon] Saved seabird_dataset/beacon_debug/frame_158280.png
[beacon] Saved seabird_dataset/beacon_debug/frame_158310.png
[beacon] Saved seabird_dataset/beacon_debug/frame_158340.png
[beacon] Saved seabird_dataset/beacon_debug/frame_158370.png
[beacon] Saved seabird_dataset/beacon_debug/frame_158400.png
[beacon] Saved seabird_dataset/beacon_debug/frame_158430.png
[beacon] Saved seabird_dataset/beacon_debug/frame_158460.png
[beacon] Saved seabird_dataset/beacon_debug/frame_158490.png
[beacon] Saved seabird_dataset/beacon_debug/frame_158520.png
[beacon] Saved seabird_dataset/beacon_debug/frame_158550.png
[beacon] Saved seabird_dataset/beacon_debug/frame_158580.png
[beacon] Saved seabird_dataset/beacon_debug/frame_158610.png
[beacon] Saved seabird_dataset/beacon_debug/frame_158640.png
[beacon] Saved seabird_dataset/beacon_debug/frame_158670.png
[beacon] Saved seabird_dataset/beacon_debug/frame_158700.png
[beacon] Saved seabird_dataset/beacon_debug/frame_158730.png
[beacon] Saved seabird_dataset/beacon_debug/frame_158760.png
[beacon] Saved seabird_dataset/beacon_debug/frame_158790.png
[beacon] Saved seabird_dataset/beacon_debug/frame_158820.png
[beacon] Saved seabird_dataset/beacon_debug/frame_158850.png
[beacon] Saved seabird_dataset/beacon_debug/frame_158880.png
[beacon] Saved seabird_dataset/beacon_debug/frame_158910.png
[beacon] Saved seabird_dataset/beacon_debug/frame_158940.png
[beacon] Saved seabird_dataset/beacon_debug/frame_158970.png
[beacon] Saved seabird_dataset/beacon_debug/frame_159000.png
[beacon] Saved seabird_dataset/beacon_debug/frame_159030.png
[beacon] Saved seabird_dataset/beacon_debug/frame_159060.png
[beacon] Saved seabird_dataset/beacon_debug/frame_159090.png
[beacon] Saved seabird_dataset/beacon_debug/frame_159120.png
[beacon] Saved seabird_dataset/beacon_debug/frame_159150.png
[beacon] Saved seabird_dataset/beacon_debug/frame_159180.png
[beacon] Saved seabird_dataset/beacon_debug/frame_159210.png
[beacon] Saved seabird_dataset/beacon_debug/frame_159240.png
[beacon] Saved seabird_dataset/beacon_debug/frame_159270.png
[beacon] Saved seabird_dataset/beacon_debug/frame_159300.png
[beacon] Saved seabird_dataset/beacon_debug/frame_159330.png
[beacon] Saved seabird_dataset/beacon_debug/frame_159360.png
[beacon] Saved seabird_dataset/beacon_debug/frame_159390.png
[beacon] Saved seabird_dataset/beacon_debug/frame_159420.png
[beacon] Saved seabird_dataset/beacon_debug/frame_159450.png
[beacon] Saved seabird_dataset/beacon_debug/frame_159480.png
[beacon] Saved seabird_dataset/beacon_debug/frame_159510.png
[beacon] Saved seabird_dataset/beacon_debug/frame_159540.png
[beacon] Saved seabird_dataset/beacon_debug/frame_159570.png
[beacon] Saved seabird_dataset/beacon_debug/frame_159600.png
[beacon] Saved seabird_dataset/beacon_debug/frame_159630.png
[beacon] Saved seabird_dataset/beacon_debug/frame_159660.png
[beacon] Saved seabird_dataset/beacon_debug/frame_159690.png
[beacon] Saved seabird_dataset/beacon_debug/frame_159720.png
[beacon] Saved seabird_dataset/beacon_debug/frame_159750.png
[beacon] Saved seabird_dataset/beacon_debug/frame_159780.png
[beacon] Saved seabird_dataset/beacon_debug/frame_159810.png
[beacon] Saved seabird_dataset/beacon_debug/frame_159840.png
[beacon] Saved seabird_dataset/beacon_debug/frame_159870.png
[beacon] Saved seabird_dataset/beacon_debug/frame_159900.png
[beacon] Saved seabird_dataset/beacon_debug/frame_159930.png
[beacon] Saved seabird_dataset/beacon_debug/frame_159960.png
[beacon] Saved seabird_dataset/beacon_debug/frame_159990.png
[beacon] Saved seabird_dataset/beacon_debug/frame_160020.png
[beacon] Saved seabird_dataset/beacon_debug/frame_160050.png
[beacon] Saved seabird_dataset/beacon_debug/frame_160080.png
[beacon] Saved seabird_dataset/beacon_debug/frame_160110.png
[beacon] Saved seabird_dataset/beacon_debug/frame_160140.png
[beacon] Saved seabird_dataset/beacon_debug/frame_160170.png
[beacon] Saved seabird_dataset/beacon_debug/frame_160200.png
[beacon] Saved seabird_dataset/beacon_debug/frame_160230.png
[beacon] Saved seabird_dataset/beacon_debug/frame_160260.png
[beacon] Saved seabird_dataset/beacon_debug/frame_160290.png
[beacon] Saved seabird_dataset/beacon_debug/frame_160320.png
[beacon] Saved seabird_dataset/beacon_debug/frame_160350.png
[beacon] Saved seabird_dataset/beacon_debug/frame_160380.png
[beacon] Saved seabird_dataset/beacon_debug/frame_160410.png
[beacon] Saved seabird_dataset/beacon_debug/frame_160440.png
[beacon] Saved seabird_dataset/beacon_debug/frame_160470.png
[beacon] Saved seabird_dataset/beacon_debug/frame_160500.png
[beacon] Saved seabird_dataset/beacon_debug/frame_160530.png
[beacon] Saved seabird_dataset/beacon_debug/frame_160560.png
[beacon] Saved seabird_dataset/beacon_debug/frame_160590.png
[beacon] Saved seabird_dataset/beacon_debug/frame_160620.png
[beacon] Saved seabird_dataset/beacon_debug/frame_160650.png
[beacon] Saved seabird_dataset/beacon_debug/frame_160680.png
[beacon] Saved seabird_dataset/beacon_debug/frame_160710.png
[beacon] Saved seabird_dataset/beacon_debug/frame_160740.png
[beacon] Saved seabird_dataset/beacon_debug/frame_160770.png
[beacon] Saved seabird_dataset/beacon_debug/frame_160800.png
[beacon] Saved seabird_dataset/beacon_debug/frame_160830.png
[beacon] Saved seabird_dataset/beacon_debug/frame_160860.png
[beacon] Saved seabird_dataset/beacon_debug/frame_160890.png
[beacon] Saved seabird_dataset/beacon_debug/frame_160920.png
[beacon] Saved seabird_dataset/beacon_debug/frame_160950.png
[beacon] Saved seabird_dataset/beacon_debug/frame_160980.png
[beacon] Saved seabird_dataset/beacon_debug/frame_161010.png
[beacon] Saved seabird_dataset/beacon_debug/frame_161040.png
[beacon] Saved seabird_dataset/beacon_debug/frame_161070.png
[beacon] Saved seabird_dataset/beacon_debug/frame_161100.png
[beacon] Saved seabird_dataset/beacon_debug/frame_161130.png
[beacon] Saved seabird_dataset/beacon_debug/frame_161160.png
[beacon] Saved seabird_dataset/beacon_debug/frame_161190.png
[beacon] Saved seabird_dataset/beacon_debug/frame_161220.png
[beacon] Saved seabird_dataset/beacon_debug/frame_161250.png
[beacon] Saved seabird_dataset/beacon_debug/frame_161280.png
[beacon] Saved seabird_dataset/beacon_debug/frame_161310.png
[beacon] Saved seabird_dataset/beacon_debug/frame_161340.png
[beacon] Saved seabird_dataset/beacon_debug/frame_161370.png
[beacon] Saved seabird_dataset/beacon_debug/frame_161400.png
[beacon] Saved seabird_dataset/beacon_debug/frame_161430.png
[beacon] Saved seabird_dataset/beacon_debug/frame_161460.png
[beacon] Saved seabird_dataset/beacon_debug/frame_161490.png
[beacon] Saved seabird_dataset/beacon_debug/frame_161520.png
[beacon] Saved seabird_dataset/beacon_debug/frame_161550.png
[beacon] Saved seabird_dataset/beacon_debug/frame_161580.png
[beacon] Saved seabird_dataset/beacon_debug/frame_161610.png
[beacon] Saved seabird_dataset/beacon_debug/frame_161640.png
[beacon] Saved seabird_dataset/beacon_debug/frame_161670.png
[beacon] Saved seabird_dataset/beacon_debug/frame_161700.png
[beacon] Saved seabird_dataset/beacon_debug/frame_161730.png
[beacon] Saved seabird_dataset/beacon_debug/frame_161760.png
[beacon] Saved seabird_dataset/beacon_debug/frame_161790.png
[beacon] Saved seabird_dataset/beacon_debug/frame_161820.png
[beacon] Saved seabird_dataset/beacon_debug/frame_161850.png
[beacon] Saved seabird_dataset/beacon_debug/frame_161880.png
[beacon] Saved seabird_dataset/beacon_debug/frame_161910.png
[beacon] Saved seabird_dataset/beacon_debug/frame_161940.png
[beacon] Saved seabird_dataset/beacon_debug/frame_161970.png
[beacon] Saved seabird_dataset/beacon_debug/frame_162000.png
[beacon] Saved seabird_dataset/beacon_debug/frame_162030.png
[beacon] Saved seabird_dataset/beacon_debug/frame_162060.png
[beacon] Saved seabird_dataset/beacon_debug/frame_162090.png
[beacon] Saved seabird_dataset/beacon_debug/frame_162120.png
[beacon] Saved seabird_dataset/beacon_debug/frame_162150.png
[beacon] Saved seabird_dataset/beacon_debug/frame_162180.png
[beacon] Saved seabird_dataset/beacon_debug/frame_162210.png
[beacon] Saved seabird_dataset/beacon_debug/frame_162240.png
[beacon] Saved seabird_dataset/beacon_debug/frame_162270.png
[beacon] Saved seabird_dataset/beacon_debug/frame_162300.png
[beacon] Saved seabird_dataset/beacon_debug/frame_162330.png
[beacon] Saved seabird_dataset/beacon_debug/frame_162360.png
[beacon] Saved seabird_dataset/beacon_debug/frame_162390.png
[beacon] Saved seabird_dataset/beacon_debug/frame_162420.png
[beacon] Saved seabird_dataset/beacon_debug/frame_162450.png
[beacon] Saved seabird_dataset/beacon_debug/frame_162480.png
[beacon] Saved seabird_dataset/beacon_debug/frame_162510.png
[beacon] Saved seabird_dataset/beacon_debug/frame_162540.png
[beacon] Saved seabird_dataset/beacon_debug/frame_162570.png
[beacon] Saved seabird_dataset/beacon_debug/frame_162600.png
[beacon] Saved seabird_dataset/beacon_debug/frame_162630.png
[beacon] Saved seabird_dataset/beacon_debug/frame_162660.png
[beacon] Saved seabird_dataset/beacon_debug/frame_162690.png
[beacon] Saved seabird_dataset/beacon_debug/frame_162720.png
[beacon] Saved seabird_dataset/beacon_debug/frame_162750.png
[beacon] Saved seabird_dataset/beacon_debug/frame_162780.png
[beacon] Saved seabird_dataset/beacon_debug/frame_162810.png
[beacon] Saved seabird_dataset/beacon_debug/frame_162840.png
[beacon] Saved seabird_dataset/beacon_debug/frame_162870.png
[beacon] Saved seabird_dataset/beacon_debug/frame_162900.png
[beacon] Saved seabird_dataset/beacon_debug/frame_162930.png
[beacon] Saved seabird_dataset/beacon_debug/frame_162960.png
[beacon] Saved seabird_dataset/beacon_debug/frame_162990.png
[beacon] Saved seabird_dataset/beacon_debug/frame_163020.png
[beacon] Saved seabird_dataset/beacon_debug/frame_163050.png
[beacon] Saved seabird_dataset/beacon_debug/frame_163080.png
[beacon] Saved seabird_dataset/beacon_debug/frame_163110.png
[beacon] Saved seabird_dataset/beacon_debug/frame_163140.png
[beacon] Saved seabird_dataset/beacon_debug/frame_163170.png
[beacon] Saved seabird_dataset/beacon_debug/frame_163200.png
[beacon] Saved seabird_dataset/beacon_debug/frame_163230.png
[beacon] Saved seabird_dataset/beacon_debug/frame_163260.png
[beacon] Saved seabird_dataset/beacon_debug/frame_163290.png
[beacon] Saved seabird_dataset/beacon_debug/frame_163320.png
[beacon] Saved seabird_dataset/beacon_debug/frame_163350.png
[beacon] Saved seabird_dataset/beacon_debug/frame_163380.png
[beacon] Saved seabird_dataset/beacon_debug/frame_163410.png
[beacon] Saved seabird_dataset/beacon_debug/frame_163440.png
[beacon] Saved seabird_dataset/beacon_debug/frame_163470.png
[beacon] Saved seabird_dataset/beacon_debug/frame_163500.png
[beacon] Saved seabird_dataset/beacon_debug/frame_163530.png
[beacon] Saved seabird_dataset/beacon_debug/frame_163560.png
[beacon] Saved seabird_dataset/beacon_debug/frame_163590.png
[beacon] Saved seabird_dataset/beacon_debug/frame_163620.png
[beacon] Saved seabird_dataset/beacon_debug/frame_163650.png
[beacon] Saved seabird_dataset/beacon_debug/frame_163680.png
[beacon] Saved seabird_dataset/beacon_debug/frame_163710.png
[beacon] Saved seabird_dataset/beacon_debug/frame_163740.png
[beacon] Saved seabird_dataset/beacon_debug/frame_163770.png
[beacon] Saved seabird_dataset/beacon_debug/frame_163800.png
[beacon] Saved seabird_dataset/beacon_debug/frame_163830.png
[beacon] Saved seabird_dataset/beacon_debug/frame_163860.png
[beacon] Saved seabird_dataset/beacon_debug/frame_163890.png
[beacon] Saved seabird_dataset/beacon_debug/frame_163920.png
[beacon] Saved seabird_dataset/beacon_debug/frame_163950.png
[beacon] Saved seabird_dataset/beacon_debug/frame_163980.png
[beacon] Saved seabird_dataset/beacon_debug/frame_164010.png
[beacon] Saved seabird_dataset/beacon_debug/frame_164040.png
[beacon] Saved seabird_dataset/beacon_debug/frame_164070.png
[beacon] Saved seabird_dataset/beacon_debug/frame_164100.png
[beacon] Saved seabird_dataset/beacon_debug/frame_164130.png
[beacon] Saved seabird_dataset/beacon_debug/frame_164160.png
[beacon] Saved seabird_dataset/beacon_debug/frame_164190.png
[beacon] Saved seabird_dataset/beacon_debug/frame_164220.png
[beacon] Saved seabird_dataset/beacon_debug/frame_164250.png
[beacon] Saved seabird_dataset/beacon_debug/frame_164280.png
[beacon] Saved seabird_dataset/beacon_debug/frame_164310.png
[beacon] Saved seabird_dataset/beacon_debug/frame_164340.png
[beacon] Saved seabird_dataset/beacon_debug/frame_164370.png
[beacon] Saved seabird_dataset/beacon_debug/frame_164400.png
[beacon] Saved seabird_dataset/beacon_debug/frame_164430.png
[beacon] Saved seabird_dataset/beacon_debug/frame_164460.png
[beacon] Saved seabird_dataset/beacon_debug/frame_164490.png
[beacon] Saved seabird_dataset/beacon_debug/frame_164520.png
[beacon] Saved seabird_dataset/beacon_debug/frame_164550.png
[beacon] Saved seabird_dataset/beacon_debug/frame_164580.png
[beacon] Saved seabird_dataset/beacon_debug/frame_164610.png
[beacon] Saved seabird_dataset/beacon_debug/frame_164640.png
[beacon] Saved seabird_dataset/beacon_debug/frame_164670.png
[beacon] Saved seabird_dataset/beacon_debug/frame_164700.png
[beacon] Saved seabird_dataset/beacon_debug/frame_164730.png
[beacon] Saved seabird_dataset/beacon_debug/frame_164760.png
[beacon] Saved seabird_dataset/beacon_debug/frame_164790.png
[beacon] Saved seabird_dataset/beacon_debug/frame_164820.png
[beacon] Saved seabird_dataset/beacon_debug/frame_164850.png
[beacon] Saved seabird_dataset/beacon_debug/frame_164880.png
[beacon] Saved seabird_dataset/beacon_debug/frame_164910.png
[beacon] Saved seabird_dataset/beacon_debug/frame_164940.png
[beacon] Saved seabird_dataset/beacon_debug/frame_164970.png
[beacon] Saved seabird_dataset/beacon_debug/frame_165000.png
[beacon] Saved seabird_dataset/beacon_debug/frame_165030.png
[beacon] Saved seabird_dataset/beacon_debug/frame_165060.png
[beacon] Saved seabird_dataset/beacon_debug/frame_165090.png
[beacon] Saved seabird_dataset/beacon_debug/frame_165120.png
[beacon] Saved seabird_dataset/beacon_debug/frame_165150.png
[beacon] Saved seabird_dataset/beacon_debug/frame_165180.png
[beacon] Saved seabird_dataset/beacon_debug/frame_165210.png
[beacon] Saved seabird_dataset/beacon_debug/frame_165240.png
[beacon] Saved seabird_dataset/beacon_debug/frame_165270.png
[beacon] Saved seabird_dataset/beacon_debug/frame_165300.png
[beacon] Saved seabird_dataset/beacon_debug/frame_165330.png
[beacon] Saved seabird_dataset/beacon_debug/frame_165360.png
[beacon] Saved seabird_dataset/beacon_debug/frame_165390.png
[beacon] Saved seabird_dataset/beacon_debug/frame_165420.png
[beacon] Saved seabird_dataset/beacon_debug/frame_165450.png
[beacon] Saved seabird_dataset/beacon_debug/frame_165480.png
[beacon] Saved seabird_dataset/beacon_debug/frame_165510.png
[beacon] Saved seabird_dataset/beacon_debug/frame_165540.png
[beacon] Saved seabird_dataset/beacon_debug/frame_165570.png
[beacon] Saved seabird_dataset/beacon_debug/frame_165600.png
[beacon] Saved seabird_dataset/beacon_debug/frame_165630.png
[beacon] Saved seabird_dataset/beacon_debug/frame_165660.png
[beacon] Saved seabird_dataset/beacon_debug/frame_165690.png
[beacon] Saved seabird_dataset/beacon_debug/frame_165720.png
[beacon] Saved seabird_dataset/beacon_debug/frame_165750.png
[beacon] Saved seabird_dataset/beacon_debug/frame_165780.png
[beacon] Saved seabird_dataset/beacon_debug/frame_165810.png
[beacon] Saved seabird_dataset/beacon_debug/frame_165840.png
[beacon] Saved seabird_dataset/beacon_debug/frame_165870.png
[beacon] Saved seabird_dataset/beacon_debug/frame_165900.png
[beacon] Saved seabird_dataset/beacon_debug/frame_165930.png
[beacon] Saved seabird_dataset/beacon_debug/frame_165960.png
[beacon] Saved seabird_dataset/beacon_debug/frame_165990.png
[beacon] Saved seabird_dataset/beacon_debug/frame_166020.png
[beacon] Saved seabird_dataset/beacon_debug/frame_166050.png
[beacon] Saved seabird_dataset/beacon_debug/frame_166080.png
[beacon] Saved seabird_dataset/beacon_debug/frame_166110.png
[beacon] Saved seabird_dataset/beacon_debug/frame_166140.png
[beacon] Saved seabird_dataset/beacon_debug/frame_166170.png
[beacon] Saved seabird_dataset/beacon_debug/frame_166200.png
[beacon] Saved seabird_dataset/beacon_debug/frame_166230.png
[beacon] Saved seabird_dataset/beacon_debug/frame_166260.png
[beacon] Saved seabird_dataset/beacon_debug/frame_166290.png
[beacon] Saved seabird_dataset/beacon_debug/frame_166320.png
[beacon] Saved seabird_dataset/beacon_debug/frame_166350.png
[beacon] Saved seabird_dataset/beacon_debug/frame_166380.png
[beacon] Saved seabird_dataset/beacon_debug/frame_166410.png
[beacon] Saved seabird_dataset/beacon_debug/frame_166440.png
[beacon] Saved seabird_dataset/beacon_debug/frame_166470.png
[beacon] Saved seabird_dataset/beacon_debug/frame_166500.png
[beacon] Saved seabird_dataset/beacon_debug/frame_166530.png
[beacon] Saved seabird_dataset/beacon_debug/frame_166560.png
[beacon] Saved seabird_dataset/beacon_debug/frame_166590.png
[beacon] Saved seabird_dataset/beacon_debug/frame_166620.png
[beacon] Saved seabird_dataset/beacon_debug/frame_166650.png
[beacon] Saved seabird_dataset/beacon_debug/frame_166680.png
[beacon] Saved seabird_dataset/beacon_debug/frame_166710.png
[beacon] Saved seabird_dataset/beacon_debug/frame_166740.png
[beacon] Saved seabird_dataset/beacon_debug/frame_166770.png
[beacon] Saved seabird_dataset/beacon_debug/frame_166800.png
[beacon] Saved seabird_dataset/beacon_debug/frame_166830.png
[beacon] Saved seabird_dataset/beacon_debug/frame_166860.png
[beacon] Saved seabird_dataset/beacon_debug/frame_166890.png
[beacon] Saved seabird_dataset/beacon_debug/frame_166920.png
[beacon] Saved seabird_dataset/beacon_debug/frame_166950.png
[beacon] Saved seabird_dataset/beacon_debug/frame_166980.png
[beacon] Saved seabird_dataset/beacon_debug/frame_167010.png
[beacon] Saved seabird_dataset/beacon_debug/frame_167040.png
[beacon] Saved seabird_dataset/beacon_debug/frame_167070.png
[beacon] Saved seabird_dataset/beacon_debug/frame_167100.png
[beacon] Saved seabird_dataset/beacon_debug/frame_167130.png
[beacon] Saved seabird_dataset/beacon_debug/frame_167160.png
[beacon] Saved seabird_dataset/beacon_debug/frame_167190.png
[beacon] Saved seabird_dataset/beacon_debug/frame_167220.png
[beacon] Saved seabird_dataset/beacon_debug/frame_167250.png
[beacon] Saved seabird_dataset/beacon_debug/frame_167280.png
[beacon] Saved seabird_dataset/beacon_debug/frame_167310.png
[beacon] Saved seabird_dataset/beacon_debug/frame_167340.png
[beacon] Saved seabird_dataset/beacon_debug/frame_167370.png
[beacon] Saved seabird_dataset/beacon_debug/frame_167400.png
[beacon] Saved seabird_dataset/beacon_debug/frame_167430.png
[beacon] Saved seabird_dataset/beacon_debug/frame_167460.png
[beacon] Saved seabird_dataset/beacon_debug/frame_167490.png
[beacon] Saved seabird_dataset/beacon_debug/frame_167520.png
[beacon] Saved seabird_dataset/beacon_debug/frame_167550.png
[beacon] Saved seabird_dataset/beacon_debug/frame_167580.png
[beacon] Saved seabird_dataset/beacon_debug/frame_167610.png
[beacon] Saved seabird_dataset/beacon_debug/frame_167640.png
[beacon] Saved seabird_dataset/beacon_debug/frame_167670.png
[beacon] Saved seabird_dataset/beacon_debug/frame_167700.png
[beacon] Saved seabird_dataset/beacon_debug/frame_167730.png
[beacon] Saved seabird_dataset/beacon_debug/frame_167760.png
[beacon] Saved seabird_dataset/beacon_debug/frame_167790.png
[beacon] Saved seabird_dataset/beacon_debug/frame_167820.png
[beacon] Saved seabird_dataset/beacon_debug/frame_167850.png
[beacon] Saved seabird_dataset/beacon_debug/frame_167880.png
[beacon] Saved seabird_dataset/beacon_debug/frame_167910.png
[beacon] Saved seabird_dataset/beacon_debug/frame_167940.png
[beacon] Saved seabird_dataset/beacon_debug/frame_167970.png
[beacon] Saved seabird_dataset/beacon_debug/frame_168000.png
[beacon] Saved seabird_dataset/beacon_debug/frame_168030.png
[beacon] Saved seabird_dataset/beacon_debug/frame_168060.png
[beacon] Saved seabird_dataset/beacon_debug/frame_168090.png
[beacon] Saved seabird_dataset/beacon_debug/frame_168120.png
[beacon] Saved seabird_dataset/beacon_debug/frame_168150.png
[beacon] Saved seabird_dataset/beacon_debug/frame_168180.png
[beacon] Saved seabird_dataset/beacon_debug/frame_168210.png
[beacon] Saved seabird_dataset/beacon_debug/frame_168240.png
[beacon] Saved seabird_dataset/beacon_debug/frame_168270.png
[beacon] Saved seabird_dataset/beacon_debug/frame_168300.png
[beacon] Saved seabird_dataset/beacon_debug/frame_168330.png
[beacon] Saved seabird_dataset/beacon_debug/frame_168360.png
[beacon] Saved seabird_dataset/beacon_debug/frame_168390.png
[beacon] Saved seabird_dataset/beacon_debug/frame_168420.png
[beacon] Saved seabird_dataset/beacon_debug/frame_168450.png
[beacon] Saved seabird_dataset/beacon_debug/frame_168480.png
[beacon] Saved seabird_dataset/beacon_debug/frame_168510.png
[beacon] Saved seabird_dataset/beacon_debug/frame_168540.png
[beacon] Saved seabird_dataset/beacon_debug/frame_168570.png
[beacon] Saved seabird_dataset/beacon_debug/frame_168600.png
[beacon] Saved seabird_dataset/beacon_debug/frame_168630.png
[beacon] Saved seabird_dataset/beacon_debug/frame_168660.png
[beacon] Saved seabird_dataset/beacon_debug/frame_168690.png
[beacon] Saved seabird_dataset/beacon_debug/frame_168720.png
[beacon] Saved seabird_dataset/beacon_debug/frame_168750.png
[beacon] Saved seabird_dataset/beacon_debug/frame_168780.png
[beacon] Saved seabird_dataset/beacon_debug/frame_168810.png
[beacon] Saved seabird_dataset/beacon_debug/frame_168840.png
[beacon] Saved seabird_dataset/beacon_debug/frame_168870.png
[beacon] Saved seabird_dataset/beacon_debug/frame_168900.png
[beacon] Saved seabird_dataset/beacon_debug/frame_168930.png
[beacon] Saved seabird_dataset/beacon_debug/frame_168960.png
[beacon] Saved seabird_dataset/beacon_debug/frame_168990.png
[beacon] Saved seabird_dataset/beacon_debug/frame_169020.png
[beacon] Saved seabird_dataset/beacon_debug/frame_169050.png
[beacon] Saved seabird_dataset/beacon_debug/frame_169080.png
[beacon] Saved seabird_dataset/beacon_debug/frame_169110.png
[beacon] Saved seabird_dataset/beacon_debug/frame_169140.png
[beacon] Saved seabird_dataset/beacon_debug/frame_169170.png
[beacon] Saved seabird_dataset/beacon_debug/frame_169200.png
[beacon] Saved seabird_dataset/beacon_debug/frame_169230.png
[beacon] Saved seabird_dataset/beacon_debug/frame_169260.png
[beacon] Saved seabird_dataset/beacon_debug/frame_169290.png
[beacon] Saved seabird_dataset/beacon_debug/frame_169320.png
[beacon] Saved seabird_dataset/beacon_debug/frame_169350.png
[beacon] Saved seabird_dataset/beacon_debug/frame_169380.png
[beacon] Saved seabird_dataset/beacon_debug/frame_169410.png
[beacon] Saved seabird_dataset/beacon_debug/frame_169440.png
[beacon] Saved seabird_dataset/beacon_debug/frame_169470.png
[beacon] Saved seabird_dataset/beacon_debug/frame_169500.png
[beacon] Saved seabird_dataset/beacon_debug/frame_169530.png
[beacon] Saved seabird_dataset/beacon_debug/frame_169560.png
[beacon] Saved seabird_dataset/beacon_debug/frame_169590.png
[beacon] Saved seabird_dataset/beacon_debug/frame_169620.png
[beacon] Saved seabird_dataset/beacon_debug/frame_169650.png
[beacon] Saved seabird_dataset/beacon_debug/frame_169680.png
[beacon] Saved seabird_dataset/beacon_debug/frame_169710.png
[beacon] Saved seabird_dataset/beacon_debug/frame_169740.png
[beacon] Saved seabird_dataset/beacon_debug/frame_169770.png
[beacon] Saved seabird_dataset/beacon_debug/frame_169800.png
[beacon] Saved seabird_dataset/beacon_debug/frame_169830.png
[beacon] Saved seabird_dataset/beacon_debug/frame_169860.png
[beacon] Saved seabird_dataset/beacon_debug/frame_169890.png
[beacon] Saved seabird_dataset/beacon_debug/frame_169920.png
[beacon] Saved seabird_dataset/beacon_debug/frame_169950.png
[beacon] Saved seabird_dataset/beacon_debug/frame_169980.png
[beacon] Saved seabird_dataset/beacon_debug/frame_170010.png
[beacon] Saved seabird_dataset/beacon_debug/frame_170040.png
[beacon] Saved seabird_dataset/beacon_debug/frame_170070.png
[beacon] Saved seabird_dataset/beacon_debug/frame_170100.png
[beacon] Saved seabird_dataset/beacon_debug/frame_170130.png
[beacon] Saved seabird_dataset/beacon_debug/frame_170160.png
[beacon] Saved seabird_dataset/beacon_debug/frame_170190.png
[beacon] Saved seabird_dataset/beacon_debug/frame_170220.png
[beacon] Saved seabird_dataset/beacon_debug/frame_170250.png
[beacon] Saved seabird_dataset/beacon_debug/frame_170280.png
[beacon] Saved seabird_dataset/beacon_debug/frame_170310.png
[beacon] Saved seabird_dataset/beacon_debug/frame_170340.png
[beacon] Saved seabird_dataset/beacon_debug/frame_170370.png
[beacon] Saved seabird_dataset/beacon_debug/frame_170400.png
[beacon] Saved seabird_dataset/beacon_debug/frame_170430.png
[beacon] Saved seabird_dataset/beacon_debug/frame_170460.png
[beacon] Saved seabird_dataset/beacon_debug/frame_170490.png
[beacon] Saved seabird_dataset/beacon_debug/frame_170520.png
[beacon] Saved seabird_dataset/beacon_debug/frame_170550.png
[beacon] Saved seabird_dataset/beacon_debug/frame_170580.png
[beacon] Saved seabird_dataset/beacon_debug/frame_170610.png
[beacon] Saved seabird_dataset/beacon_debug/frame_170640.png
[beacon] Saved seabird_dataset/beacon_debug/frame_170670.png
[beacon] Saved seabird_dataset/beacon_debug/frame_170700.png
[beacon] Saved seabird_dataset/beacon_debug/frame_170730.png
[beacon] Saved seabird_dataset/beacon_debug/frame_170760.png
[beacon] Saved seabird_dataset/beacon_debug/frame_170790.png
[beacon] Saved seabird_dataset/beacon_debug/frame_170820.png
[beacon] Saved seabird_dataset/beacon_debug/frame_170850.png
[beacon] Saved seabird_dataset/beacon_debug/frame_170880.png
[beacon] Saved seabird_dataset/beacon_debug/frame_170910.png
[beacon] Saved seabird_dataset/beacon_debug/frame_170940.png
[beacon] Saved seabird_dataset/beacon_debug/frame_170970.png
[beacon] Saved seabird_dataset/beacon_debug/frame_171000.png
[beacon] Saved seabird_dataset/beacon_debug/frame_171030.png
[beacon] Saved seabird_dataset/beacon_debug/frame_171060.png
[beacon] Saved seabird_dataset/beacon_debug/frame_171090.png
[beacon] Saved seabird_dataset/beacon_debug/frame_171120.png
[beacon] Saved seabird_dataset/beacon_debug/frame_171150.png
[beacon] Saved seabird_dataset/beacon_debug/frame_171180.png
[beacon] Saved seabird_dataset/beacon_debug/frame_171210.png
[beacon] Saved seabird_dataset/beacon_debug/frame_171240.png
[beacon] Saved seabird_dataset/beacon_debug/frame_171270.png
[beacon] Saved seabird_dataset/beacon_debug/frame_171300.png
[beacon] Saved seabird_dataset/beacon_debug/frame_171330.png
[beacon] Saved seabird_dataset/beacon_debug/frame_171360.png
[beacon] Saved seabird_dataset/beacon_debug/frame_171390.png
[beacon] Saved seabird_dataset/beacon_debug/frame_171420.png
[beacon] Saved seabird_dataset/beacon_debug/frame_171450.png
[beacon] Saved seabird_dataset/beacon_debug/frame_171480.png
[beacon] Saved seabird_dataset/beacon_debug/frame_171510.png
[beacon] Saved seabird_dataset/beacon_debug/frame_171540.png
[beacon] Saved seabird_dataset/beacon_debug/frame_171570.png
[beacon] Saved seabird_dataset/beacon_debug/frame_171600.png
[beacon] Saved seabird_dataset/beacon_debug/frame_171630.png
[beacon] Saved seabird_dataset/beacon_debug/frame_171660.png
[beacon] Saved seabird_dataset/beacon_debug/frame_171690.png
[beacon] Saved seabird_dataset/beacon_debug/frame_171720.png
[beacon] Saved seabird_dataset/beacon_debug/frame_171750.png
[beacon] Saved seabird_dataset/beacon_debug/frame_171780.png
[beacon] Saved seabird_dataset/beacon_debug/frame_171810.png
[beacon] Saved seabird_dataset/beacon_debug/frame_171840.png
[beacon] Saved seabird_dataset/beacon_debug/frame_171870.png
[beacon] Saved seabird_dataset/beacon_debug/frame_171900.png
[beacon] Saved seabird_dataset/beacon_debug/frame_171930.png
[beacon] Saved seabird_dataset/beacon_debug/frame_171960.png
[beacon] Saved seabird_dataset/beacon_debug/frame_171990.png
[beacon] Saved seabird_dataset/beacon_debug/frame_172020.png
[beacon] Saved seabird_dataset/beacon_debug/frame_172050.png
[beacon] Saved seabird_dataset/beacon_debug/frame_172080.png
[beacon] Saved seabird_dataset/beacon_debug/frame_172110.png
[beacon] Saved seabird_dataset/beacon_debug/frame_172140.png
[beacon] Saved seabird_dataset/beacon_debug/frame_172170.png
[beacon] Saved seabird_dataset/beacon_debug/frame_172200.png
[beacon] Saved seabird_dataset/beacon_debug/frame_172230.png
[beacon] Saved seabird_dataset/beacon_debug/frame_172260.png
[beacon] Saved seabird_dataset/beacon_debug/frame_172290.png
[beacon] Saved seabird_dataset/beacon_debug/frame_172320.png
[beacon] Saved seabird_dataset/beacon_debug/frame_172350.png
[beacon] Saved seabird_dataset/beacon_debug/frame_172380.png
[beacon] Saved seabird_dataset/beacon_debug/frame_172410.png
[beacon] Saved seabird_dataset/beacon_debug/frame_172440.png
[beacon] Saved seabird_dataset/beacon_debug/frame_172470.png
[beacon] Saved seabird_dataset/beacon_debug/frame_172500.png
[beacon] Saved seabird_dataset/beacon_debug/frame_172530.png
[beacon] Saved seabird_dataset/beacon_debug/frame_172560.png
[beacon] Saved seabird_dataset/beacon_debug/frame_172590.png
[beacon] Saved seabird_dataset/beacon_debug/frame_172620.png
[beacon] Saved seabird_dataset/beacon_debug/frame_172650.png
[beacon] Saved seabird_dataset/beacon_debug/frame_172680.png
[beacon] Saved seabird_dataset/beacon_debug/frame_172710.png
[beacon] Saved seabird_dataset/beacon_debug/frame_172740.png
[beacon] Saved seabird_dataset/beacon_debug/frame_172770.png
[beacon] Saved seabird_dataset/beacon_debug/frame_172800.png
[beacon] Saved seabird_dataset/beacon_debug/frame_172830.png
[beacon] Saved seabird_dataset/beacon_debug/frame_172860.png
[beacon] Saved seabird_dataset/beacon_debug/frame_172890.png
[beacon] Saved seabird_dataset/beacon_debug/frame_172920.png
[beacon] Saved seabird_dataset/beacon_debug/frame_172950.png
[beacon] Saved seabird_dataset/beacon_debug/frame_172980.png
[beacon] Saved seabird_dataset/beacon_debug/frame_173010.png
[beacon] Saved seabird_dataset/beacon_debug/frame_173040.png
[beacon] Saved seabird_dataset/beacon_debug/frame_173070.png
[beacon] Saved seabird_dataset/beacon_debug/frame_173100.png
[beacon] Saved seabird_dataset/beacon_debug/frame_173130.png
[beacon] Saved seabird_dataset/beacon_debug/frame_173160.png
[beacon] Saved seabird_dataset/beacon_debug/frame_173190.png
[beacon] Saved seabird_dataset/beacon_debug/frame_173220.png
[beacon] Saved seabird_dataset/beacon_debug/frame_173250.png
[beacon] Saved seabird_dataset/beacon_debug/frame_173280.png
[beacon] Saved seabird_dataset/beacon_debug/frame_173310.png
[beacon] Saved seabird_dataset/beacon_debug/frame_173340.png
[beacon] Saved seabird_dataset/beacon_debug/frame_173370.png
[beacon] Saved seabird_dataset/beacon_debug/frame_173400.png
[beacon] Saved seabird_dataset/beacon_debug/frame_173430.png
[beacon] Saved seabird_dataset/beacon_debug/frame_173460.png
[beacon] Saved seabird_dataset/beacon_debug/frame_173490.png
[beacon] Saved seabird_dataset/beacon_debug/frame_173520.png
[beacon] Saved seabird_dataset/beacon_debug/frame_173550.png
[beacon] Saved seabird_dataset/beacon_debug/frame_173580.png
[beacon] Saved seabird_dataset/beacon_debug/frame_173610.png
[beacon] Saved seabird_dataset/beacon_debug/frame_173640.png
[beacon] Saved seabird_dataset/beacon_debug/frame_173670.png
[beacon] Saved seabird_dataset/beacon_debug/frame_173700.png
[beacon] Saved seabird_dataset/beacon_debug/frame_173730.png
[beacon] Saved seabird_dataset/beacon_debug/frame_173760.png
[beacon] Saved seabird_dataset/beacon_debug/frame_173790.png
[beacon] Saved seabird_dataset/beacon_debug/frame_173820.png
[beacon] Saved seabird_dataset/beacon_debug/frame_173850.png
[beacon] Saved seabird_dataset/beacon_debug/frame_173880.png
[beacon] Saved seabird_dataset/beacon_debug/frame_173910.png
[beacon] Saved seabird_dataset/beacon_debug/frame_173940.png
[beacon] Saved seabird_dataset/beacon_debug/frame_173970.png
[beacon] Saved seabird_dataset/beacon_debug/frame_174000.png
[beacon] Saved seabird_dataset/beacon_debug/frame_174030.png
[beacon] Saved seabird_dataset/beacon_debug/frame_174060.png
[beacon] Saved seabird_dataset/beacon_debug/frame_174090.png
[beacon] Saved seabird_dataset/beacon_debug/frame_174120.png
[beacon] Saved seabird_dataset/beacon_debug/frame_174150.png
[beacon] Saved seabird_dataset/beacon_debug/frame_174180.png
[beacon] Saved seabird_dataset/beacon_debug/frame_174210.png
[beacon] Saved seabird_dataset/beacon_debug/frame_174240.png
[beacon] Saved seabird_dataset/beacon_debug/frame_174270.png
[beacon] Saved seabird_dataset/beacon_debug/frame_174300.png
[beacon] Saved seabird_dataset/beacon_debug/frame_174330.png
[beacon] Saved seabird_dataset/beacon_debug/frame_174360.png
[beacon] Saved seabird_dataset/beacon_debug/frame_174390.png
[beacon] Saved seabird_dataset/beacon_debug/frame_174420.png
[beacon] Saved seabird_dataset/beacon_debug/frame_174450.png
[beacon] Saved seabird_dataset/beacon_debug/frame_174480.png
[beacon] Saved seabird_dataset/beacon_debug/frame_174510.png
[beacon] Saved seabird_dataset/beacon_debug/frame_174540.png
[beacon] Saved seabird_dataset/beacon_debug/frame_174570.png
[beacon] Saved seabird_dataset/beacon_debug/frame_174600.png
[beacon] Saved seabird_dataset/beacon_debug/frame_174630.png
[beacon] Saved seabird_dataset/beacon_debug/frame_174660.png
[beacon] Saved seabird_dataset/beacon_debug/frame_174690.png
[beacon] Saved seabird_dataset/beacon_debug/frame_174720.png
[beacon] Saved seabird_dataset/beacon_debug/frame_174750.png
[beacon] Saved seabird_dataset/beacon_debug/frame_174780.png
[beacon] Saved seabird_dataset/beacon_debug/frame_174810.png
[beacon] Saved seabird_dataset/beacon_debug/frame_174840.png
[beacon] Saved seabird_dataset/beacon_debug/frame_174870.png
[beacon] Saved seabird_dataset/beacon_debug/frame_174900.png
[beacon] Saved seabird_dataset/beacon_debug/frame_174930.png
[beacon] Saved seabird_dataset/beacon_debug/frame_174960.png
[beacon] Saved seabird_dataset/beacon_debug/frame_174990.png
[beacon] Saved seabird_dataset/beacon_debug/frame_175020.png
[beacon] Saved seabird_dataset/beacon_debug/frame_175050.png
[beacon] Saved seabird_dataset/beacon_debug/frame_175080.png
[beacon] Saved seabird_dataset/beacon_debug/frame_175110.png
[beacon] Saved seabird_dataset/beacon_debug/frame_175140.png
[beacon] Saved seabird_dataset/beacon_debug/frame_175170.png
[beacon] Saved seabird_dataset/beacon_debug/frame_175200.png
[beacon] Saved seabird_dataset/beacon_debug/frame_175230.png
[beacon] Saved seabird_dataset/beacon_debug/frame_175260.png
[beacon] Saved seabird_dataset/beacon_debug/frame_175290.png
[beacon] Saved seabird_dataset/beacon_debug/frame_175320.png
[beacon] Saved seabird_dataset/beacon_debug/frame_175350.png
[beacon] Saved seabird_dataset/beacon_debug/frame_175380.png
[beacon] Saved seabird_dataset/beacon_debug/frame_175410.png
[beacon] Saved seabird_dataset/beacon_debug/frame_175440.png
[beacon] Saved seabird_dataset/beacon_debug/frame_175470.png
[beacon] Saved seabird_dataset/beacon_debug/frame_175500.png
[beacon] Saved seabird_dataset/beacon_debug/frame_175530.png
[beacon] Saved seabird_dataset/beacon_debug/frame_175560.png
[beacon] Saved seabird_dataset/beacon_debug/frame_175590.png
[beacon] Saved seabird_dataset/beacon_debug/frame_175620.png
[beacon] Saved seabird_dataset/beacon_debug/frame_175650.png
[beacon] Saved seabird_dataset/beacon_debug/frame_175680.png
[beacon] Saved seabird_dataset/beacon_debug/frame_175710.png
[beacon] Saved seabird_dataset/beacon_debug/frame_175740.png
[beacon] Saved seabird_dataset/beacon_debug/frame_175770.png
[beacon] Saved seabird_dataset/beacon_debug/frame_175800.png
[beacon] Saved seabird_dataset/beacon_debug/frame_175830.png
[beacon] Saved seabird_dataset/beacon_debug/frame_175860.png
[beacon] Saved seabird_dataset/beacon_debug/frame_175890.png
[beacon] Saved seabird_dataset/beacon_debug/frame_175920.png
[beacon] Saved seabird_dataset/beacon_debug/frame_175950.png
[beacon] Saved seabird_dataset/beacon_debug/frame_175980.png
[beacon] Saved seabird_dataset/beacon_debug/frame_176010.png
[beacon] Saved seabird_dataset/beacon_debug/frame_176040.png
[beacon] Saved seabird_dataset/beacon_debug/frame_176070.png
[beacon] Saved seabird_dataset/beacon_debug/frame_176100.png
[beacon] Saved seabird_dataset/beacon_debug/frame_176130.png
[beacon] Saved seabird_dataset/beacon_debug/frame_176160.png
[beacon] Saved seabird_dataset/beacon_debug/frame_176190.png
[beacon] Saved seabird_dataset/beacon_debug/frame_176220.png
[beacon] Saved seabird_dataset/beacon_debug/frame_176250.png
[beacon] Saved seabird_dataset/beacon_debug/frame_176280.png
[beacon] Saved seabird_dataset/beacon_debug/frame_176310.png
[beacon] Saved seabird_dataset/beacon_debug/frame_176340.png
[beacon] Saved seabird_dataset/beacon_debug/frame_176370.png
[beacon] Saved seabird_dataset/beacon_debug/frame_176400.png
[beacon] Saved seabird_dataset/beacon_debug/frame_176430.png
[beacon] Saved seabird_dataset/beacon_debug/frame_176460.png
[beacon] Saved seabird_dataset/beacon_debug/frame_176490.png
[beacon] Saved seabird_dataset/beacon_debug/frame_176520.png
[beacon] Saved seabird_dataset/beacon_debug/frame_176550.png
[beacon] Saved seabird_dataset/beacon_debug/frame_176580.png
[beacon] Saved seabird_dataset/beacon_debug/frame_176610.png
[beacon] Saved seabird_dataset/beacon_debug/frame_176640.png
[beacon] Saved seabird_dataset/beacon_debug/frame_176670.png
[beacon] Saved seabird_dataset/beacon_debug/frame_176700.png
[beacon] Saved seabird_dataset/beacon_debug/frame_176730.png
[beacon] Saved seabird_dataset/beacon_debug/frame_176760.png
[beacon] Saved seabird_dataset/beacon_debug/frame_176790.png
[beacon] Saved seabird_dataset/beacon_debug/frame_176820.png
[beacon] Saved seabird_dataset/beacon_debug/frame_176850.png
[beacon] Saved seabird_dataset/beacon_debug/frame_176880.png
[beacon] Saved seabird_dataset/beacon_debug/frame_176910.png
[beacon] Saved seabird_dataset/beacon_debug/frame_176940.png
[beacon] Saved seabird_dataset/beacon_debug/frame_176970.png
[beacon] Saved seabird_dataset/beacon_debug/frame_177000.png
[beacon] Saved seabird_dataset/beacon_debug/frame_177030.png
[beacon] Saved seabird_dataset/beacon_debug/frame_177060.png
[beacon] Saved seabird_dataset/beacon_debug/frame_177090.png
[beacon] Saved seabird_dataset/beacon_debug/frame_177120.png
[beacon] Saved seabird_dataset/beacon_debug/frame_177150.png
[beacon] Saved seabird_dataset/beacon_debug/frame_177180.png
[beacon] Saved seabird_dataset/beacon_debug/frame_177210.png
[beacon] Saved seabird_dataset/beacon_debug/frame_177240.png
[beacon] Saved seabird_dataset/beacon_debug/frame_177270.png
[beacon] Saved seabird_dataset/beacon_debug/frame_177300.png
[beacon] Saved seabird_dataset/beacon_debug/frame_177330.png
[beacon] Saved seabird_dataset/beacon_debug/frame_177360.png
[beacon] Saved seabird_dataset/beacon_debug/frame_177390.png
[beacon] Saved seabird_dataset/beacon_debug/frame_177420.png
[beacon] Saved seabird_dataset/beacon_debug/frame_177450.png
[beacon] Saved seabird_dataset/beacon_debug/frame_177480.png
[beacon] Saved seabird_dataset/beacon_debug/frame_177510.png
[beacon] Saved seabird_dataset/beacon_debug/frame_177540.png
[beacon] Saved seabird_dataset/beacon_debug/frame_177570.png
[beacon] Saved seabird_dataset/beacon_debug/frame_177600.png
[beacon] Saved seabird_dataset/beacon_debug/frame_177630.png
[beacon] Saved seabird_dataset/beacon_debug/frame_177660.png
[beacon] Saved seabird_dataset/beacon_debug/frame_177690.png
[beacon] Saved seabird_dataset/beacon_debug/frame_177720.png
[beacon] Saved seabird_dataset/beacon_debug/frame_177750.png
[beacon] Saved seabird_dataset/beacon_debug/frame_177780.png
[beacon] Saved seabird_dataset/beacon_debug/frame_177810.png
[beacon] Saved seabird_dataset/beacon_debug/frame_177840.png
[beacon] Saved seabird_dataset/beacon_debug/frame_177870.png
[beacon] Saved seabird_dataset/beacon_debug/frame_177900.png
[beacon] Saved seabird_dataset/beacon_debug/frame_177930.png
[beacon] Saved seabird_dataset/beacon_debug/frame_177960.png
[beacon] Saved seabird_dataset/beacon_debug/frame_177990.png
[beacon] Saved seabird_dataset/beacon_debug/frame_178020.png
[beacon] Saved seabird_dataset/beacon_debug/frame_178050.png
[beacon] Saved seabird_dataset/beacon_debug/frame_178080.png
[beacon] Saved seabird_dataset/beacon_debug/frame_178110.png
[beacon] Saved seabird_dataset/beacon_debug/frame_178140.png
[beacon] Saved seabird_dataset/beacon_debug/frame_178170.png
[beacon] Saved seabird_dataset/beacon_debug/frame_178200.png
[beacon] Saved seabird_dataset/beacon_debug/frame_178230.png
[beacon] Saved seabird_dataset/beacon_debug/frame_178260.png
[beacon] Saved seabird_dataset/beacon_debug/frame_178290.png
[beacon] Saved seabird_dataset/beacon_debug/frame_178320.png
[beacon] Saved seabird_dataset/beacon_debug/frame_178350.png
[beacon] Saved seabird_dataset/beacon_debug/frame_178380.png
[beacon] Saved seabird_dataset/beacon_debug/frame_178410.png
[beacon] Saved seabird_dataset/beacon_debug/frame_178440.png
[beacon] Saved seabird_dataset/beacon_debug/frame_178470.png
[beacon] Saved seabird_dataset/beacon_debug/frame_178500.png
[beacon] Saved seabird_dataset/beacon_debug/frame_178530.png
[beacon] Saved seabird_dataset/beacon_debug/frame_178560.png
[beacon] Saved seabird_dataset/beacon_debug/frame_178590.png
[beacon] Saved seabird_dataset/beacon_debug/frame_178620.png
[beacon] Saved seabird_dataset/beacon_debug/frame_178650.png
[beacon] Saved seabird_dataset/beacon_debug/frame_178680.png
[beacon] Saved seabird_dataset/beacon_debug/frame_178710.png
[beacon] Saved seabird_dataset/beacon_debug/frame_178740.png
[beacon] Saved seabird_dataset/beacon_debug/frame_178770.png
[beacon] Saved seabird_dataset/beacon_debug/frame_178800.png
[beacon] Saved seabird_dataset/beacon_debug/frame_178830.png
[beacon] Saved seabird_dataset/beacon_debug/frame_178860.png
[beacon] Saved seabird_dataset/beacon_debug/frame_178890.png
[beacon] Saved seabird_dataset/beacon_debug/frame_178920.png
[beacon] Saved seabird_dataset/beacon_debug/frame_178950.png
[beacon] Saved seabird_dataset/beacon_debug/frame_178980.png
[beacon] Saved seabird_dataset/beacon_debug/frame_179010.png
[beacon] Saved seabird_dataset/beacon_debug/frame_179040.png
[beacon] Saved seabird_dataset/beacon_debug/frame_179070.png
[beacon] Saved seabird_dataset/beacon_debug/frame_179100.png
[beacon] Saved seabird_dataset/beacon_debug/frame_179130.png
[beacon] Saved seabird_dataset/beacon_debug/frame_179160.png
[beacon] Saved seabird_dataset/beacon_debug/frame_179190.png
[beacon] Saved seabird_dataset/beacon_debug/frame_179220.png
[beacon] Saved seabird_dataset/beacon_debug/frame_179250.png
[beacon] Saved seabird_dataset/beacon_debug/frame_179280.png
[beacon] Saved seabird_dataset/beacon_debug/frame_179310.png
[beacon] Saved seabird_dataset/beacon_debug/frame_179340.png
[beacon] Saved seabird_dataset/beacon_debug/frame_179370.png
[beacon] Saved seabird_dataset/beacon_debug/frame_179400.png
[beacon] Saved seabird_dataset/beacon_debug/frame_179430.png
[beacon] Saved seabird_dataset/beacon_debug/frame_179460.png
[beacon] Saved seabird_dataset/beacon_debug/frame_179490.png
[beacon] Saved seabird_dataset/beacon_debug/frame_179520.png
[beacon] Saved seabird_dataset/beacon_debug/frame_179550.png
[beacon] Saved seabird_dataset/beacon_debug/frame_179580.png
[beacon] Saved seabird_dataset/beacon_debug/frame_179610.png
[beacon] Saved seabird_dataset/beacon_debug/frame_179640.png
[beacon] Saved seabird_dataset/beacon_debug/frame_179670.png
[beacon] Saved seabird_dataset/beacon_debug/frame_179700.png
[beacon] Saved seabird_dataset/beacon_debug/frame_179730.png
[beacon] Saved seabird_dataset/beacon_debug/frame_179760.png
[beacon] Saved seabird_dataset/beacon_debug/frame_179790.png
[beacon] Saved seabird_dataset/beacon_debug/frame_179820.png
[beacon] Saved seabird_dataset/beacon_debug/frame_179850.png
[beacon] Saved seabird_dataset/beacon_debug/frame_179880.png
[beacon] Saved seabird_dataset/beacon_debug/frame_179910.png
[beacon] Saved seabird_dataset/beacon_debug/frame_179940.png
[beacon] Saved seabird_dataset/beacon_debug/frame_179970.png
[beacon] Saved seabird_dataset/beacon_debug/frame_180000.png
[beacon] Saved seabird_dataset/beacon_debug/frame_180030.png
[beacon] Saved seabird_dataset/beacon_debug/frame_180060.png
[beacon] Saved seabird_dataset/beacon_debug/frame_180090.png
[beacon] Saved seabird_dataset/beacon_debug/frame_180120.png
[beacon] Saved seabird_dataset/beacon_debug/frame_180150.png
[beacon] Saved seabird_dataset/beacon_debug/frame_180180.png
[beacon] Saved seabird_dataset/beacon_debug/frame_180210.png
[beacon] Saved seabird_dataset/beacon_debug/frame_180240.png
[beacon] Saved seabird_dataset/beacon_debug/frame_180270.png
[beacon] Saved seabird_dataset/beacon_debug/frame_180300.png
[beacon] Saved seabird_dataset/beacon_debug/frame_180330.png
[beacon] Saved seabird_dataset/beacon_debug/frame_180360.png
[beacon] Saved seabird_dataset/beacon_debug/frame_180390.png
[beacon] Saved seabird_dataset/beacon_debug/frame_180420.png
[beacon] Saved seabird_dataset/beacon_debug/frame_180450.png
[beacon] Saved seabird_dataset/beacon_debug/frame_180480.png
[beacon] Saved seabird_dataset/beacon_debug/frame_180510.png
[beacon] Saved seabird_dataset/beacon_debug/frame_180540.png
[beacon] Saved seabird_dataset/beacon_debug/frame_180570.png
[beacon] Saved seabird_dataset/beacon_debug/frame_180600.png
[beacon] Saved seabird_dataset/beacon_debug/frame_180630.png
[beacon] Saved seabird_dataset/beacon_debug/frame_180660.png
[beacon] Saved seabird_dataset/beacon_debug/frame_180690.png
[beacon] Saved seabird_dataset/beacon_debug/frame_180720.png
[beacon] Saved seabird_dataset/beacon_debug/frame_180750.png
[beacon] Saved seabird_dataset/beacon_debug/frame_180780.png
[beacon] Saved seabird_dataset/beacon_debug/frame_180810.png
[beacon] Saved seabird_dataset/beacon_debug/frame_180840.png
[beacon] Saved seabird_dataset/beacon_debug/frame_180870.png
[beacon] Saved seabird_dataset/beacon_debug/frame_180900.png
[beacon] Saved seabird_dataset/beacon_debug/frame_180930.png
[beacon] Saved seabird_dataset/beacon_debug/frame_180960.png
[beacon] Saved seabird_dataset/beacon_debug/frame_180990.png
[beacon] Saved seabird_dataset/beacon_debug/frame_181020.png
[beacon] Saved seabird_dataset/beacon_debug/frame_181050.png
[beacon] Saved seabird_dataset/beacon_debug/frame_181080.png
[beacon] Saved seabird_dataset/beacon_debug/frame_181110.png
[beacon] Saved seabird_dataset/beacon_debug/frame_181140.png
[beacon] Saved seabird_dataset/beacon_debug/frame_181170.png
[beacon] Saved seabird_dataset/beacon_debug/frame_181200.png
[beacon] Saved seabird_dataset/beacon_debug/frame_181230.png
[beacon] Saved seabird_dataset/beacon_debug/frame_181260.png
[beacon] Saved seabird_dataset/beacon_debug/frame_181290.png
[beacon] Saved seabird_dataset/beacon_debug/frame_181320.png
[beacon] Saved seabird_dataset/beacon_debug/frame_181350.png
[beacon] Saved seabird_dataset/beacon_debug/frame_181380.png
[beacon] Saved seabird_dataset/beacon_debug/frame_181410.png
[beacon] Saved seabird_dataset/beacon_debug/frame_181440.png
[beacon] Saved seabird_dataset/beacon_debug/frame_181470.png
[beacon] Saved seabird_dataset/beacon_debug/frame_181500.png
[beacon] Saved seabird_dataset/beacon_debug/frame_181530.png
[beacon] Saved seabird_dataset/beacon_debug/frame_181560.png
[beacon] Saved seabird_dataset/beacon_debug/frame_181590.png
[beacon] Saved seabird_dataset/beacon_debug/frame_181620.png
[beacon] Saved seabird_dataset/beacon_debug/frame_181650.png
[beacon] Saved seabird_dataset/beacon_debug/frame_181680.png
[beacon] Saved seabird_dataset/beacon_debug/frame_181710.png
[beacon] Saved seabird_dataset/beacon_debug/frame_181740.png
[beacon] Saved seabird_dataset/beacon_debug/frame_181770.png
[beacon] Saved seabird_dataset/beacon_debug/frame_181800.png
[beacon] Saved seabird_dataset/beacon_debug/frame_181830.png
[beacon] Saved seabird_dataset/beacon_debug/frame_181860.png
[beacon] Saved seabird_dataset/beacon_debug/frame_181890.png
[beacon] Saved seabird_dataset/beacon_debug/frame_181920.png
[beacon] Saved seabird_dataset/beacon_debug/frame_181950.png
[beacon] Saved seabird_dataset/beacon_debug/frame_181980.png
[beacon] Saved seabird_dataset/beacon_debug/frame_182010.png
[beacon] Saved seabird_dataset/beacon_debug/frame_182040.png
[beacon] Saved seabird_dataset/beacon_debug/frame_182070.png
[beacon] Saved seabird_dataset/beacon_debug/frame_182100.png
[beacon] Saved seabird_dataset/beacon_debug/frame_182130.png
[beacon] Saved seabird_dataset/beacon_debug/frame_182160.png
[beacon] Saved seabird_dataset/beacon_debug/frame_182190.png
[beacon] Saved seabird_dataset/beacon_debug/frame_182220.png
[beacon] Saved seabird_dataset/beacon_debug/frame_182250.png
[beacon] Saved seabird_dataset/beacon_debug/frame_182280.png
[beacon] Saved seabird_dataset/beacon_debug/frame_182310.png
[beacon] Saved seabird_dataset/beacon_debug/frame_182340.png
[beacon] Saved seabird_dataset/beacon_debug/frame_182370.png
[beacon] Saved seabird_dataset/beacon_debug/frame_182400.png
[beacon] Saved seabird_dataset/beacon_debug/frame_182430.png
[beacon] Saved seabird_dataset/beacon_debug/frame_182460.png
[beacon] Saved seabird_dataset/beacon_debug/frame_182490.png
[beacon] Saved seabird_dataset/beacon_debug/frame_182520.png
[beacon] Saved seabird_dataset/beacon_debug/frame_182550.png
[beacon] Saved seabird_dataset/beacon_debug/frame_182580.png
[beacon] Saved seabird_dataset/beacon_debug/frame_182610.png
[beacon] Saved seabird_dataset/beacon_debug/frame_182640.png
[beacon] Saved seabird_dataset/beacon_debug/frame_182670.png
[beacon] Saved seabird_dataset/beacon_debug/frame_182700.png
[beacon] Saved seabird_dataset/beacon_debug/frame_182730.png
[beacon] Saved seabird_dataset/beacon_debug/frame_182760.png
[beacon] Saved seabird_dataset/beacon_debug/frame_182790.png
[beacon] Saved seabird_dataset/beacon_debug/frame_182820.png
[beacon] Saved seabird_dataset/beacon_debug/frame_182850.png
[beacon] Saved seabird_dataset/beacon_debug/frame_182880.png
[beacon] Saved seabird_dataset/beacon_debug/frame_182910.png
[beacon] Saved seabird_dataset/beacon_debug/frame_182940.png
[beacon] Saved seabird_dataset/beacon_debug/frame_182970.png
[beacon] Saved seabird_dataset/beacon_debug/frame_183000.png
[beacon] Saved seabird_dataset/beacon_debug/frame_183030.png
[beacon] Saved seabird_dataset/beacon_debug/frame_183060.png
[beacon] Saved seabird_dataset/beacon_debug/frame_183090.png
[beacon] Saved seabird_dataset/beacon_debug/frame_183120.png
[beacon] Saved seabird_dataset/beacon_debug/frame_183150.png
[beacon] Saved seabird_dataset/beacon_debug/frame_183180.png
[beacon] Saved seabird_dataset/beacon_debug/frame_183210.png
[beacon] Saved seabird_dataset/beacon_debug/frame_183240.png
[beacon] Saved seabird_dataset/beacon_debug/frame_183270.png
[beacon] Saved seabird_dataset/beacon_debug/frame_183300.png
[beacon] Saved seabird_dataset/beacon_debug/frame_183330.png
[beacon] Saved seabird_dataset/beacon_debug/frame_183360.png
[beacon] Saved seabird_dataset/beacon_debug/frame_183390.png
[beacon] Saved seabird_dataset/beacon_debug/frame_183420.png
[beacon] Saved seabird_dataset/beacon_debug/frame_183450.png
[beacon] Saved seabird_dataset/beacon_debug/frame_183480.png
[beacon] Saved seabird_dataset/beacon_debug/frame_183510.png
[beacon] Saved seabird_dataset/beacon_debug/frame_183540.png
[beacon] Saved seabird_dataset/beacon_debug/frame_183570.png
[beacon] Saved seabird_dataset/beacon_debug/frame_183600.png
[beacon] Saved seabird_dataset/beacon_debug/frame_183630.png
[beacon] Saved seabird_dataset/beacon_debug/frame_183660.png
[beacon] Saved seabird_dataset/beacon_debug/frame_183690.png
[beacon] Saved seabird_dataset/beacon_debug/frame_183720.png
[beacon] Saved seabird_dataset/beacon_debug/frame_183750.png
[beacon] Saved seabird_dataset/beacon_debug/frame_183780.png
[beacon] Saved seabird_dataset/beacon_debug/frame_183810.png
[beacon] Saved seabird_dataset/beacon_debug/frame_183840.png
[beacon] Saved seabird_dataset/beacon_debug/frame_183870.png
[beacon] Saved seabird_dataset/beacon_debug/frame_183900.png
[beacon] Saved seabird_dataset/beacon_debug/frame_183930.png
[beacon] Saved seabird_dataset/beacon_debug/frame_183960.png
[beacon] Saved seabird_dataset/beacon_debug/frame_183990.png
[beacon] Saved seabird_dataset/beacon_debug/frame_184020.png
[beacon] Saved seabird_dataset/beacon_debug/frame_184050.png
[beacon] Saved seabird_dataset/beacon_debug/frame_184080.png
[beacon] Saved seabird_dataset/beacon_debug/frame_184110.png
[beacon] Saved seabird_dataset/beacon_debug/frame_184140.png
[beacon] Saved seabird_dataset/beacon_debug/frame_184170.png
[beacon] Saved seabird_dataset/beacon_debug/frame_184200.png
[beacon] Saved seabird_dataset/beacon_debug/frame_184230.png
[beacon] Saved seabird_dataset/beacon_debug/frame_184260.png
[beacon] Saved seabird_dataset/beacon_debug/frame_184290.png
[beacon] Saved seabird_dataset/beacon_debug/frame_184320.png
[beacon] Saved seabird_dataset/beacon_debug/frame_184350.png
[beacon] Saved seabird_dataset/beacon_debug/frame_184380.png
[beacon] Saved seabird_dataset/beacon_debug/frame_184410.png
[beacon] Saved seabird_dataset/beacon_debug/frame_184440.png
[beacon] Saved seabird_dataset/beacon_debug/frame_184470.png
[beacon] Saved seabird_dataset/beacon_debug/frame_184500.png
[beacon] Saved seabird_dataset/beacon_debug/frame_184530.png
[beacon] Saved seabird_dataset/beacon_debug/frame_184560.png
[beacon] Saved seabird_dataset/beacon_debug/frame_184590.png
[beacon] Saved seabird_dataset/beacon_debug/frame_184620.png
[beacon] Saved seabird_dataset/beacon_debug/frame_184650.png
[beacon] Saved seabird_dataset/beacon_debug/frame_184680.png
[beacon] Saved seabird_dataset/beacon_debug/frame_184710.png
[beacon] Saved seabird_dataset/beacon_debug/frame_184740.png
[beacon] Saved seabird_dataset/beacon_debug/frame_184770.png
[beacon] Saved seabird_dataset/beacon_debug/frame_184800.png
[beacon] Saved seabird_dataset/beacon_debug/frame_184830.png
[beacon] Saved seabird_dataset/beacon_debug/frame_184860.png
[beacon] Saved seabird_dataset/beacon_debug/frame_184890.png
[beacon] Saved seabird_dataset/beacon_debug/frame_184920.png
[beacon] Saved seabird_dataset/beacon_debug/frame_184950.png
[beacon] Saved seabird_dataset/beacon_debug/frame_184980.png
[beacon] Saved seabird_dataset/beacon_debug/frame_185010.png
[beacon] Saved seabird_dataset/beacon_debug/frame_185040.png
[beacon] Saved seabird_dataset/beacon_debug/frame_185070.png
[beacon] Saved seabird_dataset/beacon_debug/frame_185100.png
[beacon] Saved seabird_dataset/beacon_debug/frame_185130.png
[beacon] Saved seabird_dataset/beacon_debug/frame_185160.png
[beacon] Saved seabird_dataset/beacon_debug/frame_185190.png
[beacon] Saved seabird_dataset/beacon_debug/frame_185220.png
[beacon] Saved seabird_dataset/beacon_debug/frame_185250.png
[beacon] Saved seabird_dataset/beacon_debug/frame_185280.png
[beacon] Saved seabird_dataset/beacon_debug/frame_185310.png
[beacon] Saved seabird_dataset/beacon_debug/frame_185340.png
[beacon] Saved seabird_dataset/beacon_debug/frame_185370.png
[beacon] Saved seabird_dataset/beacon_debug/frame_185400.png
[beacon] Saved seabird_dataset/beacon_debug/frame_185430.png
[beacon] Saved seabird_dataset/beacon_debug/frame_185460.png
[beacon] Saved seabird_dataset/beacon_debug/frame_185490.png
[beacon] Saved seabird_dataset/beacon_debug/frame_185520.png
[beacon] Saved seabird_dataset/beacon_debug/frame_185550.png
[beacon] Saved seabird_dataset/beacon_debug/frame_185580.png
[beacon] Saved seabird_dataset/beacon_debug/frame_185610.png
[beacon] Saved seabird_dataset/beacon_debug/frame_185640.png
[beacon] Saved seabird_dataset/beacon_debug/frame_185670.png
[beacon] Saved seabird_dataset/beacon_debug/frame_185700.png
[beacon] Saved seabird_dataset/beacon_debug/frame_185730.png
[beacon] Saved seabird_dataset/beacon_debug/frame_185760.png
[beacon] Saved seabird_dataset/beacon_debug/frame_185790.png
[beacon] Saved seabird_dataset/beacon_debug/frame_185820.png
[beacon] Saved seabird_dataset/beacon_debug/frame_185850.png
[beacon] Saved seabird_dataset/beacon_debug/frame_185880.png
[beacon] Saved seabird_dataset/beacon_debug/frame_185910.png
[beacon] Saved seabird_dataset/beacon_debug/frame_185940.png
[beacon] Saved seabird_dataset/beacon_debug/frame_185970.png
[beacon] Saved seabird_dataset/beacon_debug/frame_186000.png
[beacon] Saved seabird_dataset/beacon_debug/frame_186030.png
[beacon] Saved seabird_dataset/beacon_debug/frame_186060.png
[beacon] Saved seabird_dataset/beacon_debug/frame_186090.png
[beacon] Saved seabird_dataset/beacon_debug/frame_186120.png
[beacon] Saved seabird_dataset/beacon_debug/frame_186150.png
[beacon] Saved seabird_dataset/beacon_debug/frame_186180.png
[beacon] Saved seabird_dataset/beacon_debug/frame_186210.png
[beacon] Saved seabird_dataset/beacon_debug/frame_186240.png
[beacon] Saved seabird_dataset/beacon_debug/frame_186270.png
[beacon] Saved seabird_dataset/beacon_debug/frame_186300.png
[beacon] Saved seabird_dataset/beacon_debug/frame_186330.png
[beacon] Saved seabird_dataset/beacon_debug/frame_186360.png
[beacon] Saved seabird_dataset/beacon_debug/frame_186390.png
[beacon] Saved seabird_dataset/beacon_debug/frame_186420.png
[beacon] Saved seabird_dataset/beacon_debug/frame_186450.png
[beacon] Saved seabird_dataset/beacon_debug/frame_186480.png
[beacon] Saved seabird_dataset/beacon_debug/frame_186510.png
[beacon] Saved seabird_dataset/beacon_debug/frame_186540.png
[beacon] Saved seabird_dataset/beacon_debug/frame_186570.png
[beacon] Saved seabird_dataset/beacon_debug/frame_186600.png
[beacon] Saved seabird_dataset/beacon_debug/frame_186630.png
[beacon] Saved seabird_dataset/beacon_debug/frame_186660.png
[beacon] Saved seabird_dataset/beacon_debug/frame_186690.png
[beacon] Saved seabird_dataset/beacon_debug/frame_186720.png
[beacon] Saved seabird_dataset/beacon_debug/frame_186750.png
[beacon] Saved seabird_dataset/beacon_debug/frame_186780.png
[beacon] Saved seabird_dataset/beacon_debug/frame_186810.png
[beacon] Saved seabird_dataset/beacon_debug/frame_186840.png
[beacon] Saved seabird_dataset/beacon_debug/frame_186870.png
[beacon] Saved seabird_dataset/beacon_debug/frame_186900.png
[beacon] Saved seabird_dataset/beacon_debug/frame_186930.png
[beacon] Saved seabird_dataset/beacon_debug/frame_186960.png
[beacon] Saved seabird_dataset/beacon_debug/frame_186990.png
[beacon] Saved seabird_dataset/beacon_debug/frame_187020.png
[beacon] Saved seabird_dataset/beacon_debug/frame_187050.png
[beacon] Saved seabird_dataset/beacon_debug/frame_187080.png
[beacon] Saved seabird_dataset/beacon_debug/frame_187110.png
[beacon] Saved seabird_dataset/beacon_debug/frame_187140.png
[beacon] Saved seabird_dataset/beacon_debug/frame_187170.png
[beacon] Saved seabird_dataset/beacon_debug/frame_187200.png
[beacon] Saved seabird_dataset/beacon_debug/frame_187230.png
[beacon] Saved seabird_dataset/beacon_debug/frame_187260.png
[beacon] Saved seabird_dataset/beacon_debug/frame_187290.png
[beacon] Saved seabird_dataset/beacon_debug/frame_187320.png
[beacon] Saved seabird_dataset/beacon_debug/frame_187350.png
[beacon] Saved seabird_dataset/beacon_debug/frame_187380.png
[beacon] Saved seabird_dataset/beacon_debug/frame_187410.png
[beacon] Saved seabird_dataset/beacon_debug/frame_187440.png
[beacon] Saved seabird_dataset/beacon_debug/frame_187470.png
[beacon] Saved seabird_dataset/beacon_debug/frame_187500.png
[beacon] Saved seabird_dataset/beacon_debug/frame_187530.png
[beacon] Saved seabird_dataset/beacon_debug/frame_187560.png
[beacon] Saved seabird_dataset/beacon_debug/frame_187590.png
[beacon] Saved seabird_dataset/beacon_debug/frame_187620.png
[beacon] Saved seabird_dataset/beacon_debug/frame_187650.png
[beacon] Saved seabird_dataset/beacon_debug/frame_187680.png
[beacon] Saved seabird_dataset/beacon_debug/frame_187710.png
[beacon] Saved seabird_dataset/beacon_debug/frame_187740.png
[beacon] Saved seabird_dataset/beacon_debug/frame_187770.png
[beacon] Saved seabird_dataset/beacon_debug/frame_187800.png
[beacon] Saved seabird_dataset/beacon_debug/frame_187830.png
[beacon] Saved seabird_dataset/beacon_debug/frame_187860.png
[beacon] Saved seabird_dataset/beacon_debug/frame_187890.png
[beacon] Saved seabird_dataset/beacon_debug/frame_187920.png
[beacon] Saved seabird_dataset/beacon_debug/frame_187950.png
[beacon] Saved seabird_dataset/beacon_debug/frame_187980.png
[beacon] Saved seabird_dataset/beacon_debug/frame_188010.png
[beacon] Saved seabird_dataset/beacon_debug/frame_188040.png
[beacon] Saved seabird_dataset/beacon_debug/frame_188070.png
[beacon] Saved seabird_dataset/beacon_debug/frame_188100.png
[beacon] Saved seabird_dataset/beacon_debug/frame_188130.png
[beacon] Saved seabird_dataset/beacon_debug/frame_188160.png
[beacon] Saved seabird_dataset/beacon_debug/frame_188190.png
[beacon] Saved seabird_dataset/beacon_debug/frame_188220.png
[beacon] Saved seabird_dataset/beacon_debug/frame_188250.png
[beacon] Saved seabird_dataset/beacon_debug/frame_188280.png
[beacon] Saved seabird_dataset/beacon_debug/frame_188310.png
[beacon] Saved seabird_dataset/beacon_debug/frame_188340.png
[beacon] Saved seabird_dataset/beacon_debug/frame_188370.png
[beacon] Saved seabird_dataset/beacon_debug/frame_188400.png
[beacon] Saved seabird_dataset/beacon_debug/frame_188430.png
[beacon] Saved seabird_dataset/beacon_debug/frame_188460.png
[beacon] Saved seabird_dataset/beacon_debug/frame_188490.png
[beacon] Saved seabird_dataset/beacon_debug/frame_188520.png
[beacon] Saved seabird_dataset/beacon_debug/frame_188550.png
[beacon] Saved seabird_dataset/beacon_debug/frame_188580.png
[beacon] Saved seabird_dataset/beacon_debug/frame_188610.png
[beacon] Saved seabird_dataset/beacon_debug/frame_188640.png
[beacon] Saved seabird_dataset/beacon_debug/frame_188670.png
[beacon] Saved seabird_dataset/beacon_debug/frame_188700.png
[beacon] Saved seabird_dataset/beacon_debug/frame_188730.png
[beacon] Saved seabird_dataset/beacon_debug/frame_188760.png
[beacon] Saved seabird_dataset/beacon_debug/frame_188790.png
[beacon] Saved seabird_dataset/beacon_debug/frame_188820.png
[beacon] Saved seabird_dataset/beacon_debug/frame_188850.png
[beacon] Saved seabird_dataset/beacon_debug/frame_188880.png
[beacon] Saved seabird_dataset/beacon_debug/frame_188910.png
[beacon] Saved seabird_dataset/beacon_debug/frame_188940.png
[beacon] Saved seabird_dataset/beacon_debug/frame_188970.png
[beacon] Saved seabird_dataset/beacon_debug/frame_189000.png
[beacon] Saved seabird_dataset/beacon_debug/frame_189030.png
[beacon] Saved seabird_dataset/beacon_debug/frame_189060.png
[beacon] Saved seabird_dataset/beacon_debug/frame_189090.png
[beacon] Saved seabird_dataset/beacon_debug/frame_189120.png
[beacon] Saved seabird_dataset/beacon_debug/frame_189150.png
[beacon] Saved seabird_dataset/beacon_debug/frame_189180.png
[beacon] Saved seabird_dataset/beacon_debug/frame_189210.png
[beacon] Saved seabird_dataset/beacon_debug/frame_189240.png
[beacon] Saved seabird_dataset/beacon_debug/frame_189270.png
[beacon] Saved seabird_dataset/beacon_debug/frame_189300.png
[beacon] Saved seabird_dataset/beacon_debug/frame_189330.png
[beacon] Saved seabird_dataset/beacon_debug/frame_189360.png
[beacon] Saved seabird_dataset/beacon_debug/frame_189390.png
[beacon] Saved seabird_dataset/beacon_debug/frame_189420.png
[beacon] Saved seabird_dataset/beacon_debug/frame_189450.png
[beacon] Saved seabird_dataset/beacon_debug/frame_189480.png
[beacon] Saved seabird_dataset/beacon_debug/frame_189510.png
[beacon] Saved seabird_dataset/beacon_debug/frame_189540.png
[beacon] Saved seabird_dataset/beacon_debug/frame_189570.png
[beacon] Saved seabird_dataset/beacon_debug/frame_189600.png
[beacon] Saved seabird_dataset/beacon_debug/frame_189630.png
[beacon] Saved seabird_dataset/beacon_debug/frame_189660.png
[beacon] Saved seabird_dataset/beacon_debug/frame_189690.png
[beacon] Saved seabird_dataset/beacon_debug/frame_189720.png
[beacon] Saved seabird_dataset/beacon_debug/frame_189750.png
[beacon] Saved seabird_dataset/beacon_debug/frame_189780.png
[beacon] Saved seabird_dataset/beacon_debug/frame_189810.png
[beacon] Saved seabird_dataset/beacon_debug/frame_189840.png
[beacon] Saved seabird_dataset/beacon_debug/frame_189870.png
[beacon] Saved seabird_dataset/beacon_debug/frame_189900.png
[beacon] Saved seabird_dataset/beacon_debug/frame_189930.png
[beacon] Saved seabird_dataset/beacon_debug/frame_189960.png
[beacon] Saved seabird_dataset/beacon_debug/frame_189990.png
[beacon] Saved seabird_dataset/beacon_debug/frame_190020.png
[beacon] Saved seabird_dataset/beacon_debug/frame_190050.png
[beacon] Saved seabird_dataset/beacon_debug/frame_190080.png
[beacon] Saved seabird_dataset/beacon_debug/frame_190110.png
[beacon] Saved seabird_dataset/beacon_debug/frame_190140.png
[beacon] Saved seabird_dataset/beacon_debug/frame_190170.png
[beacon] Saved seabird_dataset/beacon_debug/frame_190200.png
[beacon] Saved seabird_dataset/beacon_debug/frame_190230.png
[beacon] Saved seabird_dataset/beacon_debug/frame_190260.png
[beacon] Saved seabird_dataset/beacon_debug/frame_190290.png
[beacon] Saved seabird_dataset/beacon_debug/frame_190320.png
[beacon] Saved seabird_dataset/beacon_debug/frame_190350.png
[beacon] Saved seabird_dataset/beacon_debug/frame_190380.png
[beacon] Saved seabird_dataset/beacon_debug/frame_190410.png
[beacon] Saved seabird_dataset/beacon_debug/frame_190440.png
[beacon] Saved seabird_dataset/beacon_debug/frame_190470.png
[beacon] Saved seabird_dataset/beacon_debug/frame_190500.png
[beacon] Saved seabird_dataset/beacon_debug/frame_190530.png
[beacon] Saved seabird_dataset/beacon_debug/frame_190560.png
[beacon] Saved seabird_dataset/beacon_debug/frame_190590.png
[beacon] Saved seabird_dataset/beacon_debug/frame_190620.png
[beacon] Saved seabird_dataset/beacon_debug/frame_190650.png
[beacon] Saved seabird_dataset/beacon_debug/frame_190680.png
[beacon] Saved seabird_dataset/beacon_debug/frame_190710.png
[beacon] Saved seabird_dataset/beacon_debug/frame_190740.png
[beacon] Saved seabird_dataset/beacon_debug/frame_190770.png
[beacon] Saved seabird_dataset/beacon_debug/frame_190800.png
[beacon] Saved seabird_dataset/beacon_debug/frame_190830.png
[beacon] Saved seabird_dataset/beacon_debug/frame_190860.png
[beacon] Saved seabird_dataset/beacon_debug/frame_190890.png
[beacon] Saved seabird_dataset/beacon_debug/frame_190920.png
[beacon] Saved seabird_dataset/beacon_debug/frame_190950.png
[beacon] Saved seabird_dataset/beacon_debug/frame_190980.png
[beacon] Saved seabird_dataset/beacon_debug/frame_191010.png
[beacon] Saved seabird_dataset/beacon_debug/frame_191040.png
[beacon] Saved seabird_dataset/beacon_debug/frame_191070.png
[beacon] Saved seabird_dataset/beacon_debug/frame_191100.png
[beacon] Saved seabird_dataset/beacon_debug/frame_191130.png
[beacon] Saved seabird_dataset/beacon_debug/frame_191160.png
[beacon] Saved seabird_dataset/beacon_debug/frame_191190.png
[beacon] Saved seabird_dataset/beacon_debug/frame_191220.png
[beacon] Saved seabird_dataset/beacon_debug/frame_191250.png
[beacon] Saved seabird_dataset/beacon_debug/frame_191280.png
[beacon] Saved seabird_dataset/beacon_debug/frame_191310.png
[beacon] Saved seabird_dataset/beacon_debug/frame_191340.png
[beacon] Saved seabird_dataset/beacon_debug/frame_191370.png
[beacon] Saved seabird_dataset/beacon_debug/frame_191400.png
[beacon] Saved seabird_dataset/beacon_debug/frame_191430.png
[beacon] Saved seabird_dataset/beacon_debug/frame_191460.png
[beacon] Saved seabird_dataset/beacon_debug/frame_191490.png
[beacon] Saved seabird_dataset/beacon_debug/frame_191520.png
[beacon] Saved seabird_dataset/beacon_debug/frame_191550.png
[beacon] Saved seabird_dataset/beacon_debug/frame_191580.png
[beacon] Saved seabird_dataset/beacon_debug/frame_191610.png
[beacon] Saved seabird_dataset/beacon_debug/frame_191640.png
[beacon] Saved seabird_dataset/beacon_debug/frame_191670.png
[beacon] Saved seabird_dataset/beacon_debug/frame_191700.png
[beacon] Saved seabird_dataset/beacon_debug/frame_191730.png
[beacon] Saved seabird_dataset/beacon_debug/frame_191760.png
[beacon] Saved seabird_dataset/beacon_debug/frame_191790.png
[beacon] Saved seabird_dataset/beacon_debug/frame_191820.png
[beacon] Saved seabird_dataset/beacon_debug/frame_191850.png
[beacon] Saved seabird_dataset/beacon_debug/frame_191880.png
[beacon] Saved seabird_dataset/beacon_debug/frame_191910.png
[beacon] Saved seabird_dataset/beacon_debug/frame_191940.png
[beacon] Saved seabird_dataset/beacon_debug/frame_191970.png
[beacon] Saved seabird_dataset/beacon_debug/frame_192000.png
[beacon] Saved seabird_dataset/beacon_debug/frame_192030.png
[beacon] Saved seabird_dataset/beacon_debug/frame_192060.png
[beacon] Saved seabird_dataset/beacon_debug/frame_192090.png
[beacon] Saved seabird_dataset/beacon_debug/frame_192120.png
[beacon] Saved seabird_dataset/beacon_debug/frame_192150.png
[beacon] Saved seabird_dataset/beacon_debug/frame_192180.png
[beacon] Saved seabird_dataset/beacon_debug/frame_192210.png
[beacon] Saved seabird_dataset/beacon_debug/frame_192240.png
[beacon] Saved seabird_dataset/beacon_debug/frame_192270.png
[beacon] Saved seabird_dataset/beacon_debug/frame_192300.png
[beacon] Saved seabird_dataset/beacon_debug/frame_192330.png
[beacon] Saved seabird_dataset/beacon_debug/frame_192360.png
[beacon] Saved seabird_dataset/beacon_debug/frame_192390.png
[beacon] Saved seabird_dataset/beacon_debug/frame_192420.png
[beacon] Saved seabird_dataset/beacon_debug/frame_192450.png
[beacon] Saved seabird_dataset/beacon_debug/frame_192480.png
[beacon] Saved seabird_dataset/beacon_debug/frame_192510.png
[beacon] Saved seabird_dataset/beacon_debug/frame_192540.png
[beacon] Saved seabird_dataset/beacon_debug/frame_192570.png
[beacon] Saved seabird_dataset/beacon_debug/frame_192600.png
[beacon] Saved seabird_dataset/beacon_debug/frame_192630.png
[beacon] Saved seabird_dataset/beacon_debug/frame_192660.png
[beacon] Saved seabird_dataset/beacon_debug/frame_192690.png
[beacon] Saved seabird_dataset/beacon_debug/frame_192720.png
[beacon] Saved seabird_dataset/beacon_debug/frame_192750.png
[beacon] Saved seabird_dataset/beacon_debug/frame_192780.png
[beacon] Saved seabird_dataset/beacon_debug/frame_192810.png
[beacon] Saved seabird_dataset/beacon_debug/frame_192840.png
[beacon] Saved seabird_dataset/beacon_debug/frame_192870.png
[beacon] Saved seabird_dataset/beacon_debug/frame_192900.png
[beacon] Saved seabird_dataset/beacon_debug/frame_192930.png
[beacon] Saved seabird_dataset/beacon_debug/frame_192960.png
[beacon] Saved seabird_dataset/beacon_debug/frame_192990.png
[beacon] Saved seabird_dataset/beacon_debug/frame_193020.png
[beacon] Saved seabird_dataset/beacon_debug/frame_193050.png
[beacon] Saved seabird_dataset/beacon_debug/frame_193080.png
[beacon] Saved seabird_dataset/beacon_debug/frame_193110.png
[beacon] Saved seabird_dataset/beacon_debug/frame_193140.png
[beacon] Saved seabird_dataset/beacon_debug/frame_193170.png
[beacon] Saved seabird_dataset/beacon_debug/frame_193200.png
[beacon] Saved seabird_dataset/beacon_debug/frame_193230.png
[beacon] Saved seabird_dataset/beacon_debug/frame_193260.png
[beacon] Saved seabird_dataset/beacon_debug/frame_193290.png
[beacon] Saved seabird_dataset/beacon_debug/frame_193320.png
[beacon] Saved seabird_dataset/beacon_debug/frame_193350.png
[beacon] Saved seabird_dataset/beacon_debug/frame_193380.png
[beacon] Saved seabird_dataset/beacon_debug/frame_193410.png
[beacon] Saved seabird_dataset/beacon_debug/frame_193440.png
[beacon] Saved seabird_dataset/beacon_debug/frame_193470.png
[beacon] Saved seabird_dataset/beacon_debug/frame_193500.png
[beacon] Saved seabird_dataset/beacon_debug/frame_193530.png
[beacon] Saved seabird_dataset/beacon_debug/frame_193560.png
[beacon] Saved seabird_dataset/beacon_debug/frame_193590.png
[beacon] Saved seabird_dataset/beacon_debug/frame_193620.png
[beacon] Saved seabird_dataset/beacon_debug/frame_193650.png
[beacon] Saved seabird_dataset/beacon_debug/frame_193680.png
[beacon] Saved seabird_dataset/beacon_debug/frame_193710.png
[beacon] Saved seabird_dataset/beacon_debug/frame_193740.png
[beacon] Saved seabird_dataset/beacon_debug/frame_193770.png
[beacon] Saved seabird_dataset/beacon_debug/frame_193800.png
[beacon] Saved seabird_dataset/beacon_debug/frame_193830.png
[beacon] Saved seabird_dataset/beacon_debug/frame_193860.png
[beacon] Saved seabird_dataset/beacon_debug/frame_193890.png
[beacon] Saved seabird_dataset/beacon_debug/frame_193920.png
[beacon] Saved seabird_dataset/beacon_debug/frame_193950.png
[beacon] Saved seabird_dataset/beacon_debug/frame_193980.png
[beacon] Saved seabird_dataset/beacon_debug/frame_194010.png
[beacon] Saved seabird_dataset/beacon_debug/frame_194040.png
[beacon] Saved seabird_dataset/beacon_debug/frame_194070.png
[beacon] Saved seabird_dataset/beacon_debug/frame_194100.png
[beacon] Saved seabird_dataset/beacon_debug/frame_194130.png
[beacon] Saved seabird_dataset/beacon_debug/frame_194160.png
[beacon] Saved seabird_dataset/beacon_debug/frame_194190.png
[beacon] Saved seabird_dataset/beacon_debug/frame_194220.png
[beacon] Saved seabird_dataset/beacon_debug/frame_194250.png
[beacon] Saved seabird_dataset/beacon_debug/frame_194280.png
[beacon] Saved seabird_dataset/beacon_debug/frame_194310.png
[beacon] Saved seabird_dataset/beacon_debug/frame_194340.png
[beacon] Saved seabird_dataset/beacon_debug/frame_194370.png
[beacon] Saved seabird_dataset/beacon_debug/frame_194400.png
[beacon] Saved seabird_dataset/beacon_debug/frame_194430.png
[beacon] Saved seabird_dataset/beacon_debug/frame_194460.png
[beacon] Saved seabird_dataset/beacon_debug/frame_194490.png
[beacon] Saved seabird_dataset/beacon_debug/frame_194520.png
[beacon] Saved seabird_dataset/beacon_debug/frame_194550.png
[beacon] Saved seabird_dataset/beacon_debug/frame_194580.png
[beacon] Saved seabird_dataset/beacon_debug/frame_194610.png
[beacon] Saved seabird_dataset/beacon_debug/frame_194640.png
[beacon] Saved seabird_dataset/beacon_debug/frame_194670.png
[beacon] Saved seabird_dataset/beacon_debug/frame_194700.png
[beacon] Saved seabird_dataset/beacon_debug/frame_194730.png
[beacon] Saved seabird_dataset/beacon_debug/frame_194760.png
[beacon] Saved seabird_dataset/beacon_debug/frame_194790.png
[beacon] Saved seabird_dataset/beacon_debug/frame_194820.png
[beacon] Saved seabird_dataset/beacon_debug/frame_194850.png
[beacon] Saved seabird_dataset/beacon_debug/frame_194880.png
[beacon] Saved seabird_dataset/beacon_debug/frame_194910.png
[beacon] Saved seabird_dataset/beacon_debug/frame_194940.png
[beacon] Saved seabird_dataset/beacon_debug/frame_194970.png
[beacon] Saved seabird_dataset/beacon_debug/frame_195000.png
[beacon] Saved seabird_dataset/beacon_debug/frame_195030.png
[beacon] Saved seabird_dataset/beacon_debug/frame_195060.png
[beacon] Saved seabird_dataset/beacon_debug/frame_195090.png
[beacon] Saved seabird_dataset/beacon_debug/frame_195120.png
[beacon] Saved seabird_dataset/beacon_debug/frame_195150.png
[beacon] Saved seabird_dataset/beacon_debug/frame_195180.png
[beacon] Saved seabird_dataset/beacon_debug/frame_195210.png
[beacon] Saved seabird_dataset/beacon_debug/frame_195240.png
[beacon] Saved seabird_dataset/beacon_debug/frame_195270.png
[beacon] Saved seabird_dataset/beacon_debug/frame_195300.png
[beacon] Saved seabird_dataset/beacon_debug/frame_195330.png
[beacon] Saved seabird_dataset/beacon_debug/frame_195360.png
[beacon] Saved seabird_dataset/beacon_debug/frame_195390.png
[beacon] Saved seabird_dataset/beacon_debug/frame_195420.png
[beacon] Saved seabird_dataset/beacon_debug/frame_195450.png
[beacon] Saved seabird_dataset/beacon_debug/frame_195480.png
[beacon] Saved seabird_dataset/beacon_debug/frame_195510.png
[beacon] Saved seabird_dataset/beacon_debug/frame_195540.png
[beacon] Saved seabird_dataset/beacon_debug/frame_195570.png
[beacon] Saved seabird_dataset/beacon_debug/frame_195600.png
[beacon] Saved seabird_dataset/beacon_debug/frame_195630.png
[beacon] Saved seabird_dataset/beacon_debug/frame_195660.png
[beacon] Saved seabird_dataset/beacon_debug/frame_195690.png
[beacon] Saved seabird_dataset/beacon_debug/frame_195720.png
[beacon] Saved seabird_dataset/beacon_debug/frame_195750.png
[beacon] Saved seabird_dataset/beacon_debug/frame_195780.png
[beacon] Saved seabird_dataset/beacon_debug/frame_195810.png
[beacon] Saved seabird_dataset/beacon_debug/frame_195840.png
[beacon] Saved seabird_dataset/beacon_debug/frame_195870.png
[beacon] Saved seabird_dataset/beacon_debug/frame_195900.png
[beacon] Saved seabird_dataset/beacon_debug/frame_195930.png
[beacon] Saved seabird_dataset/beacon_debug/frame_195960.png
[beacon] Saved seabird_dataset/beacon_debug/frame_195990.png
[beacon] Saved seabird_dataset/beacon_debug/frame_196020.png
[beacon] Saved seabird_dataset/beacon_debug/frame_196050.png
[beacon] Saved seabird_dataset/beacon_debug/frame_196080.png
[beacon] Saved seabird_dataset/beacon_debug/frame_196110.png
[beacon] Saved seabird_dataset/beacon_debug/frame_196140.png
[beacon] Saved seabird_dataset/beacon_debug/frame_196170.png
[beacon] Saved seabird_dataset/beacon_debug/frame_196200.png
[beacon] Saved seabird_dataset/beacon_debug/frame_196230.png
[beacon] Saved seabird_dataset/beacon_debug/frame_196260.png
[beacon] Saved seabird_dataset/beacon_debug/frame_196290.png
[beacon] Saved seabird_dataset/beacon_debug/frame_196320.png
[beacon] Saved seabird_dataset/beacon_debug/frame_196350.png
[beacon] Saved seabird_dataset/beacon_debug/frame_196380.png
[beacon] Saved seabird_dataset/beacon_debug/frame_196410.png
[beacon] Saved seabird_dataset/beacon_debug/frame_196440.png
[beacon] Saved seabird_dataset/beacon_debug/frame_196470.png
[beacon] Saved seabird_dataset/beacon_debug/frame_196500.png
[beacon] Saved seabird_dataset/beacon_debug/frame_196530.png
[beacon] Saved seabird_dataset/beacon_debug/frame_196560.png
[beacon] Saved seabird_dataset/beacon_debug/frame_196590.png
[beacon] Saved seabird_dataset/beacon_debug/frame_196620.png
[beacon] Saved seabird_dataset/beacon_debug/frame_196650.png
[beacon] Saved seabird_dataset/beacon_debug/frame_196680.png
[beacon] Saved seabird_dataset/beacon_debug/frame_196710.png
[beacon] Saved seabird_dataset/beacon_debug/frame_196740.png
[beacon] Saved seabird_dataset/beacon_debug/frame_196770.png
[beacon] Saved seabird_dataset/beacon_debug/frame_196800.png
[beacon] Saved seabird_dataset/beacon_debug/frame_196830.png
[beacon] Saved seabird_dataset/beacon_debug/frame_196860.png
[beacon] Saved seabird_dataset/beacon_debug/frame_196890.png
[beacon] Saved seabird_dataset/beacon_debug/frame_196920.png
[beacon] Saved seabird_dataset/beacon_debug/frame_196950.png
[beacon] Saved seabird_dataset/beacon_debug/frame_196980.png
[beacon] Saved seabird_dataset/beacon_debug/frame_197010.png
[beacon] Saved seabird_dataset/beacon_debug/frame_197040.png
[beacon] Saved seabird_dataset/beacon_debug/frame_197070.png
[beacon] Saved seabird_dataset/beacon_debug/frame_197100.png
[beacon] Saved seabird_dataset/beacon_debug/frame_197130.png
[beacon] Saved seabird_dataset/beacon_debug/frame_197160.png
[beacon] Saved seabird_dataset/beacon_debug/frame_197190.png
[beacon] Saved seabird_dataset/beacon_debug/frame_197220.png
[beacon] Saved seabird_dataset/beacon_debug/frame_197250.png
[beacon] Saved seabird_dataset/beacon_debug/frame_197280.png
[beacon] Saved seabird_dataset/beacon_debug/frame_197310.png
[beacon] Saved seabird_dataset/beacon_debug/frame_197340.png
[beacon] Saved seabird_dataset/beacon_debug/frame_197370.png
[beacon] Saved seabird_dataset/beacon_debug/frame_197400.png
[beacon] Saved seabird_dataset/beacon_debug/frame_197430.png
[beacon] Saved seabird_dataset/beacon_debug/frame_197460.png
[beacon] Saved seabird_dataset/beacon_debug/frame_197490.png
[beacon] Saved seabird_dataset/beacon_debug/frame_197520.png
[beacon] Saved seabird_dataset/beacon_debug/frame_197550.png
[beacon] Saved seabird_dataset/beacon_debug/frame_197580.png
[beacon] Saved seabird_dataset/beacon_debug/frame_197610.png
[beacon] Saved seabird_dataset/beacon_debug/frame_197640.png
[beacon] Saved seabird_dataset/beacon_debug/frame_197670.png
[beacon] Saved seabird_dataset/beacon_debug/frame_197700.png
[beacon] Saved seabird_dataset/beacon_debug/frame_197730.png
[beacon] Saved seabird_dataset/beacon_debug/frame_197760.png
[beacon] Saved seabird_dataset/beacon_debug/frame_197790.png
[beacon] Saved seabird_dataset/beacon_debug/frame_197820.png
[beacon] Saved seabird_dataset/beacon_debug/frame_197850.png
[beacon] Saved seabird_dataset/beacon_debug/frame_197880.png
[beacon] Saved seabird_dataset/beacon_debug/frame_197910.png
[beacon] Saved seabird_dataset/beacon_debug/frame_197940.png
[beacon] Saved seabird_dataset/beacon_debug/frame_197970.png
[beacon] Saved seabird_dataset/beacon_debug/frame_198000.png
[beacon] Saved seabird_dataset/beacon_debug/frame_198030.png
[beacon] Saved seabird_dataset/beacon_debug/frame_198060.png
[beacon] Saved seabird_dataset/beacon_debug/frame_198090.png
[beacon] Saved seabird_dataset/beacon_debug/frame_198120.png
[beacon] Saved seabird_dataset/beacon_debug/frame_198150.png
[beacon] Saved seabird_dataset/beacon_debug/frame_198180.png
[beacon] Saved seabird_dataset/beacon_debug/frame_198210.png
[beacon] Saved seabird_dataset/beacon_debug/frame_198240.png
[beacon] Saved seabird_dataset/beacon_debug/frame_198270.png
[beacon] Saved seabird_dataset/beacon_debug/frame_198300.png
[beacon] Saved seabird_dataset/beacon_debug/frame_198330.png
[beacon] Saved seabird_dataset/beacon_debug/frame_198360.png
[beacon] Saved seabird_dataset/beacon_debug/frame_198390.png
[beacon] Saved seabird_dataset/beacon_debug/frame_198420.png
[beacon] Saved seabird_dataset/beacon_debug/frame_198450.png
[beacon] Saved seabird_dataset/beacon_debug/frame_198480.png
[beacon] Saved seabird_dataset/beacon_debug/frame_198510.png
[beacon] Saved seabird_dataset/beacon_debug/frame_198540.png
[beacon] Saved seabird_dataset/beacon_debug/frame_198570.png
[beacon] Saved seabird_dataset/beacon_debug/frame_198600.png
[beacon] Saved seabird_dataset/beacon_debug/frame_198630.png
[beacon] Saved seabird_dataset/beacon_debug/frame_198660.png
[beacon] Saved seabird_dataset/beacon_debug/frame_198690.png
[beacon] Saved seabird_dataset/beacon_debug/frame_198720.png
[beacon] Saved seabird_dataset/beacon_debug/frame_198750.png
[beacon] Saved seabird_dataset/beacon_debug/frame_198780.png
[beacon] Saved seabird_dataset/beacon_debug/frame_198810.png
[beacon] Saved seabird_dataset/beacon_debug/frame_198840.png
[beacon] Saved seabird_dataset/beacon_debug/frame_198870.png
[beacon] Saved seabird_dataset/beacon_debug/frame_198900.png
[beacon] Saved seabird_dataset/beacon_debug/frame_198930.png
[beacon] Saved seabird_dataset/beacon_debug/frame_198960.png
[beacon] Saved seabird_dataset/beacon_debug/frame_198990.png
[beacon] Saved seabird_dataset/beacon_debug/frame_199020.png
[beacon] Saved seabird_dataset/beacon_debug/frame_199050.png
[beacon] Saved seabird_dataset/beacon_debug/frame_199080.png
[beacon] Saved seabird_dataset/beacon_debug/frame_199110.png
[beacon] Saved seabird_dataset/beacon_debug/frame_199140.png
[beacon] Saved seabird_dataset/beacon_debug/frame_199170.png
[beacon] Saved seabird_dataset/beacon_debug/frame_199200.png
[beacon] Saved seabird_dataset/beacon_debug/frame_199230.png
[beacon] Saved seabird_dataset/beacon_debug/frame_199260.png
[beacon] Saved seabird_dataset/beacon_debug/frame_199290.png
[beacon] Saved seabird_dataset/beacon_debug/frame_199320.png
[beacon] Saved seabird_dataset/beacon_debug/frame_199350.png
[beacon] Saved seabird_dataset/beacon_debug/frame_199380.png
[beacon] Saved seabird_dataset/beacon_debug/frame_199410.png
[beacon] Saved seabird_dataset/beacon_debug/frame_199440.png
[beacon] Saved seabird_dataset/beacon_debug/frame_199470.png
[beacon] Saved seabird_dataset/beacon_debug/frame_199500.png
[beacon] Saved seabird_dataset/beacon_debug/frame_199530.png
[beacon] Saved seabird_dataset/beacon_debug/frame_199560.png
[beacon] Saved seabird_dataset/beacon_debug/frame_199590.png
[beacon] Saved seabird_dataset/beacon_debug/frame_199620.png
[beacon] Saved seabird_dataset/beacon_debug/frame_199650.png
[beacon] Saved seabird_dataset/beacon_debug/frame_199680.png
[beacon] Saved seabird_dataset/beacon_debug/frame_199710.png
[beacon] Saved seabird_dataset/beacon_debug/frame_199740.png
[beacon] Saved seabird_dataset/beacon_debug/frame_199770.png
[beacon] Saved seabird_dataset/beacon_debug/frame_199800.png
[beacon] Saved seabird_dataset/beacon_debug/frame_199830.png
[beacon] Saved seabird_dataset/beacon_debug/frame_199860.png
[beacon] Saved seabird_dataset/beacon_debug/frame_199890.png
[beacon] Saved seabird_dataset/beacon_debug/frame_199920.png
[beacon] Saved seabird_dataset/beacon_debug/frame_199950.png
[beacon] Saved seabird_dataset/beacon_debug/frame_199980.png
[beacon] Saved seabird_dataset/beacon_debug/frame_200010.png
[beacon] Saved seabird_dataset/beacon_debug/frame_200040.png
[beacon] Saved seabird_dataset/beacon_debug/frame_200070.png
[beacon] Saved seabird_dataset/beacon_debug/frame_200100.png
[beacon] Saved seabird_dataset/beacon_debug/frame_200130.png
[beacon] Saved seabird_dataset/beacon_debug/frame_200160.png
[beacon] Saved seabird_dataset/beacon_debug/frame_200190.png
[beacon] Saved seabird_dataset/beacon_debug/frame_200220.png
[beacon] Saved seabird_dataset/beacon_debug/frame_200250.png
[beacon] Saved seabird_dataset/beacon_debug/frame_200280.png
[beacon] Saved seabird_dataset/beacon_debug/frame_200310.png
[beacon] Saved seabird_dataset/beacon_debug/frame_200340.png
[beacon] Saved seabird_dataset/beacon_debug/frame_200370.png
[beacon] Saved seabird_dataset/beacon_debug/frame_200400.png
[beacon] Saved seabird_dataset/beacon_debug/frame_200430.png
[beacon] Saved seabird_dataset/beacon_debug/frame_200460.png
[beacon] Saved seabird_dataset/beacon_debug/frame_200490.png
[beacon] Saved seabird_dataset/beacon_debug/frame_200520.png
[beacon] Saved seabird_dataset/beacon_debug/frame_200550.png
[beacon] Saved seabird_dataset/beacon_debug/frame_200580.png
[beacon] Saved seabird_dataset/beacon_debug/frame_200610.png
[beacon] Saved seabird_dataset/beacon_debug/frame_200640.png
[beacon] Saved seabird_dataset/beacon_debug/frame_200670.png
[beacon] Saved seabird_dataset/beacon_debug/frame_200700.png
[beacon] Saved seabird_dataset/beacon_debug/frame_200730.png
[beacon] Saved seabird_dataset/beacon_debug/frame_200760.png
[beacon] Saved seabird_dataset/beacon_debug/frame_200790.png
[beacon] Saved seabird_dataset/beacon_debug/frame_200820.png
[beacon] Saved seabird_dataset/beacon_debug/frame_200850.png
[beacon] Saved seabird_dataset/beacon_debug/frame_200880.png
[beacon] Saved seabird_dataset/beacon_debug/frame_200910.png
[beacon] Saved seabird_dataset/beacon_debug/frame_200940.png
[beacon] Saved seabird_dataset/beacon_debug/frame_200970.png
[beacon] Saved seabird_dataset/beacon_debug/frame_201000.png
[beacon] Saved seabird_dataset/beacon_debug/frame_201030.png
[beacon] Saved seabird_dataset/beacon_debug/frame_201060.png
[beacon] Saved seabird_dataset/beacon_debug/frame_201090.png
[beacon] Saved seabird_dataset/beacon_debug/frame_201120.png
[beacon] Saved seabird_dataset/beacon_debug/frame_201150.png
[beacon] Saved seabird_dataset/beacon_debug/frame_201180.png
[beacon] Saved seabird_dataset/beacon_debug/frame_201210.png
[beacon] Saved seabird_dataset/beacon_debug/frame_201240.png
[beacon] Saved seabird_dataset/beacon_debug/frame_201270.png
[beacon] Saved seabird_dataset/beacon_debug/frame_201300.png
[beacon] Saved seabird_dataset/beacon_debug/frame_201330.png
[beacon] Saved seabird_dataset/beacon_debug/frame_201360.png
[beacon] Saved seabird_dataset/beacon_debug/frame_201390.png
[beacon] Saved seabird_dataset/beacon_debug/frame_201420.png
[beacon] Saved seabird_dataset/beacon_debug/frame_201450.png
[beacon] Saved seabird_dataset/beacon_debug/frame_201480.png
[beacon] Saved seabird_dataset/beacon_debug/frame_201510.png
[beacon] Saved seabird_dataset/beacon_debug/frame_201540.png
[beacon] Saved seabird_dataset/beacon_debug/frame_201570.png
[beacon] Saved seabird_dataset/beacon_debug/frame_201600.png
[beacon] Saved seabird_dataset/beacon_debug/frame_201630.png
[beacon] Saved seabird_dataset/beacon_debug/frame_201660.png
[beacon] Saved seabird_dataset/beacon_debug/frame_201690.png
[beacon] Saved seabird_dataset/beacon_debug/frame_201720.png
[beacon] Saved seabird_dataset/beacon_debug/frame_201750.png
[beacon] Saved seabird_dataset/beacon_debug/frame_201780.png
[beacon] Saved seabird_dataset/beacon_debug/frame_201810.png
[beacon] Saved seabird_dataset/beacon_debug/frame_201840.png
[beacon] Saved seabird_dataset/beacon_debug/frame_201870.png
[beacon] Saved seabird_dataset/beacon_debug/frame_201900.png
[beacon] Saved seabird_dataset/beacon_debug/frame_201930.png
[beacon] Saved seabird_dataset/beacon_debug/frame_201960.png
[beacon] Saved seabird_dataset/beacon_debug/frame_201990.png
[beacon] Saved seabird_dataset/beacon_debug/frame_202020.png
[beacon] Saved seabird_dataset/beacon_debug/frame_202050.png
[beacon] Saved seabird_dataset/beacon_debug/frame_202080.png
[beacon] Saved seabird_dataset/beacon_debug/frame_202110.png
[beacon] Saved seabird_dataset/beacon_debug/frame_202140.png
[beacon] Saved seabird_dataset/beacon_debug/frame_202170.png
[beacon] Saved seabird_dataset/beacon_debug/frame_202200.png
[beacon] Saved seabird_dataset/beacon_debug/frame_202230.png
[beacon] Saved seabird_dataset/beacon_debug/frame_202260.png
[beacon] Saved seabird_dataset/beacon_debug/frame_202290.png
[beacon] Saved seabird_dataset/beacon_debug/frame_202320.png
[beacon] Saved seabird_dataset/beacon_debug/frame_202350.png
[beacon] Saved seabird_dataset/beacon_debug/frame_202380.png
[beacon] Saved seabird_dataset/beacon_debug/frame_202410.png
[beacon] Saved seabird_dataset/beacon_debug/frame_202440.png
[beacon] Saved seabird_dataset/beacon_debug/frame_202470.png
[beacon] Saved seabird_dataset/beacon_debug/frame_202500.png
[beacon] Saved seabird_dataset/beacon_debug/frame_202530.png
[beacon] Saved seabird_dataset/beacon_debug/frame_202560.png
[beacon] Saved seabird_dataset/beacon_debug/frame_202590.png
[beacon] Saved seabird_dataset/beacon_debug/frame_202620.png
[beacon] Saved seabird_dataset/beacon_debug/frame_202650.png
[beacon] Saved seabird_dataset/beacon_debug/frame_202680.png
[beacon] Saved seabird_dataset/beacon_debug/frame_202710.png
[beacon] Saved seabird_dataset/beacon_debug/frame_202740.png
[beacon] Saved seabird_dataset/beacon_debug/frame_202770.png
[beacon] Saved seabird_dataset/beacon_debug/frame_202800.png
[beacon] Saved seabird_dataset/beacon_debug/frame_202830.png
[beacon] Saved seabird_dataset/beacon_debug/frame_202860.png
[beacon] Saved seabird_dataset/beacon_debug/frame_202890.png
[beacon] Saved seabird_dataset/beacon_debug/frame_202920.png
[beacon] Saved seabird_dataset/beacon_debug/frame_202950.png
[beacon] Saved seabird_dataset/beacon_debug/frame_202980.png
[beacon] Saved seabird_dataset/beacon_debug/frame_203010.png
[beacon] Saved seabird_dataset/beacon_debug/frame_203040.png
[beacon] Saved seabird_dataset/beacon_debug/frame_203070.png
[beacon] Saved seabird_dataset/beacon_debug/frame_203100.png
[beacon] Saved seabird_dataset/beacon_debug/frame_203130.png
[beacon] Saved seabird_dataset/beacon_debug/frame_203160.png
[beacon] Saved seabird_dataset/beacon_debug/frame_203190.png
[beacon] Saved seabird_dataset/beacon_debug/frame_203220.png
[beacon] Saved seabird_dataset/beacon_debug/frame_203250.png
[beacon] Saved seabird_dataset/beacon_debug/frame_203280.png
[beacon] Saved seabird_dataset/beacon_debug/frame_203310.png
[beacon] Saved seabird_dataset/beacon_debug/frame_203340.png
[beacon] Saved seabird_dataset/beacon_debug/frame_203370.png
[beacon] Saved seabird_dataset/beacon_debug/frame_203400.png
[beacon] Saved seabird_dataset/beacon_debug/frame_203430.png
[beacon] Saved seabird_dataset/beacon_debug/frame_203460.png
[beacon] Saved seabird_dataset/beacon_debug/frame_203490.png
[beacon] Saved seabird_dataset/beacon_debug/frame_203520.png
[beacon] Saved seabird_dataset/beacon_debug/frame_203550.png
[beacon] Saved seabird_dataset/beacon_debug/frame_203580.png
[beacon] Saved seabird_dataset/beacon_debug/frame_203610.png
[beacon] Saved seabird_dataset/beacon_debug/frame_203640.png
[beacon] Saved seabird_dataset/beacon_debug/frame_203670.png
[beacon] Saved seabird_dataset/beacon_debug/frame_203700.png
[beacon] Saved seabird_dataset/beacon_debug/frame_203730.png
[beacon] Saved seabird_dataset/beacon_debug/frame_203760.png
[beacon] Saved seabird_dataset/beacon_debug/frame_203790.png
[beacon] Saved seabird_dataset/beacon_debug/frame_203820.png
[beacon] Saved seabird_dataset/beacon_debug/frame_203850.png
[beacon] Saved seabird_dataset/beacon_debug/frame_203880.png
[beacon] Saved seabird_dataset/beacon_debug/frame_203910.png
[beacon] Saved seabird_dataset/beacon_debug/frame_203940.png
[beacon] Saved seabird_dataset/beacon_debug/frame_203970.png
[beacon] Saved seabird_dataset/beacon_debug/frame_204000.png
[beacon] Saved seabird_dataset/beacon_debug/frame_204030.png
[beacon] Saved seabird_dataset/beacon_debug/frame_204060.png
[beacon] Saved seabird_dataset/beacon_debug/frame_204090.png
[beacon] Saved seabird_dataset/beacon_debug/frame_204120.png
[beacon] Saved seabird_dataset/beacon_debug/frame_204150.png
[beacon] Saved seabird_dataset/beacon_debug/frame_204180.png
[beacon] Saved seabird_dataset/beacon_debug/frame_204210.png
[beacon] Saved seabird_dataset/beacon_debug/frame_204240.png
[beacon] Saved seabird_dataset/beacon_debug/frame_204270.png
[beacon] Saved seabird_dataset/beacon_debug/frame_204300.png
[beacon] Saved seabird_dataset/beacon_debug/frame_204330.png
[beacon] Saved seabird_dataset/beacon_debug/frame_204360.png
[beacon] Saved seabird_dataset/beacon_debug/frame_204390.png
[beacon] Saved seabird_dataset/beacon_debug/frame_204420.png
[beacon] Saved seabird_dataset/beacon_debug/frame_204450.png
[beacon] Saved seabird_dataset/beacon_debug/frame_204480.png
[beacon] Saved seabird_dataset/beacon_debug/frame_204510.png
[beacon] Saved seabird_dataset/beacon_debug/frame_204540.png
[beacon] Saved seabird_dataset/beacon_debug/frame_204570.png
[beacon] Saved seabird_dataset/beacon_debug/frame_204600.png
[beacon] Saved seabird_dataset/beacon_debug/frame_204630.png
[beacon] Saved seabird_dataset/beacon_debug/frame_204660.png
[beacon] Saved seabird_dataset/beacon_debug/frame_204690.png
[beacon] Saved seabird_dataset/beacon_debug/frame_204720.png
[beacon] Saved seabird_dataset/beacon_debug/frame_204750.png
[beacon] Saved seabird_dataset/beacon_debug/frame_204780.png
[beacon] Saved seabird_dataset/beacon_debug/frame_204810.png
[beacon] Saved seabird_dataset/beacon_debug/frame_204840.png
[beacon] Saved seabird_dataset/beacon_debug/frame_204870.png
[beacon] Saved seabird_dataset/beacon_debug/frame_204900.png
[beacon] Saved seabird_dataset/beacon_debug/frame_204930.png
[beacon] Saved seabird_dataset/beacon_debug/frame_204960.png
[beacon] Saved seabird_dataset/beacon_debug/frame_204990.png
[beacon] Saved seabird_dataset/beacon_debug/frame_205020.png
[beacon] Saved seabird_dataset/beacon_debug/frame_205050.png
[beacon] Saved seabird_dataset/beacon_debug/frame_205080.png
[beacon] Saved seabird_dataset/beacon_debug/frame_205110.png
[beacon] Saved seabird_dataset/beacon_debug/frame_205140.png
[beacon] Saved seabird_dataset/beacon_debug/frame_205170.png
[beacon] Saved seabird_dataset/beacon_debug/frame_205200.png
[beacon] Saved seabird_dataset/beacon_debug/frame_205230.png
[beacon] Saved seabird_dataset/beacon_debug/frame_205260.png
[beacon] Saved seabird_dataset/beacon_debug/frame_205290.png
[beacon] Saved seabird_dataset/beacon_debug/frame_205320.png
[beacon] Saved seabird_dataset/beacon_debug/frame_205350.png
[beacon] Saved seabird_dataset/beacon_debug/frame_205380.png
[beacon] Saved seabird_dataset/beacon_debug/frame_205410.png
[beacon] Saved seabird_dataset/beacon_debug/frame_205440.png
[beacon] Saved seabird_dataset/beacon_debug/frame_205470.png
[beacon] Saved seabird_dataset/beacon_debug/frame_205500.png
[beacon] Saved seabird_dataset/beacon_debug/frame_205530.png
[beacon] Saved seabird_dataset/beacon_debug/frame_205560.png
[beacon] Saved seabird_dataset/beacon_debug/frame_205590.png
[beacon] Saved seabird_dataset/beacon_debug/frame_205620.png
[beacon] Saved seabird_dataset/beacon_debug/frame_205650.png
[beacon] Saved seabird_dataset/beacon_debug/frame_205680.png
[beacon] Saved seabird_dataset/beacon_debug/frame_205710.png
[beacon] Saved seabird_dataset/beacon_debug/frame_205740.png
[beacon] Saved seabird_dataset/beacon_debug/frame_205770.png
[beacon] Saved seabird_dataset/beacon_debug/frame_205800.png
[beacon] Saved seabird_dataset/beacon_debug/frame_205830.png
[beacon] Saved seabird_dataset/beacon_debug/frame_205860.png
[beacon] Saved seabird_dataset/beacon_debug/frame_205890.png
[beacon] Saved seabird_dataset/beacon_debug/frame_205920.png
[beacon] Saved seabird_dataset/beacon_debug/frame_205950.png
[beacon] Saved seabird_dataset/beacon_debug/frame_205980.png
[beacon] Saved seabird_dataset/beacon_debug/frame_206010.png
[beacon] Saved seabird_dataset/beacon_debug/frame_206040.png
[beacon] Saved seabird_dataset/beacon_debug/frame_206070.png
[beacon] Saved seabird_dataset/beacon_debug/frame_206100.png
[beacon] Saved seabird_dataset/beacon_debug/frame_206130.png
[beacon] Saved seabird_dataset/beacon_debug/frame_206160.png
[beacon] Saved seabird_dataset/beacon_debug/frame_206190.png
[beacon] Saved seabird_dataset/beacon_debug/frame_206220.png
[beacon] Saved seabird_dataset/beacon_debug/frame_206250.png
[beacon] Saved seabird_dataset/beacon_debug/frame_206280.png
[beacon] Saved seabird_dataset/beacon_debug/frame_206310.png
[beacon] Saved seabird_dataset/beacon_debug/frame_206340.png
[beacon] Saved seabird_dataset/beacon_debug/frame_206370.png
[beacon] Saved seabird_dataset/beacon_debug/frame_206400.png
[beacon] Saved seabird_dataset/beacon_debug/frame_206430.png
[beacon] Saved seabird_dataset/beacon_debug/frame_206460.png
[beacon] Saved seabird_dataset/beacon_debug/frame_206490.png
[beacon] Saved seabird_dataset/beacon_debug/frame_206520.png
[beacon] Saved seabird_dataset/beacon_debug/frame_206550.png
[beacon] Saved seabird_dataset/beacon_debug/frame_206580.png
[beacon] Saved seabird_dataset/beacon_debug/frame_206610.png
[beacon] Saved seabird_dataset/beacon_debug/frame_206640.png
[beacon] Saved seabird_dataset/beacon_debug/frame_206670.png
[beacon] Saved seabird_dataset/beacon_debug/frame_206700.png
[beacon] Saved seabird_dataset/beacon_debug/frame_206730.png
[beacon] Saved seabird_dataset/beacon_debug/frame_206760.png
[beacon] Saved seabird_dataset/beacon_debug/frame_206790.png
[beacon] Saved seabird_dataset/beacon_debug/frame_206820.png
[beacon] Saved seabird_dataset/beacon_debug/frame_206850.png
[beacon] Saved seabird_dataset/beacon_debug/frame_206880.png
[beacon] Saved seabird_dataset/beacon_debug/frame_206910.png
[beacon] Saved seabird_dataset/beacon_debug/frame_206940.png
[beacon] Saved seabird_dataset/beacon_debug/frame_206970.png
[beacon] Saved seabird_dataset/beacon_debug/frame_207000.png
[beacon] Saved seabird_dataset/beacon_debug/frame_207030.png
[beacon] Saved seabird_dataset/beacon_debug/frame_207060.png
[beacon] Saved seabird_dataset/beacon_debug/frame_207090.png
[beacon] Saved seabird_dataset/beacon_debug/frame_207120.png
[beacon] Saved seabird_dataset/beacon_debug/frame_207150.png
[beacon] Saved seabird_dataset/beacon_debug/frame_207180.png
[beacon] Saved seabird_dataset/beacon_debug/frame_207210.png
[beacon] Saved seabird_dataset/beacon_debug/frame_207240.png
[beacon] Saved seabird_dataset/beacon_debug/frame_207270.png
[beacon] Saved seabird_dataset/beacon_debug/frame_207300.png
[beacon] Saved seabird_dataset/beacon_debug/frame_207330.png
[beacon] Saved seabird_dataset/beacon_debug/frame_207360.png
[beacon] Saved seabird_dataset/beacon_debug/frame_207390.png
[beacon] Saved seabird_dataset/beacon_debug/frame_207420.png
[beacon] Saved seabird_dataset/beacon_debug/frame_207450.png
[beacon] Saved seabird_dataset/beacon_debug/frame_207480.png
[beacon] Saved seabird_dataset/beacon_debug/frame_207510.png
[beacon] Saved seabird_dataset/beacon_debug/frame_207540.png
[beacon] Saved seabird_dataset/beacon_debug/frame_207570.png
[beacon] Saved seabird_dataset/beacon_debug/frame_207600.png
[beacon] Saved seabird_dataset/beacon_debug/frame_207630.png
[beacon] Saved seabird_dataset/beacon_debug/frame_207660.png
[beacon] Saved seabird_dataset/beacon_debug/frame_207690.png
[beacon] Saved seabird_dataset/beacon_debug/frame_207720.png
[beacon] Saved seabird_dataset/beacon_debug/frame_207750.png
[beacon] Saved seabird_dataset/beacon_debug/frame_207780.png
[beacon] Saved seabird_dataset/beacon_debug/frame_207810.png
[beacon] Saved seabird_dataset/beacon_debug/frame_207840.png
[beacon] Saved seabird_dataset/beacon_debug/frame_207870.png
[beacon] Saved seabird_dataset/beacon_debug/frame_207900.png
[beacon] Saved seabird_dataset/beacon_debug/frame_207930.png
[beacon] Saved seabird_dataset/beacon_debug/frame_207960.png
[beacon] Saved seabird_dataset/beacon_debug/frame_207990.png
[beacon] Saved seabird_dataset/beacon_debug/frame_208020.png
[beacon] Saved seabird_dataset/beacon_debug/frame_208050.png
[beacon] Saved seabird_dataset/beacon_debug/frame_208080.png
[beacon] Saved seabird_dataset/beacon_debug/frame_208110.png
[beacon] Saved seabird_dataset/beacon_debug/frame_208140.png
[beacon] Saved seabird_dataset/beacon_debug/frame_208170.png
[beacon] Saved seabird_dataset/beacon_debug/frame_208200.png
[beacon] Saved seabird_dataset/beacon_debug/frame_208230.png
[beacon] Saved seabird_dataset/beacon_debug/frame_208260.png
[beacon] Saved seabird_dataset/beacon_debug/frame_208290.png
[beacon] Saved seabird_dataset/beacon_debug/frame_208320.png
[beacon] Saved seabird_dataset/beacon_debug/frame_208350.png
[beacon] Saved seabird_dataset/beacon_debug/frame_208380.png
[beacon] Saved seabird_dataset/beacon_debug/frame_208410.png
[beacon] Saved seabird_dataset/beacon_debug/frame_208440.png
[beacon] Saved seabird_dataset/beacon_debug/frame_208470.png
[beacon] Saved seabird_dataset/beacon_debug/frame_208500.png
[beacon] Saved seabird_dataset/beacon_debug/frame_208530.png
[beacon] Saved seabird_dataset/beacon_debug/frame_208560.png
[beacon] Saved seabird_dataset/beacon_debug/frame_208590.png
[beacon] Saved seabird_dataset/beacon_debug/frame_208620.png
[beacon] Saved seabird_dataset/beacon_debug/frame_208650.png
[beacon] Saved seabird_dataset/beacon_debug/frame_208680.png
[beacon] Saved seabird_dataset/beacon_debug/frame_208710.png
[beacon] Saved seabird_dataset/beacon_debug/frame_208740.png
[beacon] Saved seabird_dataset/beacon_debug/frame_208770.png
[beacon] Saved seabird_dataset/beacon_debug/frame_208800.png
[beacon] Saved seabird_dataset/beacon_debug/frame_208830.png
[beacon] Saved seabird_dataset/beacon_debug/frame_208860.png
[beacon] Saved seabird_dataset/beacon_debug/frame_208890.png
[beacon] Saved seabird_dataset/beacon_debug/frame_208920.png
[beacon] Saved seabird_dataset/beacon_debug/frame_208950.png
[beacon] Saved seabird_dataset/beacon_debug/frame_208980.png
[beacon] Saved seabird_dataset/beacon_debug/frame_209010.png
[beacon] Saved seabird_dataset/beacon_debug/frame_209040.png
[beacon] Saved seabird_dataset/beacon_debug/frame_209070.png
[beacon] Saved seabird_dataset/beacon_debug/frame_209100.png
[beacon] Saved seabird_dataset/beacon_debug/frame_209130.png
[beacon] Saved seabird_dataset/beacon_debug/frame_209160.png
[beacon] Saved seabird_dataset/beacon_debug/frame_209190.png
[beacon] Saved seabird_dataset/beacon_debug/frame_209220.png
[beacon] Saved seabird_dataset/beacon_debug/frame_209250.png
[beacon] Saved seabird_dataset/beacon_debug/frame_209280.png
[beacon] Saved seabird_dataset/beacon_debug/frame_209310.png
[beacon] Saved seabird_dataset/beacon_debug/frame_209340.png
[beacon] Saved seabird_dataset/beacon_debug/frame_209370.png
[beacon] Saved seabird_dataset/beacon_debug/frame_209400.png
[beacon] Saved seabird_dataset/beacon_debug/frame_209430.png
[beacon] Saved seabird_dataset/beacon_debug/frame_209460.png
[beacon] Saved seabird_dataset/beacon_debug/frame_209490.png
[beacon] Saved seabird_dataset/beacon_debug/frame_209520.png
[beacon] Saved seabird_dataset/beacon_debug/frame_209550.png
[beacon] Saved seabird_dataset/beacon_debug/frame_209580.png
[beacon] Saved seabird_dataset/beacon_debug/frame_209610.png
[beacon] Saved seabird_dataset/beacon_debug/frame_209640.png
[beacon] Saved seabird_dataset/beacon_debug/frame_209670.png
[beacon] Saved seabird_dataset/beacon_debug/frame_209700.png
[beacon] Saved seabird_dataset/beacon_debug/frame_209730.png
[beacon] Saved seabird_dataset/beacon_debug/frame_209760.png
[beacon] Saved seabird_dataset/beacon_debug/frame_209790.png
[beacon] Saved seabird_dataset/beacon_debug/frame_209820.png
[beacon] Saved seabird_dataset/beacon_debug/frame_209850.png
[beacon] Saved seabird_dataset/beacon_debug/frame_209880.png
[beacon] Saved seabird_dataset/beacon_debug/frame_209910.png
[beacon] Saved seabird_dataset/beacon_debug/frame_209940.png
[beacon] Saved seabird_dataset/beacon_debug/frame_209970.png
[beacon] Saved seabird_dataset/beacon_debug/frame_210000.png
[beacon] Saved seabird_dataset/beacon_debug/frame_210030.png
[beacon] Saved seabird_dataset/beacon_debug/frame_210060.png
[beacon] Saved seabird_dataset/beacon_debug/frame_210090.png
[beacon] Saved seabird_dataset/beacon_debug/frame_210120.png
[beacon] Saved seabird_dataset/beacon_debug/frame_210150.png
[beacon] Saved seabird_dataset/beacon_debug/frame_210180.png
[beacon] Saved seabird_dataset/beacon_debug/frame_210210.png
[beacon] Saved seabird_dataset/beacon_debug/frame_210240.png
[beacon] Saved seabird_dataset/beacon_debug/frame_210270.png
[beacon] Saved seabird_dataset/beacon_debug/frame_210300.png
[beacon] Saved seabird_dataset/beacon_debug/frame_210330.png
[beacon] Saved seabird_dataset/beacon_debug/frame_210360.png
[beacon] Saved seabird_dataset/beacon_debug/frame_210390.png
[beacon] Saved seabird_dataset/beacon_debug/frame_210420.png
[beacon] Saved seabird_dataset/beacon_debug/frame_210450.png
[beacon] Saved seabird_dataset/beacon_debug/frame_210480.png
[beacon] Saved seabird_dataset/beacon_debug/frame_210510.png
[beacon] Saved seabird_dataset/beacon_debug/frame_210540.png
[beacon] Saved seabird_dataset/beacon_debug/frame_210570.png
[beacon] Saved seabird_dataset/beacon_debug/frame_210600.png
[beacon] Saved seabird_dataset/beacon_debug/frame_210630.png
[beacon] Saved seabird_dataset/beacon_debug/frame_210660.png
[beacon] Saved seabird_dataset/beacon_debug/frame_210690.png
[beacon] Saved seabird_dataset/beacon_debug/frame_210720.png
[beacon] Saved seabird_dataset/beacon_debug/frame_210750.png
[beacon] Saved seabird_dataset/beacon_debug/frame_210780.png
[beacon] Saved seabird_dataset/beacon_debug/frame_210810.png
[beacon] Saved seabird_dataset/beacon_debug/frame_210840.png
[beacon] Saved seabird_dataset/beacon_debug/frame_210870.png
[beacon] Saved seabird_dataset/beacon_debug/frame_210900.png
[beacon] Saved seabird_dataset/beacon_debug/frame_210930.png
[beacon] Saved seabird_dataset/beacon_debug/frame_210960.png
[beacon] Saved seabird_dataset/beacon_debug/frame_210990.png
[beacon] Saved seabird_dataset/beacon_debug/frame_211020.png
[beacon] Saved seabird_dataset/beacon_debug/frame_211050.png
[beacon] Saved seabird_dataset/beacon_debug/frame_211080.png
[beacon] Saved seabird_dataset/beacon_debug/frame_211110.png
[beacon] Saved seabird_dataset/beacon_debug/frame_211140.png
[beacon] Saved seabird_dataset/beacon_debug/frame_211170.png
[beacon] Saved seabird_dataset/beacon_debug/frame_211200.png
[beacon] Saved seabird_dataset/beacon_debug/frame_211230.png
[beacon] Saved seabird_dataset/beacon_debug/frame_211260.png
[beacon] Saved seabird_dataset/beacon_debug/frame_211290.png
[beacon] Saved seabird_dataset/beacon_debug/frame_211320.png
[beacon] Saved seabird_dataset/beacon_debug/frame_211350.png
[beacon] Saved seabird_dataset/beacon_debug/frame_211380.png
[beacon] Saved seabird_dataset/beacon_debug/frame_211410.png
[beacon] Saved seabird_dataset/beacon_debug/frame_211440.png
[beacon] Saved seabird_dataset/beacon_debug/frame_211470.png
[beacon] Saved seabird_dataset/beacon_debug/frame_211500.png
[beacon] Saved seabird_dataset/beacon_debug/frame_211530.png
[beacon] Saved seabird_dataset/beacon_debug/frame_211560.png
[beacon] Saved seabird_dataset/beacon_debug/frame_211590.png
[beacon] Saved seabird_dataset/beacon_debug/frame_211620.png
[beacon] Saved seabird_dataset/beacon_debug/frame_211650.png
[beacon] Saved seabird_dataset/beacon_debug/frame_211680.png
[beacon] Saved seabird_dataset/beacon_debug/frame_211710.png
[beacon] Saved seabird_dataset/beacon_debug/frame_211740.png
[beacon] Saved seabird_dataset/beacon_debug/frame_211770.png
[beacon] Saved seabird_dataset/beacon_debug/frame_211800.png
[beacon] Saved seabird_dataset/beacon_debug/frame_211830.png
[beacon] Saved seabird_dataset/beacon_debug/frame_211860.png
[beacon] Saved seabird_dataset/beacon_debug/frame_211890.png
[beacon] Saved seabird_dataset/beacon_debug/frame_211920.png
[beacon] Saved seabird_dataset/beacon_debug/frame_211950.png
[beacon] Saved seabird_dataset/beacon_debug/frame_211980.png
[beacon] Saved seabird_dataset/beacon_debug/frame_212010.png
[beacon] Saved seabird_dataset/beacon_debug/frame_212040.png
[beacon] Saved seabird_dataset/beacon_debug/frame_212070.png
[beacon] Saved seabird_dataset/beacon_debug/frame_212100.png
[beacon] Saved seabird_dataset/beacon_debug/frame_212130.png
[beacon] Saved seabird_dataset/beacon_debug/frame_212160.png
[beacon] Saved seabird_dataset/beacon_debug/frame_212190.png
[beacon] Saved seabird_dataset/beacon_debug/frame_212220.png
[beacon] Saved seabird_dataset/beacon_debug/frame_212250.png
[beacon] Saved seabird_dataset/beacon_debug/frame_212280.png
[beacon] Saved seabird_dataset/beacon_debug/frame_212310.png
[beacon] Saved seabird_dataset/beacon_debug/frame_212340.png
[beacon] Saved seabird_dataset/beacon_debug/frame_212370.png
[beacon] Saved seabird_dataset/beacon_debug/frame_212400.png
[beacon] Saved seabird_dataset/beacon_debug/frame_212430.png
[beacon] Saved seabird_dataset/beacon_debug/frame_212460.png
[beacon] Saved seabird_dataset/beacon_debug/frame_212490.png
[beacon] Saved seabird_dataset/beacon_debug/frame_212520.png
[beacon] Saved seabird_dataset/beacon_debug/frame_212550.png
[beacon] Saved seabird_dataset/beacon_debug/frame_212580.png
[beacon] Saved seabird_dataset/beacon_debug/frame_212610.png
[beacon] Saved seabird_dataset/beacon_debug/frame_212640.png
[beacon] Saved seabird_dataset/beacon_debug/frame_212670.png
[beacon] Saved seabird_dataset/beacon_debug/frame_212700.png
[beacon] Saved seabird_dataset/beacon_debug/frame_212730.png
[beacon] Saved seabird_dataset/beacon_debug/frame_212760.png
[beacon] Saved seabird_dataset/beacon_debug/frame_212790.png
[beacon] Saved seabird_dataset/beacon_debug/frame_212820.png
[beacon] Saved seabird_dataset/beacon_debug/frame_212850.png
[beacon] Saved seabird_dataset/beacon_debug/frame_212880.png
[beacon] Saved seabird_dataset/beacon_debug/frame_212910.png
[beacon] Saved seabird_dataset/beacon_debug/frame_212940.png
[beacon] Saved seabird_dataset/beacon_debug/frame_212970.png
[beacon] Saved seabird_dataset/beacon_debug/frame_213000.png
[beacon] Saved seabird_dataset/beacon_debug/frame_213030.png
[beacon] Saved seabird_dataset/beacon_debug/frame_213060.png
[beacon] Saved seabird_dataset/beacon_debug/frame_213090.png
[beacon] Saved seabird_dataset/beacon_debug/frame_213120.png
[beacon] Saved seabird_dataset/beacon_debug/frame_213150.png
[beacon] Saved seabird_dataset/beacon_debug/frame_213180.png
[beacon] Saved seabird_dataset/beacon_debug/frame_213210.png
[beacon] Saved seabird_dataset/beacon_debug/frame_213240.png
[beacon] Saved seabird_dataset/beacon_debug/frame_213270.png
[beacon] Saved seabird_dataset/beacon_debug/frame_213300.png
[beacon] Saved seabird_dataset/beacon_debug/frame_213330.png
[beacon] Saved seabird_dataset/beacon_debug/frame_213360.png
[beacon] Saved seabird_dataset/beacon_debug/frame_213390.png
[beacon] Saved seabird_dataset/beacon_debug/frame_213420.png
[beacon] Saved seabird_dataset/beacon_debug/frame_213450.png
[beacon] Saved seabird_dataset/beacon_debug/frame_213480.png
[beacon] Saved seabird_dataset/beacon_debug/frame_213510.png
[beacon] Saved seabird_dataset/beacon_debug/frame_213540.png
[beacon] Saved seabird_dataset/beacon_debug/frame_213570.png
[beacon] Saved seabird_dataset/beacon_debug/frame_213600.png
[beacon] Saved seabird_dataset/beacon_debug/frame_213630.png
[beacon] Saved seabird_dataset/beacon_debug/frame_213660.png
[beacon] Saved seabird_dataset/beacon_debug/frame_213690.png
[beacon] Saved seabird_dataset/beacon_debug/frame_213720.png
[beacon] Saved seabird_dataset/beacon_debug/frame_213750.png
[beacon] Saved seabird_dataset/beacon_debug/frame_213780.png
[beacon] Saved seabird_dataset/beacon_debug/frame_213810.png
[beacon] Saved seabird_dataset/beacon_debug/frame_213840.png
[beacon] Saved seabird_dataset/beacon_debug/frame_213870.png
[beacon] Saved seabird_dataset/beacon_debug/frame_213900.png
[beacon] Saved seabird_dataset/beacon_debug/frame_213930.png
[beacon] Saved seabird_dataset/beacon_debug/frame_213960.png
[beacon] Saved seabird_dataset/beacon_debug/frame_213990.png
[beacon] Saved seabird_dataset/beacon_debug/frame_214020.png
[beacon] Saved seabird_dataset/beacon_debug/frame_214050.png
[beacon] Saved seabird_dataset/beacon_debug/frame_214080.png
[beacon] Saved seabird_dataset/beacon_debug/frame_214110.png
[beacon] Saved seabird_dataset/beacon_debug/frame_214140.png
[beacon] Saved seabird_dataset/beacon_debug/frame_214170.png
[beacon] Saved seabird_dataset/beacon_debug/frame_214200.png
[beacon] Saved seabird_dataset/beacon_debug/frame_214230.png
[beacon] Saved seabird_dataset/beacon_debug/frame_214260.png
[beacon] Saved seabird_dataset/beacon_debug/frame_214290.png
[beacon] Saved seabird_dataset/beacon_debug/frame_214320.png
[beacon] Saved seabird_dataset/beacon_debug/frame_214350.png
[beacon] Saved seabird_dataset/beacon_debug/frame_214380.png
[beacon] Saved seabird_dataset/beacon_debug/frame_214410.png
[beacon] Saved seabird_dataset/beacon_debug/frame_214440.png
[beacon] Saved seabird_dataset/beacon_debug/frame_214470.png
[beacon] Saved seabird_dataset/beacon_debug/frame_214500.png
[beacon] Saved seabird_dataset/beacon_debug/frame_214530.png
[beacon] Saved seabird_dataset/beacon_debug/frame_214560.png
[beacon] Saved seabird_dataset/beacon_debug/frame_214590.png
[beacon] Saved seabird_dataset/beacon_debug/frame_214620.png
[beacon] Saved seabird_dataset/beacon_debug/frame_214650.png
[beacon] Saved seabird_dataset/beacon_debug/frame_214680.png
[beacon] Saved seabird_dataset/beacon_debug/frame_214710.png
[beacon] Saved seabird_dataset/beacon_debug/frame_214740.png
[beacon] Saved seabird_dataset/beacon_debug/frame_214770.png
[beacon] Saved seabird_dataset/beacon_debug/frame_214800.png
[beacon] Saved seabird_dataset/beacon_debug/frame_214830.png
[beacon] Saved seabird_dataset/beacon_debug/frame_214860.png
[beacon] Saved seabird_dataset/beacon_debug/frame_214890.png
[beacon] Saved seabird_dataset/beacon_debug/frame_214920.png
[beacon] Saved seabird_dataset/beacon_debug/frame_214950.png
[beacon] Saved seabird_dataset/beacon_debug/frame_214980.png
[beacon] Saved seabird_dataset/beacon_debug/frame_215010.png
[beacon] Saved seabird_dataset/beacon_debug/frame_215040.png
[beacon] Saved seabird_dataset/beacon_debug/frame_215070.png
[beacon] Saved seabird_dataset/beacon_debug/frame_215100.png
[beacon] Saved seabird_dataset/beacon_debug/frame_215130.png
[beacon] Saved seabird_dataset/beacon_debug/frame_215160.png
[beacon] Saved seabird_dataset/beacon_debug/frame_215190.png
[beacon] Saved seabird_dataset/beacon_debug/frame_215220.png
[beacon] Saved seabird_dataset/beacon_debug/frame_215250.png
[beacon] Saved seabird_dataset/beacon_debug/frame_215280.png
[beacon] Saved seabird_dataset/beacon_debug/frame_215310.png
[beacon] Saved seabird_dataset/beacon_debug/frame_215340.png
[beacon] Saved seabird_dataset/beacon_debug/frame_215370.png
[beacon] Saved seabird_dataset/beacon_debug/frame_215400.png
[beacon] Saved seabird_dataset/beacon_debug/frame_215430.png
[beacon] Saved seabird_dataset/beacon_debug/frame_215460.png
[beacon] Saved seabird_dataset/beacon_debug/frame_215490.png
[beacon] Saved seabird_dataset/beacon_debug/frame_215520.png
[beacon] Saved seabird_dataset/beacon_debug/frame_215550.png
[beacon] Saved seabird_dataset/beacon_debug/frame_215580.png
[beacon] Saved seabird_dataset/beacon_debug/frame_215610.png
[beacon] Saved seabird_dataset/beacon_debug/frame_215640.png
[beacon] Saved seabird_dataset/beacon_debug/frame_215670.png
[beacon] Saved seabird_dataset/beacon_debug/frame_215700.png
[beacon] Saved seabird_dataset/beacon_debug/frame_215730.png
[beacon] Saved seabird_dataset/beacon_debug/frame_215760.png
[beacon] Saved seabird_dataset/beacon_debug/frame_215790.png
[beacon] Saved seabird_dataset/beacon_debug/frame_215820.png
[beacon] Saved seabird_dataset/beacon_debug/frame_215850.png
[beacon] Saved seabird_dataset/beacon_debug/frame_215880.png
[beacon] Saved seabird_dataset/beacon_debug/frame_215910.png
[beacon] Saved seabird_dataset/beacon_debug/frame_215940.png
[beacon] Saved seabird_dataset/beacon_debug/frame_215970.png
[beacon] Saved seabird_dataset/beacon_debug/frame_216000.png
[beacon] Saved seabird_dataset/beacon_debug/frame_216030.png
[beacon] Saved seabird_dataset/beacon_debug/frame_216060.png
[beacon] Saved seabird_dataset/beacon_debug/frame_216090.png
[beacon] Saved seabird_dataset/beacon_debug/frame_216120.png
[beacon] Saved seabird_dataset/beacon_debug/frame_216150.png
[beacon] Saved seabird_dataset/beacon_debug/frame_216180.png
[beacon] Saved seabird_dataset/beacon_debug/frame_216210.png
[beacon] Saved seabird_dataset/beacon_debug/frame_216240.png
[beacon] Saved seabird_dataset/beacon_debug/frame_216270.png
[beacon] Saved seabird_dataset/beacon_debug/frame_216300.png
[beacon] Saved seabird_dataset/beacon_debug/frame_216330.png
[beacon] Saved seabird_dataset/beacon_debug/frame_216360.png
[beacon] Saved seabird_dataset/beacon_debug/frame_216390.png
[beacon] Saved seabird_dataset/beacon_debug/frame_216420.png
[beacon] Saved seabird_dataset/beacon_debug/frame_216450.png
[beacon] Saved seabird_dataset/beacon_debug/frame_216480.png
[beacon] Saved seabird_dataset/beacon_debug/frame_216510.png
[beacon] Saved seabird_dataset/beacon_debug/frame_216540.png
[beacon] Saved seabird_dataset/beacon_debug/frame_216570.png
[beacon] Saved seabird_dataset/beacon_debug/frame_216600.png
[beacon] Saved seabird_dataset/beacon_debug/frame_216630.png
[beacon] Saved seabird_dataset/beacon_debug/frame_216660.png
[beacon] Saved seabird_dataset/beacon_debug/frame_216690.png
[beacon] Saved seabird_dataset/beacon_debug/frame_216720.png
[beacon] Saved seabird_dataset/beacon_debug/frame_216750.png
[beacon] Saved seabird_dataset/beacon_debug/frame_216780.png
[beacon] Saved seabird_dataset/beacon_debug/frame_216810.png
[beacon] Saved seabird_dataset/beacon_debug/frame_216840.png
[beacon] Saved seabird_dataset/beacon_debug/frame_216870.png
[beacon] Saved seabird_dataset/beacon_debug/frame_216900.png
[beacon] Saved seabird_dataset/beacon_debug/frame_216930.png
[beacon] Saved seabird_dataset/beacon_debug/frame_216960.png
[beacon] Saved seabird_dataset/beacon_debug/frame_216990.png
[beacon] Saved seabird_dataset/beacon_debug/frame_217020.png
[beacon] Saved seabird_dataset/beacon_debug/frame_217050.png
[beacon] Saved seabird_dataset/beacon_debug/frame_217080.png
[beacon] Saved seabird_dataset/beacon_debug/frame_217110.png
[beacon] Saved seabird_dataset/beacon_debug/frame_217140.png
[beacon] Saved seabird_dataset/beacon_debug/frame_217170.png
[beacon] Saved seabird_dataset/beacon_debug/frame_217200.png
[beacon] Saved seabird_dataset/beacon_debug/frame_217230.png
[beacon] Saved seabird_dataset/beacon_debug/frame_217260.png
[beacon] Saved seabird_dataset/beacon_debug/frame_217290.png
[beacon] Saved seabird_dataset/beacon_debug/frame_217320.png
[beacon] Saved seabird_dataset/beacon_debug/frame_217350.png
[beacon] Saved seabird_dataset/beacon_debug/frame_217380.png
[beacon] Saved seabird_dataset/beacon_debug/frame_217410.png
[beacon] Saved seabird_dataset/beacon_debug/frame_217440.png
[beacon] Saved seabird_dataset/beacon_debug/frame_217470.png
[beacon] Saved seabird_dataset/beacon_debug/frame_217500.png
[beacon] Saved seabird_dataset/beacon_debug/frame_217530.png
[beacon] Saved seabird_dataset/beacon_debug/frame_217560.png
[beacon] Saved seabird_dataset/beacon_debug/frame_217590.png
[beacon] Saved seabird_dataset/beacon_debug/frame_217620.png
[beacon] Saved seabird_dataset/beacon_debug/frame_217650.png
[beacon] Saved seabird_dataset/beacon_debug/frame_217680.png
[beacon] Saved seabird_dataset/beacon_debug/frame_217710.png
[beacon] Saved seabird_dataset/beacon_debug/frame_217740.png
[beacon] Saved seabird_dataset/beacon_debug/frame_217770.png
[beacon] Saved seabird_dataset/beacon_debug/frame_217800.png
[beacon] Saved seabird_dataset/beacon_debug/frame_217830.png
[beacon] Saved seabird_dataset/beacon_debug/frame_217860.png
[beacon] Saved seabird_dataset/beacon_debug/frame_217890.png
[beacon] Saved seabird_dataset/beacon_debug/frame_217920.png
[beacon] Saved seabird_dataset/beacon_debug/frame_217950.png
[beacon] Saved seabird_dataset/beacon_debug/frame_217980.png
[beacon] Saved seabird_dataset/beacon_debug/frame_218010.png
[beacon] Saved seabird_dataset/beacon_debug/frame_218040.png
[beacon] Saved seabird_dataset/beacon_debug/frame_218070.png
[beacon] Saved seabird_dataset/beacon_debug/frame_218100.png
[beacon] Saved seabird_dataset/beacon_debug/frame_218130.png
[beacon] Saved seabird_dataset/beacon_debug/frame_218160.png
[beacon] Saved seabird_dataset/beacon_debug/frame_218190.png
[beacon] Saved seabird_dataset/beacon_debug/frame_218220.png
[beacon] Saved seabird_dataset/beacon_debug/frame_218250.png
[beacon] Saved seabird_dataset/beacon_debug/frame_218280.png
[beacon] Saved seabird_dataset/beacon_debug/frame_218310.png
[beacon] Saved seabird_dataset/beacon_debug/frame_218340.png
[beacon] Saved seabird_dataset/beacon_debug/frame_218370.png
[beacon] Saved seabird_dataset/beacon_debug/frame_218400.png
[beacon] Saved seabird_dataset/beacon_debug/frame_218430.png
[beacon] Saved seabird_dataset/beacon_debug/frame_218460.png
[beacon] Saved seabird_dataset/beacon_debug/frame_218490.png
[beacon] Saved seabird_dataset/beacon_debug/frame_218520.png
[beacon] Saved seabird_dataset/beacon_debug/frame_218550.png
[beacon] Saved seabird_dataset/beacon_debug/frame_218580.png
[beacon] Saved seabird_dataset/beacon_debug/frame_218610.png
[beacon] Saved seabird_dataset/beacon_debug/frame_218640.png
[beacon] Saved seabird_dataset/beacon_debug/frame_218670.png
[beacon] Saved seabird_dataset/beacon_debug/frame_218700.png
[beacon] Saved seabird_dataset/beacon_debug/frame_218730.png
[beacon] Saved seabird_dataset/beacon_debug/frame_218760.png
[beacon] Saved seabird_dataset/beacon_debug/frame_218790.png
[beacon] Saved seabird_dataset/beacon_debug/frame_218820.png
[beacon] Saved seabird_dataset/beacon_debug/frame_218850.png
[beacon] Saved seabird_dataset/beacon_debug/frame_218880.png
[beacon] Saved seabird_dataset/beacon_debug/frame_218910.png
[beacon] Saved seabird_dataset/beacon_debug/frame_218940.png
[beacon] Saved seabird_dataset/beacon_debug/frame_218970.png
[beacon] Saved seabird_dataset/beacon_debug/frame_219000.png
[beacon] Saved seabird_dataset/beacon_debug/frame_219030.png
[beacon] Saved seabird_dataset/beacon_debug/frame_219060.png
[beacon] Saved seabird_dataset/beacon_debug/frame_219090.png
[beacon] Saved seabird_dataset/beacon_debug/frame_219120.png
[beacon] Saved seabird_dataset/beacon_debug/frame_219150.png
[beacon] Saved seabird_dataset/beacon_debug/frame_219180.png
[beacon] Saved seabird_dataset/beacon_debug/frame_219210.png
[beacon] Saved seabird_dataset/beacon_debug/frame_219240.png
[beacon] Saved seabird_dataset/beacon_debug/frame_219270.png
[beacon] Saved seabird_dataset/beacon_debug/frame_219300.png
[beacon] Saved seabird_dataset/beacon_debug/frame_219330.png
[beacon] Saved seabird_dataset/beacon_debug/frame_219360.png
[beacon] Saved seabird_dataset/beacon_debug/frame_219390.png
[beacon] Saved seabird_dataset/beacon_debug/frame_219420.png
[beacon] Saved seabird_dataset/beacon_debug/frame_219450.png
[beacon] Saved seabird_dataset/beacon_debug/frame_219480.png
[beacon] Saved seabird_dataset/beacon_debug/frame_219510.png
[beacon] Saved seabird_dataset/beacon_debug/frame_219540.png
[beacon] Saved seabird_dataset/beacon_debug/frame_219570.png
[beacon] Saved seabird_dataset/beacon_debug/frame_219600.png
[beacon] Saved seabird_dataset/beacon_debug/frame_219630.png
[beacon] Saved seabird_dataset/beacon_debug/frame_219660.png
[beacon] Saved seabird_dataset/beacon_debug/frame_219690.png
[beacon] Saved seabird_dataset/beacon_debug/frame_219720.png
[beacon] Saved seabird_dataset/beacon_debug/frame_219750.png
[beacon] Saved seabird_dataset/beacon_debug/frame_219780.png
[beacon] Saved seabird_dataset/beacon_debug/frame_219810.png
[beacon] Saved seabird_dataset/beacon_debug/frame_219840.png
[beacon] Saved seabird_dataset/beacon_debug/frame_219870.png
[beacon] Saved seabird_dataset/beacon_debug/frame_219900.png
[beacon] Saved seabird_dataset/beacon_debug/frame_219930.png
[beacon] Saved seabird_dataset/beacon_debug/frame_219960.png
[beacon] Saved seabird_dataset/beacon_debug/frame_219990.png
[beacon] Saved seabird_dataset/beacon_debug/frame_220020.png
[beacon] Saved seabird_dataset/beacon_debug/frame_220050.png
[beacon] Saved seabird_dataset/beacon_debug/frame_220080.png
[beacon] Saved seabird_dataset/beacon_debug/frame_220110.png
[beacon] Saved seabird_dataset/beacon_debug/frame_220140.png
[beacon] Saved seabird_dataset/beacon_debug/frame_220170.png
[beacon] Saved seabird_dataset/beacon_debug/frame_220200.png
[beacon] Saved seabird_dataset/beacon_debug/frame_220230.png
[beacon] Saved seabird_dataset/beacon_debug/frame_220260.png
[beacon] Saved seabird_dataset/beacon_debug/frame_220290.png
[beacon] Saved seabird_dataset/beacon_debug/frame_220320.png
[beacon] Saved seabird_dataset/beacon_debug/frame_220350.png
[beacon] Saved seabird_dataset/beacon_debug/frame_220380.png
[beacon] Saved seabird_dataset/beacon_debug/frame_220410.png
[beacon] Saved seabird_dataset/beacon_debug/frame_220440.png
[beacon] Saved seabird_dataset/beacon_debug/frame_220470.png
[beacon] Saved seabird_dataset/beacon_debug/frame_220500.png
[beacon] Saved seabird_dataset/beacon_debug/frame_220530.png
[beacon] Saved seabird_dataset/beacon_debug/frame_220560.png
[beacon] Saved seabird_dataset/beacon_debug/frame_220590.png
[beacon] Saved seabird_dataset/beacon_debug/frame_220620.png
[beacon] Saved seabird_dataset/beacon_debug/frame_220650.png
[beacon] Saved seabird_dataset/beacon_debug/frame_220680.png
[beacon] Saved seabird_dataset/beacon_debug/frame_220710.png
[beacon] Saved seabird_dataset/beacon_debug/frame_220740.png
[beacon] Saved seabird_dataset/beacon_debug/frame_220770.png
[beacon] Saved seabird_dataset/beacon_debug/frame_220800.png
[beacon] Saved seabird_dataset/beacon_debug/frame_220830.png
[beacon] Saved seabird_dataset/beacon_debug/frame_220860.png
[beacon] Saved seabird_dataset/beacon_debug/frame_220890.png
[beacon] Saved seabird_dataset/beacon_debug/frame_220920.png
[beacon] Saved seabird_dataset/beacon_debug/frame_220950.png
[beacon] Saved seabird_dataset/beacon_debug/frame_220980.png
[beacon] Saved seabird_dataset/beacon_debug/frame_221010.png
[beacon] Saved seabird_dataset/beacon_debug/frame_221040.png
[beacon] Saved seabird_dataset/beacon_debug/frame_221070.png
[beacon] Saved seabird_dataset/beacon_debug/frame_221100.png
[beacon] Saved seabird_dataset/beacon_debug/frame_221130.png
[beacon] Saved seabird_dataset/beacon_debug/frame_221160.png
[beacon] Saved seabird_dataset/beacon_debug/frame_221190.png
[beacon] Saved seabird_dataset/beacon_debug/frame_221220.png
[beacon] Saved seabird_dataset/beacon_debug/frame_221250.png
[beacon] Saved seabird_dataset/beacon_debug/frame_221280.png
[beacon] Saved seabird_dataset/beacon_debug/frame_221310.png
[beacon] Saved seabird_dataset/beacon_debug/frame_221340.png
[beacon] Saved seabird_dataset/beacon_debug/frame_221370.png
[beacon] Saved seabird_dataset/beacon_debug/frame_221400.png
[beacon] Saved seabird_dataset/beacon_debug/frame_221430.png
[beacon] Saved seabird_dataset/beacon_debug/frame_221460.png
[beacon] Saved seabird_dataset/beacon_debug/frame_221490.png
[beacon] Saved seabird_dataset/beacon_debug/frame_221520.png
[beacon] Saved seabird_dataset/beacon_debug/frame_221550.png
[beacon] Saved seabird_dataset/beacon_debug/frame_221580.png
[beacon] Saved seabird_dataset/beacon_debug/frame_221610.png
[beacon] Saved seabird_dataset/beacon_debug/frame_221640.png
[beacon] Saved seabird_dataset/beacon_debug/frame_221670.png
[beacon] Saved seabird_dataset/beacon_debug/frame_221700.png
[beacon] Saved seabird_dataset/beacon_debug/frame_221730.png
[beacon] Saved seabird_dataset/beacon_debug/frame_221760.png
[beacon] Saved seabird_dataset/beacon_debug/frame_221790.png
[beacon] Saved seabird_dataset/beacon_debug/frame_221820.png
[beacon] Saved seabird_dataset/beacon_debug/frame_221850.png
[beacon] Saved seabird_dataset/beacon_debug/frame_221880.png
[beacon] Saved seabird_dataset/beacon_debug/frame_221910.png
[beacon] Saved seabird_dataset/beacon_debug/frame_221940.png
[beacon] Saved seabird_dataset/beacon_debug/frame_221970.png
[beacon] Saved seabird_dataset/beacon_debug/frame_222000.png
[beacon] Saved seabird_dataset/beacon_debug/frame_222030.png
[beacon] Saved seabird_dataset/beacon_debug/frame_222060.png
[beacon] Saved seabird_dataset/beacon_debug/frame_222090.png
[beacon] Saved seabird_dataset/beacon_debug/frame_222120.png
[beacon] Saved seabird_dataset/beacon_debug/frame_222150.png
[beacon] Saved seabird_dataset/beacon_debug/frame_222180.png
[beacon] Saved seabird_dataset/beacon_debug/frame_222210.png
[beacon] Saved seabird_dataset/beacon_debug/frame_222240.png
[beacon] Saved seabird_dataset/beacon_debug/frame_222270.png
[beacon] Saved seabird_dataset/beacon_debug/frame_222300.png
[beacon] Saved seabird_dataset/beacon_debug/frame_222330.png
[beacon] Saved seabird_dataset/beacon_debug/frame_222360.png
[beacon] Saved seabird_dataset/beacon_debug/frame_222390.png
[beacon] Saved seabird_dataset/beacon_debug/frame_222420.png
[beacon] Saved seabird_dataset/beacon_debug/frame_222450.png
[beacon] Saved seabird_dataset/beacon_debug/frame_222480.png
[beacon] Saved seabird_dataset/beacon_debug/frame_222510.png
[beacon] Saved seabird_dataset/beacon_debug/frame_222540.png
[beacon] Saved seabird_dataset/beacon_debug/frame_222570.png
[beacon] Saved seabird_dataset/beacon_debug/frame_222600.png
[beacon] Saved seabird_dataset/beacon_debug/frame_222630.png
[beacon] Saved seabird_dataset/beacon_debug/frame_222660.png
[beacon] Saved seabird_dataset/beacon_debug/frame_222690.png
[beacon] Saved seabird_dataset/beacon_debug/frame_222720.png
[beacon] Saved seabird_dataset/beacon_debug/frame_222750.png
[beacon] Saved seabird_dataset/beacon_debug/frame_222780.png
[beacon] Saved seabird_dataset/beacon_debug/frame_222810.png
[beacon] Saved seabird_dataset/beacon_debug/frame_222840.png
[beacon] Saved seabird_dataset/beacon_debug/frame_222870.png
[beacon] Saved seabird_dataset/beacon_debug/frame_222900.png
[beacon] Saved seabird_dataset/beacon_debug/frame_222930.png
[beacon] Saved seabird_dataset/beacon_debug/frame_222960.png
[beacon] Saved seabird_dataset/beacon_debug/frame_222990.png
[beacon] Saved seabird_dataset/beacon_debug/frame_223020.png
[beacon] Saved seabird_dataset/beacon_debug/frame_223050.png
[beacon] Saved seabird_dataset/beacon_debug/frame_223080.png
[beacon] Saved seabird_dataset/beacon_debug/frame_223110.png
[beacon] Saved seabird_dataset/beacon_debug/frame_223140.png
[beacon] Saved seabird_dataset/beacon_debug/frame_223170.png
[beacon] Saved seabird_dataset/beacon_debug/frame_223200.png
[beacon] Saved seabird_dataset/beacon_debug/frame_223230.png
[beacon] Saved seabird_dataset/beacon_debug/frame_223260.png
[beacon] Saved seabird_dataset/beacon_debug/frame_223290.png
[beacon] Saved seabird_dataset/beacon_debug/frame_223320.png
[beacon] Saved seabird_dataset/beacon_debug/frame_223350.png
[beacon] Saved seabird_dataset/beacon_debug/frame_223380.png
[beacon] Saved seabird_dataset/beacon_debug/frame_223410.png
[beacon] Saved seabird_dataset/beacon_debug/frame_223440.png
[beacon] Saved seabird_dataset/beacon_debug/frame_223470.png
[beacon] Saved seabird_dataset/beacon_debug/frame_223500.png
[beacon] Saved seabird_dataset/beacon_debug/frame_223530.png
[beacon] Saved seabird_dataset/beacon_debug/frame_223560.png
[beacon] Saved seabird_dataset/beacon_debug/frame_223590.png
[beacon] Saved seabird_dataset/beacon_debug/frame_223620.png
[beacon] Saved seabird_dataset/beacon_debug/frame_223650.png
[beacon] Saved seabird_dataset/beacon_debug/frame_223680.png
[beacon] Saved seabird_dataset/beacon_debug/frame_223710.png
[beacon] Saved seabird_dataset/beacon_debug/frame_223740.png
[beacon] Saved seabird_dataset/beacon_debug/frame_223770.png
[beacon] Saved seabird_dataset/beacon_debug/frame_223800.png
[beacon] Saved seabird_dataset/beacon_debug/frame_223830.png
[beacon] Saved seabird_dataset/beacon_debug/frame_223860.png
[beacon] Saved seabird_dataset/beacon_debug/frame_223890.png
[beacon] Saved seabird_dataset/beacon_debug/frame_223920.png
[beacon] Saved seabird_dataset/beacon_debug/frame_223950.png
[beacon] Saved seabird_dataset/beacon_debug/frame_223980.png
[beacon] Saved seabird_dataset/beacon_debug/frame_224010.png
[beacon] Saved seabird_dataset/beacon_debug/frame_224040.png
[beacon] Saved seabird_dataset/beacon_debug/frame_224070.png
[beacon] Saved seabird_dataset/beacon_debug/frame_224100.png
[beacon] Saved seabird_dataset/beacon_debug/frame_224130.png
[beacon] Saved seabird_dataset/beacon_debug/frame_224160.png
[beacon] Saved seabird_dataset/beacon_debug/frame_224190.png
[beacon] Saved seabird_dataset/beacon_debug/frame_224220.png
[beacon] Saved seabird_dataset/beacon_debug/frame_224250.png
[beacon] Saved seabird_dataset/beacon_debug/frame_224280.png
[beacon] Saved seabird_dataset/beacon_debug/frame_224310.png
[beacon] Saved seabird_dataset/beacon_debug/frame_224340.png
[beacon] Saved seabird_dataset/beacon_debug/frame_224370.png
[beacon] Saved seabird_dataset/beacon_debug/frame_224400.png
[beacon] Saved seabird_dataset/beacon_debug/frame_224430.png
[beacon] Saved seabird_dataset/beacon_debug/frame_224460.png
[beacon] Saved seabird_dataset/beacon_debug/frame_224490.png
[beacon] Saved seabird_dataset/beacon_debug/frame_224520.png
[beacon] Saved seabird_dataset/beacon_debug/frame_224550.png
[beacon] Saved seabird_dataset/beacon_debug/frame_224580.png
[beacon] Saved seabird_dataset/beacon_debug/frame_224610.png
[beacon] Saved seabird_dataset/beacon_debug/frame_224640.png
[beacon] Saved seabird_dataset/beacon_debug/frame_224670.png
[beacon] Saved seabird_dataset/beacon_debug/frame_224700.png
[beacon] Saved seabird_dataset/beacon_debug/frame_224730.png
[beacon] Saved seabird_dataset/beacon_debug/frame_224760.png
[beacon] Saved seabird_dataset/beacon_debug/frame_224790.png
[beacon] Saved seabird_dataset/beacon_debug/frame_224820.png
[beacon] Saved seabird_dataset/beacon_debug/frame_224850.png
[beacon] Saved seabird_dataset/beacon_debug/frame_224880.png
[beacon] Saved seabird_dataset/beacon_debug/frame_224910.png
[beacon] Saved seabird_dataset/beacon_debug/frame_224940.png
[beacon] Saved seabird_dataset/beacon_debug/frame_224970.png
[beacon] Saved seabird_dataset/beacon_debug/frame_225000.png
[beacon] Saved seabird_dataset/beacon_debug/frame_225030.png
[beacon] Saved seabird_dataset/beacon_debug/frame_225060.png
[beacon] Saved seabird_dataset/beacon_debug/frame_225090.png
[beacon] Saved seabird_dataset/beacon_debug/frame_225120.png
[beacon] Saved seabird_dataset/beacon_debug/frame_225150.png
[beacon] Saved seabird_dataset/beacon_debug/frame_225180.png
[beacon] Saved seabird_dataset/beacon_debug/frame_225210.png
[beacon] Saved seabird_dataset/beacon_debug/frame_225240.png
[beacon] Saved seabird_dataset/beacon_debug/frame_225270.png
[beacon] Saved seabird_dataset/beacon_debug/frame_225300.png
[beacon] Saved seabird_dataset/beacon_debug/frame_225330.png
[beacon] Saved seabird_dataset/beacon_debug/frame_225360.png
[beacon] Saved seabird_dataset/beacon_debug/frame_225390.png
[beacon] Saved seabird_dataset/beacon_debug/frame_225420.png
[beacon] Saved seabird_dataset/beacon_debug/frame_225450.png
[beacon] Saved seabird_dataset/beacon_debug/frame_225480.png
[beacon] Saved seabird_dataset/beacon_debug/frame_225510.png
[beacon] Saved seabird_dataset/beacon_debug/frame_225540.png
[beacon] Saved seabird_dataset/beacon_debug/frame_225570.png
[beacon] Saved seabird_dataset/beacon_debug/frame_225600.png
[beacon] Saved seabird_dataset/beacon_debug/frame_225630.png
[beacon] Saved seabird_dataset/beacon_debug/frame_225660.png
[beacon] Saved seabird_dataset/beacon_debug/frame_225690.png
[beacon] Saved seabird_dataset/beacon_debug/frame_225720.png
[beacon] Saved seabird_dataset/beacon_debug/frame_225750.png
[beacon] Saved seabird_dataset/beacon_debug/frame_225780.png
[beacon] Saved seabird_dataset/beacon_debug/frame_225810.png
[beacon] Saved seabird_dataset/beacon_debug/frame_225840.png
[beacon] Saved seabird_dataset/beacon_debug/frame_225870.png
[beacon] Saved seabird_dataset/beacon_debug/frame_225900.png
[beacon] Saved seabird_dataset/beacon_debug/frame_225930.png
[beacon] Saved seabird_dataset/beacon_debug/frame_225960.png
[beacon] Saved seabird_dataset/beacon_debug/frame_225990.png
[beacon] Saved seabird_dataset/beacon_debug/frame_226020.png
[beacon] Saved seabird_dataset/beacon_debug/frame_226050.png
[beacon] Saved seabird_dataset/beacon_debug/frame_226080.png
[beacon] Saved seabird_dataset/beacon_debug/frame_226110.png
[beacon] Saved seabird_dataset/beacon_debug/frame_226140.png
[beacon] Saved seabird_dataset/beacon_debug/frame_226170.png
[beacon] Saved seabird_dataset/beacon_debug/frame_226200.png
[beacon] Saved seabird_dataset/beacon_debug/frame_226230.png
[beacon] Saved seabird_dataset/beacon_debug/frame_226260.png
[beacon] Saved seabird_dataset/beacon_debug/frame_226290.png
[beacon] Saved seabird_dataset/beacon_debug/frame_226320.png
[beacon] Saved seabird_dataset/beacon_debug/frame_226350.png
[beacon] Saved seabird_dataset/beacon_debug/frame_226380.png
[beacon] Saved seabird_dataset/beacon_debug/frame_226410.png
[beacon] Saved seabird_dataset/beacon_debug/frame_226440.png
[beacon] Saved seabird_dataset/beacon_debug/frame_226470.png
[beacon] Saved seabird_dataset/beacon_debug/frame_226500.png
[beacon] Saved seabird_dataset/beacon_debug/frame_226530.png
[beacon] Saved seabird_dataset/beacon_debug/frame_226560.png
[beacon] Saved seabird_dataset/beacon_debug/frame_226590.png
[beacon] Saved seabird_dataset/beacon_debug/frame_226620.png
[beacon] Saved seabird_dataset/beacon_debug/frame_226650.png
[beacon] Saved seabird_dataset/beacon_debug/frame_226680.png
[beacon] Saved seabird_dataset/beacon_debug/frame_226710.png
[beacon] Saved seabird_dataset/beacon_debug/frame_226740.png
[beacon] Saved seabird_dataset/beacon_debug/frame_226770.png
[beacon] Saved seabird_dataset/beacon_debug/frame_226800.png
[beacon] Saved seabird_dataset/beacon_debug/frame_226830.png
[beacon] Saved seabird_dataset/beacon_debug/frame_226860.png
[beacon] Saved seabird_dataset/beacon_debug/frame_226890.png
[beacon] Saved seabird_dataset/beacon_debug/frame_226920.png
[beacon] Saved seabird_dataset/beacon_debug/frame_226950.png
[beacon] Saved seabird_dataset/beacon_debug/frame_226980.png
[beacon] Saved seabird_dataset/beacon_debug/frame_227010.png
[beacon] Saved seabird_dataset/beacon_debug/frame_227040.png
[beacon] Saved seabird_dataset/beacon_debug/frame_227070.png
[beacon] Saved seabird_dataset/beacon_debug/frame_227100.png
[beacon] Saved seabird_dataset/beacon_debug/frame_227130.png
[beacon] Saved seabird_dataset/beacon_debug/frame_227160.png
[beacon] Saved seabird_dataset/beacon_debug/frame_227190.png
[beacon] Saved seabird_dataset/beacon_debug/frame_227220.png
[beacon] Saved seabird_dataset/beacon_debug/frame_227250.png
[beacon] Saved seabird_dataset/beacon_debug/frame_227280.png
[beacon] Saved seabird_dataset/beacon_debug/frame_227310.png
[beacon] Saved seabird_dataset/beacon_debug/frame_227340.png
[beacon] Saved seabird_dataset/beacon_debug/frame_227370.png
[beacon] Saved seabird_dataset/beacon_debug/frame_227400.png
[beacon] Saved seabird_dataset/beacon_debug/frame_227430.png
[beacon] Saved seabird_dataset/beacon_debug/frame_227460.png
[beacon] Saved seabird_dataset/beacon_debug/frame_227490.png
[beacon] Saved seabird_dataset/beacon_debug/frame_227520.png
[beacon] Saved seabird_dataset/beacon_debug/frame_227550.png
[beacon] Saved seabird_dataset/beacon_debug/frame_227580.png
[beacon] Saved seabird_dataset/beacon_debug/frame_227610.png
[beacon] Saved seabird_dataset/beacon_debug/frame_227640.png
[beacon] Saved seabird_dataset/beacon_debug/frame_227670.png
[beacon] Saved seabird_dataset/beacon_debug/frame_227700.png
[beacon] Saved seabird_dataset/beacon_debug/frame_227730.png
[beacon] Saved seabird_dataset/beacon_debug/frame_227760.png
[beacon] Saved seabird_dataset/beacon_debug/frame_227790.png
[beacon] Saved seabird_dataset/beacon_debug/frame_227820.png
[beacon] Saved seabird_dataset/beacon_debug/frame_227850.png
[beacon] Saved seabird_dataset/beacon_debug/frame_227880.png
[beacon] Saved seabird_dataset/beacon_debug/frame_227910.png
[beacon] Saved seabird_dataset/beacon_debug/frame_227940.png
[beacon] Saved seabird_dataset/beacon_debug/frame_227970.png
[beacon] Saved seabird_dataset/beacon_debug/frame_228000.png
[beacon] Saved seabird_dataset/beacon_debug/frame_228030.png
[beacon] Saved seabird_dataset/beacon_debug/frame_228060.png
[beacon] Saved seabird_dataset/beacon_debug/frame_228090.png
[beacon] Saved seabird_dataset/beacon_debug/frame_228120.png
[beacon] Saved seabird_dataset/beacon_debug/frame_228150.png
[beacon] Saved seabird_dataset/beacon_debug/frame_228180.png
[beacon] Saved seabird_dataset/beacon_debug/frame_228210.png
[beacon] Saved seabird_dataset/beacon_debug/frame_228240.png
[beacon] Saved seabird_dataset/beacon_debug/frame_228270.png
[beacon] Saved seabird_dataset/beacon_debug/frame_228300.png
[beacon] Saved seabird_dataset/beacon_debug/frame_228330.png
[beacon] Saved seabird_dataset/beacon_debug/frame_228360.png
[beacon] Saved seabird_dataset/beacon_debug/frame_228390.png
[beacon] Saved seabird_dataset/beacon_debug/frame_228420.png
[beacon] Saved seabird_dataset/beacon_debug/frame_228450.png
[beacon] Saved seabird_dataset/beacon_debug/frame_228480.png
[beacon] Saved seabird_dataset/beacon_debug/frame_228510.png
[beacon] Saved seabird_dataset/beacon_debug/frame_228540.png
[beacon] Saved seabird_dataset/beacon_debug/frame_228570.png
[beacon] Saved seabird_dataset/beacon_debug/frame_228600.png
[beacon] Saved seabird_dataset/beacon_debug/frame_228630.png
[beacon] Saved seabird_dataset/beacon_debug/frame_228660.png
[beacon] Saved seabird_dataset/beacon_debug/frame_228690.png
[beacon] Saved seabird_dataset/beacon_debug/frame_228720.png
[beacon] Saved seabird_dataset/beacon_debug/frame_228750.png
[beacon] Saved seabird_dataset/beacon_debug/frame_228780.png
[beacon] Saved seabird_dataset/beacon_debug/frame_228810.png
[beacon] Saved seabird_dataset/beacon_debug/frame_228840.png
[beacon] Saved seabird_dataset/beacon_debug/frame_228870.png
[beacon] Saved seabird_dataset/beacon_debug/frame_228900.png
[beacon] Saved seabird_dataset/beacon_debug/frame_228930.png
[beacon] Saved seabird_dataset/beacon_debug/frame_228960.png
[beacon] Saved seabird_dataset/beacon_debug/frame_228990.png
[beacon] Saved seabird_dataset/beacon_debug/frame_229020.png
[beacon] Saved seabird_dataset/beacon_debug/frame_229050.png
[beacon] Saved seabird_dataset/beacon_debug/frame_229080.png
[beacon] Saved seabird_dataset/beacon_debug/frame_229110.png
[beacon] Saved seabird_dataset/beacon_debug/frame_229140.png
[beacon] Saved seabird_dataset/beacon_debug/frame_229170.png
[beacon] Saved seabird_dataset/beacon_debug/frame_229200.png
[beacon] Saved seabird_dataset/beacon_debug/frame_229230.png
[beacon] Saved seabird_dataset/beacon_debug/frame_229260.png
[beacon] Saved seabird_dataset/beacon_debug/frame_229290.png
[beacon] Saved seabird_dataset/beacon_debug/frame_229320.png
[beacon] Saved seabird_dataset/beacon_debug/frame_229350.png
[beacon] Saved seabird_dataset/beacon_debug/frame_229380.png
[beacon] Saved seabird_dataset/beacon_debug/frame_229410.png
[beacon] Saved seabird_dataset/beacon_debug/frame_229440.png
[beacon] Saved seabird_dataset/beacon_debug/frame_229470.png
[beacon] Saved seabird_dataset/beacon_debug/frame_229500.png
[beacon] Saved seabird_dataset/beacon_debug/frame_229530.png
[beacon] Saved seabird_dataset/beacon_debug/frame_229560.png
[beacon] Saved seabird_dataset/beacon_debug/frame_229590.png
[beacon] Saved seabird_dataset/beacon_debug/frame_229620.png
[beacon] Saved seabird_dataset/beacon_debug/frame_229650.png
[beacon] Saved seabird_dataset/beacon_debug/frame_229680.png
[beacon] Saved seabird_dataset/beacon_debug/frame_229710.png
[beacon] Saved seabird_dataset/beacon_debug/frame_229740.png
[beacon] Saved seabird_dataset/beacon_debug/frame_229770.png
[beacon] Saved seabird_dataset/beacon_debug/frame_229800.png
[beacon] Saved seabird_dataset/beacon_debug/frame_229830.png
[beacon] Saved seabird_dataset/beacon_debug/frame_229860.png
[beacon] Saved seabird_dataset/beacon_debug/frame_229890.png
[beacon] Saved seabird_dataset/beacon_debug/frame_229920.png
[beacon] Saved seabird_dataset/beacon_debug/frame_229950.png
[beacon] Saved seabird_dataset/beacon_debug/frame_229980.png
[beacon] Saved seabird_dataset/beacon_debug/frame_230010.png
[beacon] Saved seabird_dataset/beacon_debug/frame_230040.png
[beacon] Saved seabird_dataset/beacon_debug/frame_230070.png
[beacon] Saved seabird_dataset/beacon_debug/frame_230100.png
[beacon] Saved seabird_dataset/beacon_debug/frame_230130.png
[beacon] Saved seabird_dataset/beacon_debug/frame_230160.png
[beacon] Saved seabird_dataset/beacon_debug/frame_230190.png
[beacon] Saved seabird_dataset/beacon_debug/frame_230220.png
[beacon] Saved seabird_dataset/beacon_debug/frame_230250.png
[beacon] Saved seabird_dataset/beacon_debug/frame_230280.png
[beacon] Saved seabird_dataset/beacon_debug/frame_230310.png
[beacon] Saved seabird_dataset/beacon_debug/frame_230340.png
[beacon] Saved seabird_dataset/beacon_debug/frame_230370.png
[beacon] Saved seabird_dataset/beacon_debug/frame_230400.png
[beacon] Saved seabird_dataset/beacon_debug/frame_230430.png
[beacon] Saved seabird_dataset/beacon_debug/frame_230460.png
[beacon] Saved seabird_dataset/beacon_debug/frame_230490.png
[beacon] Saved seabird_dataset/beacon_debug/frame_230520.png
[beacon] Saved seabird_dataset/beacon_debug/frame_230550.png
[beacon] Saved seabird_dataset/beacon_debug/frame_230580.png
[beacon] Saved seabird_dataset/beacon_debug/frame_230610.png
[beacon] Saved seabird_dataset/beacon_debug/frame_230640.png
[beacon] Saved seabird_dataset/beacon_debug/frame_230670.png
[beacon] Saved seabird_dataset/beacon_debug/frame_230700.png
[beacon] Saved seabird_dataset/beacon_debug/frame_230730.png
[beacon] Saved seabird_dataset/beacon_debug/frame_230760.png
[beacon] Saved seabird_dataset/beacon_debug/frame_230790.png
[beacon] Saved seabird_dataset/beacon_debug/frame_230820.png
[beacon] Saved seabird_dataset/beacon_debug/frame_230850.png
[beacon] Saved seabird_dataset/beacon_debug/frame_230880.png
[beacon] Saved seabird_dataset/beacon_debug/frame_230910.png
[beacon] Saved seabird_dataset/beacon_debug/frame_230940.png
[beacon] Saved seabird_dataset/beacon_debug/frame_230970.png
[beacon] Saved seabird_dataset/beacon_debug/frame_231000.png
[beacon] Saved seabird_dataset/beacon_debug/frame_231030.png
[beacon] Saved seabird_dataset/beacon_debug/frame_231060.png
[beacon] Saved seabird_dataset/beacon_debug/frame_231090.png
[beacon] Saved seabird_dataset/beacon_debug/frame_231120.png
[beacon] Saved seabird_dataset/beacon_debug/frame_231150.png
[beacon] Saved seabird_dataset/beacon_debug/frame_231180.png
[beacon] Saved seabird_dataset/beacon_debug/frame_231210.png
[beacon] Saved seabird_dataset/beacon_debug/frame_231240.png
[beacon] Saved seabird_dataset/beacon_debug/frame_231270.png
[beacon] Saved seabird_dataset/beacon_debug/frame_231300.png
[beacon] Saved seabird_dataset/beacon_debug/frame_231330.png
[beacon] Saved seabird_dataset/beacon_debug/frame_231360.png
[beacon] Saved seabird_dataset/beacon_debug/frame_231390.png
[beacon] Saved seabird_dataset/beacon_debug/frame_231420.png
[beacon] Saved seabird_dataset/beacon_debug/frame_231450.png
[beacon] Saved seabird_dataset/beacon_debug/frame_231480.png
[beacon] Saved seabird_dataset/beacon_debug/frame_231510.png
[beacon] Saved seabird_dataset/beacon_debug/frame_231540.png
[beacon] Saved seabird_dataset/beacon_debug/frame_231570.png
[beacon] Saved seabird_dataset/beacon_debug/frame_231600.png
[beacon] Saved seabird_dataset/beacon_debug/frame_231630.png
[beacon] Saved seabird_dataset/beacon_debug/frame_231660.png
[beacon] Saved seabird_dataset/beacon_debug/frame_231690.png
[beacon] Saved seabird_dataset/beacon_debug/frame_231720.png
[beacon] Saved seabird_dataset/beacon_debug/frame_231750.png
[beacon] Saved seabird_dataset/beacon_debug/frame_231780.png
[beacon] Saved seabird_dataset/beacon_debug/frame_231810.png
[beacon] Saved seabird_dataset/beacon_debug/frame_231840.png
[beacon] Saved seabird_dataset/beacon_debug/frame_231870.png
[beacon] Saved seabird_dataset/beacon_debug/frame_231900.png
[beacon] Saved seabird_dataset/beacon_debug/frame_231930.png
[beacon] Saved seabird_dataset/beacon_debug/frame_231960.png
[beacon] Saved seabird_dataset/beacon_debug/frame_231990.png
[beacon] Saved seabird_dataset/beacon_debug/frame_232020.png
[beacon] Saved seabird_dataset/beacon_debug/frame_232050.png
[beacon] Saved seabird_dataset/beacon_debug/frame_232080.png
[beacon] Saved seabird_dataset/beacon_debug/frame_232110.png
[beacon] Saved seabird_dataset/beacon_debug/frame_232140.png
[beacon] Saved seabird_dataset/beacon_debug/frame_232170.png
[beacon] Saved seabird_dataset/beacon_debug/frame_232200.png
[beacon] Saved seabird_dataset/beacon_debug/frame_232230.png
[beacon] Saved seabird_dataset/beacon_debug/frame_232260.png
[beacon] Saved seabird_dataset/beacon_debug/frame_232290.png
[beacon] Saved seabird_dataset/beacon_debug/frame_232320.png
[beacon] Saved seabird_dataset/beacon_debug/frame_232350.png
[beacon] Saved seabird_dataset/beacon_debug/frame_232380.png
[beacon] Saved seabird_dataset/beacon_debug/frame_232410.png
[beacon] Saved seabird_dataset/beacon_debug/frame_232440.png
[beacon] Saved seabird_dataset/beacon_debug/frame_232470.png
[beacon] Saved seabird_dataset/beacon_debug/frame_232500.png
[beacon] Saved seabird_dataset/beacon_debug/frame_232530.png
[beacon] Saved seabird_dataset/beacon_debug/frame_232560.png
[beacon] Saved seabird_dataset/beacon_debug/frame_232590.png
[beacon] Saved seabird_dataset/beacon_debug/frame_232620.png
[beacon] Saved seabird_dataset/beacon_debug/frame_232650.png
[beacon] Saved seabird_dataset/beacon_debug/frame_232680.png
[beacon] Saved seabird_dataset/beacon_debug/frame_232710.png
[beacon] Saved seabird_dataset/beacon_debug/frame_232740.png
[beacon] Saved seabird_dataset/beacon_debug/frame_232770.png
[beacon] Saved seabird_dataset/beacon_debug/frame_232800.png
[beacon] Saved seabird_dataset/beacon_debug/frame_232830.png
[beacon] Saved seabird_dataset/beacon_debug/frame_232860.png
[beacon] Saved seabird_dataset/beacon_debug/frame_232890.png
[beacon] Saved seabird_dataset/beacon_debug/frame_232920.png
[beacon] Saved seabird_dataset/beacon_debug/frame_232950.png
[beacon] Saved seabird_dataset/beacon_debug/frame_232980.png
[beacon] Saved seabird_dataset/beacon_debug/frame_233010.png
[beacon] Saved seabird_dataset/beacon_debug/frame_233040.png
[beacon] Saved seabird_dataset/beacon_debug/frame_233070.png
[beacon] Saved seabird_dataset/beacon_debug/frame_233100.png
[beacon] Saved seabird_dataset/beacon_debug/frame_233130.png
[beacon] Saved seabird_dataset/beacon_debug/frame_233160.png
[beacon] Saved seabird_dataset/beacon_debug/frame_233190.png
[beacon] Saved seabird_dataset/beacon_debug/frame_233220.png
[beacon] Saved seabird_dataset/beacon_debug/frame_233250.png
[beacon] Saved seabird_dataset/beacon_debug/frame_233280.png
[beacon] Saved seabird_dataset/beacon_debug/frame_233310.png
[beacon] Saved seabird_dataset/beacon_debug/frame_233340.png
[beacon] Saved seabird_dataset/beacon_debug/frame_233370.png
[beacon] Saved seabird_dataset/beacon_debug/frame_233400.png
[beacon] Saved seabird_dataset/beacon_debug/frame_233430.png
[beacon] Saved seabird_dataset/beacon_debug/frame_233460.png
[beacon] Saved seabird_dataset/beacon_debug/frame_233490.png
[beacon] Saved seabird_dataset/beacon_debug/frame_233520.png
[beacon] Saved seabird_dataset/beacon_debug/frame_233550.png
[beacon] Saved seabird_dataset/beacon_debug/frame_233580.png
[beacon] Saved seabird_dataset/beacon_debug/frame_233610.png
[beacon] Saved seabird_dataset/beacon_debug/frame_233640.png
[beacon] Saved seabird_dataset/beacon_debug/frame_233670.png
[beacon] Saved seabird_dataset/beacon_debug/frame_233700.png
[beacon] Saved seabird_dataset/beacon_debug/frame_233730.png
[beacon] Saved seabird_dataset/beacon_debug/frame_233760.png
[beacon] Saved seabird_dataset/beacon_debug/frame_233790.png
[beacon] Saved seabird_dataset/beacon_debug/frame_233820.png
[beacon] Saved seabird_dataset/beacon_debug/frame_233850.png
[beacon] Saved seabird_dataset/beacon_debug/frame_233880.png
[beacon] Saved seabird_dataset/beacon_debug/frame_233910.png
[beacon] Saved seabird_dataset/beacon_debug/frame_233940.png
[beacon] Saved seabird_dataset/beacon_debug/frame_233970.png
[beacon] Saved seabird_dataset/beacon_debug/frame_234000.png
[beacon] Saved seabird_dataset/beacon_debug/frame_234030.png
[beacon] Saved seabird_dataset/beacon_debug/frame_234060.png
[beacon] Saved seabird_dataset/beacon_debug/frame_234090.png
[beacon] Saved seabird_dataset/beacon_debug/frame_234120.png
[beacon] Saved seabird_dataset/beacon_debug/frame_234150.png
[beacon] Saved seabird_dataset/beacon_debug/frame_234180.png
[beacon] Saved seabird_dataset/beacon_debug/frame_234210.png
[beacon] Saved seabird_dataset/beacon_debug/frame_234240.png
[beacon] Saved seabird_dataset/beacon_debug/frame_234270.png
[beacon] Saved seabird_dataset/beacon_debug/frame_234300.png
[beacon] Saved seabird_dataset/beacon_debug/frame_234330.png
[beacon] Saved seabird_dataset/beacon_debug/frame_234360.png
[beacon] Saved seabird_dataset/beacon_debug/frame_234390.png
[beacon] Saved seabird_dataset/beacon_debug/frame_234420.png
[beacon] Saved seabird_dataset/beacon_debug/frame_234450.png
[beacon] Saved seabird_dataset/beacon_debug/frame_234480.png
[beacon] Saved seabird_dataset/beacon_debug/frame_234510.png
[beacon] Saved seabird_dataset/beacon_debug/frame_234540.png
[beacon] Saved seabird_dataset/beacon_debug/frame_234570.png
[beacon] Saved seabird_dataset/beacon_debug/frame_234600.png
[beacon] Saved seabird_dataset/beacon_debug/frame_234630.png
[beacon] Saved seabird_dataset/beacon_debug/frame_234660.png
[beacon] Saved seabird_dataset/beacon_debug/frame_234690.png
[beacon] Saved seabird_dataset/beacon_debug/frame_234720.png
[beacon] Saved seabird_dataset/beacon_debug/frame_234750.png
[beacon] Saved seabird_dataset/beacon_debug/frame_234780.png
[beacon] Saved seabird_dataset/beacon_debug/frame_234810.png
[beacon] Saved seabird_dataset/beacon_debug/frame_234840.png
[beacon] Saved seabird_dataset/beacon_debug/frame_234870.png
[beacon] Saved seabird_dataset/beacon_debug/frame_234900.png
[beacon] Saved seabird_dataset/beacon_debug/frame_234930.png
[beacon] Saved seabird_dataset/beacon_debug/frame_234960.png
[beacon] Saved seabird_dataset/beacon_debug/frame_234990.png
[beacon] Saved seabird_dataset/beacon_debug/frame_235020.png
[beacon] Saved seabird_dataset/beacon_debug/frame_235050.png
[beacon] Saved seabird_dataset/beacon_debug/frame_235080.png
[beacon] Saved seabird_dataset/beacon_debug/frame_235110.png
[beacon] Saved seabird_dataset/beacon_debug/frame_235140.png
[beacon] Saved seabird_dataset/beacon_debug/frame_235170.png
[beacon] Saved seabird_dataset/beacon_debug/frame_235200.png
[beacon] Saved seabird_dataset/beacon_debug/frame_235230.png
[beacon] Saved seabird_dataset/beacon_debug/frame_235260.png
[beacon] Saved seabird_dataset/beacon_debug/frame_235290.png
[beacon] Saved seabird_dataset/beacon_debug/frame_235320.png
[beacon] Saved seabird_dataset/beacon_debug/frame_235350.png
[beacon] Saved seabird_dataset/beacon_debug/frame_235380.png
[beacon] Saved seabird_dataset/beacon_debug/frame_235410.png
[beacon] Saved seabird_dataset/beacon_debug/frame_235440.png
[beacon] Saved seabird_dataset/beacon_debug/frame_235470.png
[beacon] Saved seabird_dataset/beacon_debug/frame_235500.png
[beacon] Saved seabird_dataset/beacon_debug/frame_235530.png
[beacon] Saved seabird_dataset/beacon_debug/frame_235560.png
[beacon] Saved seabird_dataset/beacon_debug/frame_235590.png
[beacon] Saved seabird_dataset/beacon_debug/frame_235620.png
[beacon] Saved seabird_dataset/beacon_debug/frame_235650.png
[beacon] Saved seabird_dataset/beacon_debug/frame_235680.png
[beacon] Saved seabird_dataset/beacon_debug/frame_235710.png
[beacon] Saved seabird_dataset/beacon_debug/frame_235740.png
[beacon] Saved seabird_dataset/beacon_debug/frame_235770.png
[beacon] Saved seabird_dataset/beacon_debug/frame_235800.png
[beacon] Saved seabird_dataset/beacon_debug/frame_235830.png
[beacon] Saved seabird_dataset/beacon_debug/frame_235860.png
[beacon] Saved seabird_dataset/beacon_debug/frame_235890.png
[beacon] Saved seabird_dataset/beacon_debug/frame_235920.png
[beacon] Saved seabird_dataset/beacon_debug/frame_235950.png
[beacon] Saved seabird_dataset/beacon_debug/frame_235980.png
[beacon] Saved seabird_dataset/beacon_debug/frame_236010.png
[beacon] Saved seabird_dataset/beacon_debug/frame_236040.png
[beacon] Saved seabird_dataset/beacon_debug/frame_236070.png
[beacon] Saved seabird_dataset/beacon_debug/frame_236100.png
[beacon] Saved seabird_dataset/beacon_debug/frame_236130.png
[beacon] Saved seabird_dataset/beacon_debug/frame_236160.png
[beacon] Saved seabird_dataset/beacon_debug/frame_236190.png
[beacon] Saved seabird_dataset/beacon_debug/frame_236220.png
[beacon] Saved seabird_dataset/beacon_debug/frame_236250.png
[beacon] Saved seabird_dataset/beacon_debug/frame_236280.png
[beacon] Saved seabird_dataset/beacon_debug/frame_236310.png
[beacon] Saved seabird_dataset/beacon_debug/frame_236340.png
[beacon] Saved seabird_dataset/beacon_debug/frame_236370.png
[beacon] Saved seabird_dataset/beacon_debug/frame_236400.png
[beacon] Saved seabird_dataset/beacon_debug/frame_236430.png
[beacon] Saved seabird_dataset/beacon_debug/frame_236460.png
[beacon] Saved seabird_dataset/beacon_debug/frame_236490.png
[beacon] Saved seabird_dataset/beacon_debug/frame_236520.png
[beacon] Saved seabird_dataset/beacon_debug/frame_236550.png
[beacon] Saved seabird_dataset/beacon_debug/frame_236580.png
[beacon] Saved seabird_dataset/beacon_debug/frame_236610.png
[beacon] Saved seabird_dataset/beacon_debug/frame_236640.png
[beacon] Saved seabird_dataset/beacon_debug/frame_236670.png
[beacon] Saved seabird_dataset/beacon_debug/frame_236700.png
[beacon] Saved seabird_dataset/beacon_debug/frame_236730.png
[beacon] Saved seabird_dataset/beacon_debug/frame_236760.png
[beacon] Saved seabird_dataset/beacon_debug/frame_236790.png
[beacon] Saved seabird_dataset/beacon_debug/frame_236820.png
[beacon] Saved seabird_dataset/beacon_debug/frame_236850.png
[beacon] Saved seabird_dataset/beacon_debug/frame_236880.png
[beacon] Saved seabird_dataset/beacon_debug/frame_236910.png
[beacon] Saved seabird_dataset/beacon_debug/frame_236940.png
[beacon] Saved seabird_dataset/beacon_debug/frame_236970.png
[beacon] Saved seabird_dataset/beacon_debug/frame_237000.png
[beacon] Saved seabird_dataset/beacon_debug/frame_237030.png
[beacon] Saved seabird_dataset/beacon_debug/frame_237060.png
[beacon] Saved seabird_dataset/beacon_debug/frame_237090.png
[beacon] Saved seabird_dataset/beacon_debug/frame_237120.png
[beacon] Saved seabird_dataset/beacon_debug/frame_237150.png
[beacon] Saved seabird_dataset/beacon_debug/frame_237180.png
[beacon] Saved seabird_dataset/beacon_debug/frame_237210.png
[beacon] Saved seabird_dataset/beacon_debug/frame_237240.png
[beacon] Saved seabird_dataset/beacon_debug/frame_237270.png
[beacon] Saved seabird_dataset/beacon_debug/frame_237300.png
[beacon] Saved seabird_dataset/beacon_debug/frame_237330.png
[beacon] Saved seabird_dataset/beacon_debug/frame_237360.png
[beacon] Saved seabird_dataset/beacon_debug/frame_237390.png
[beacon] Saved seabird_dataset/beacon_debug/frame_237420.png
[beacon] Saved seabird_dataset/beacon_debug/frame_237450.png
[beacon] Saved seabird_dataset/beacon_debug/frame_237480.png
[beacon] Saved seabird_dataset/beacon_debug/frame_237510.png
[beacon] Saved seabird_dataset/beacon_debug/frame_237540.png
[beacon] Saved seabird_dataset/beacon_debug/frame_237570.png
[beacon] Saved seabird_dataset/beacon_debug/frame_237600.png
[beacon] Saved seabird_dataset/beacon_debug/frame_237630.png
[beacon] Saved seabird_dataset/beacon_debug/frame_237660.png
[beacon] Saved seabird_dataset/beacon_debug/frame_237690.png
[beacon] Saved seabird_dataset/beacon_debug/frame_237720.png
[beacon] Saved seabird_dataset/beacon_debug/frame_237750.png
[beacon] Saved seabird_dataset/beacon_debug/frame_237780.png
[beacon] Saved seabird_dataset/beacon_debug/frame_237810.png
[beacon] Saved seabird_dataset/beacon_debug/frame_237840.png
[beacon] Saved seabird_dataset/beacon_debug/frame_237870.png
[beacon] Saved seabird_dataset/beacon_debug/frame_237900.png
[beacon] Saved seabird_dataset/beacon_debug/frame_237930.png
[beacon] Saved seabird_dataset/beacon_debug/frame_237960.png
[beacon] Saved seabird_dataset/beacon_debug/frame_237990.png
[beacon] Saved seabird_dataset/beacon_debug/frame_238020.png
[beacon] Saved seabird_dataset/beacon_debug/frame_238050.png
[beacon] Saved seabird_dataset/beacon_debug/frame_238080.png
[beacon] Saved seabird_dataset/beacon_debug/frame_238110.png
[beacon] Saved seabird_dataset/beacon_debug/frame_238140.png
[beacon] Saved seabird_dataset/beacon_debug/frame_238170.png
[beacon] Saved seabird_dataset/beacon_debug/frame_238200.png
[beacon] Saved seabird_dataset/beacon_debug/frame_238230.png
[beacon] Saved seabird_dataset/beacon_debug/frame_238260.png
[beacon] Saved seabird_dataset/beacon_debug/frame_238290.png
[beacon] Saved seabird_dataset/beacon_debug/frame_238320.png
[beacon] Saved seabird_dataset/beacon_debug/frame_238350.png
[beacon] Saved seabird_dataset/beacon_debug/frame_238380.png
[beacon] Saved seabird_dataset/beacon_debug/frame_238410.png
[beacon] Saved seabird_dataset/beacon_debug/frame_238440.png
[beacon] Saved seabird_dataset/beacon_debug/frame_238470.png
[beacon] Saved seabird_dataset/beacon_debug/frame_238500.png
[beacon] Saved seabird_dataset/beacon_debug/frame_238530.png
[beacon] Saved seabird_dataset/beacon_debug/frame_238560.png
[beacon] Saved seabird_dataset/beacon_debug/frame_238590.png
[beacon] Saved seabird_dataset/beacon_debug/frame_238620.png
[beacon] Saved seabird_dataset/beacon_debug/frame_238650.png
[beacon] Saved seabird_dataset/beacon_debug/frame_238680.png
[beacon] Saved seabird_dataset/beacon_debug/frame_238710.png
[beacon] Saved seabird_dataset/beacon_debug/frame_238740.png
[beacon] Saved seabird_dataset/beacon_debug/frame_238770.png
[beacon] Saved seabird_dataset/beacon_debug/frame_238800.png
[beacon] Saved seabird_dataset/beacon_debug/frame_238830.png
[beacon] Saved seabird_dataset/beacon_debug/frame_238860.png
[beacon] Saved seabird_dataset/beacon_debug/frame_238890.png
[beacon] Saved seabird_dataset/beacon_debug/frame_238920.png
[beacon] Saved seabird_dataset/beacon_debug/frame_238950.png
[beacon] Saved seabird_dataset/beacon_debug/frame_238980.png
[beacon] Saved seabird_dataset/beacon_debug/frame_239010.png
[beacon] Saved seabird_dataset/beacon_debug/frame_239040.png
[beacon] Saved seabird_dataset/beacon_debug/frame_239070.png
[beacon] Saved seabird_dataset/beacon_debug/frame_239100.png
[beacon] Saved seabird_dataset/beacon_debug/frame_239130.png
[beacon] Saved seabird_dataset/beacon_debug/frame_239160.png
[beacon] Saved seabird_dataset/beacon_debug/frame_239190.png
[beacon] Saved seabird_dataset/beacon_debug/frame_239220.png
[beacon] Saved seabird_dataset/beacon_debug/frame_239250.png
[beacon] Saved seabird_dataset/beacon_debug/frame_239280.png
[beacon] Saved seabird_dataset/beacon_debug/frame_239310.png
[beacon] Saved seabird_dataset/beacon_debug/frame_239340.png
[beacon] Saved seabird_dataset/beacon_debug/frame_239370.png
[beacon] Saved seabird_dataset/beacon_debug/frame_239400.png
[beacon] Saved seabird_dataset/beacon_debug/frame_239430.png
[beacon] Saved seabird_dataset/beacon_debug/frame_239460.png
[beacon] Saved seabird_dataset/beacon_debug/frame_239490.png
[beacon] Saved seabird_dataset/beacon_debug/frame_239520.png
[beacon] Saved seabird_dataset/beacon_debug/frame_239550.png
[beacon] Saved seabird_dataset/beacon_debug/frame_239580.png
[beacon] Saved seabird_dataset/beacon_debug/frame_239610.png
[beacon] Saved seabird_dataset/beacon_debug/frame_239640.png
[beacon] Saved seabird_dataset/beacon_debug/frame_239670.png
[beacon] Saved seabird_dataset/beacon_debug/frame_239700.png
[beacon] Saved seabird_dataset/beacon_debug/frame_239730.png
[beacon] Saved seabird_dataset/beacon_debug/frame_239760.png
[beacon] Saved seabird_dataset/beacon_debug/frame_239790.png
[beacon] Saved seabird_dataset/beacon_debug/frame_239820.png
[beacon] Saved seabird_dataset/beacon_debug/frame_239850.png
[beacon] Saved seabird_dataset/beacon_debug/frame_239880.png
[beacon] Saved seabird_dataset/beacon_debug/frame_239910.png
[beacon] Saved seabird_dataset/beacon_debug/frame_239940.png
[beacon] Saved seabird_dataset/beacon_debug/frame_239970.png
[beacon] Saved seabird_dataset/beacon_debug/frame_240000.png
[beacon] Saved seabird_dataset/beacon_debug/frame_240030.png
[beacon] Saved seabird_dataset/beacon_debug/frame_240060.png
[beacon] Saved seabird_dataset/beacon_debug/frame_240090.png
[beacon] Saved seabird_dataset/beacon_debug/frame_240120.png
[beacon] Saved seabird_dataset/beacon_debug/frame_240150.png
[beacon] Saved seabird_dataset/beacon_debug/frame_240180.png
[beacon] Saved seabird_dataset/beacon_debug/frame_240210.png
[beacon] Saved seabird_dataset/beacon_debug/frame_240240.png
[beacon] Saved seabird_dataset/beacon_debug/frame_240270.png
[beacon] Saved seabird_dataset/beacon_debug/frame_240300.png
[beacon] Saved seabird_dataset/beacon_debug/frame_240330.png
[beacon] Saved seabird_dataset/beacon_debug/frame_240360.png
[beacon] Saved seabird_dataset/beacon_debug/frame_240390.png
[beacon] Saved seabird_dataset/beacon_debug/frame_240420.png
[beacon] Saved seabird_dataset/beacon_debug/frame_240450.png
[beacon] Saved seabird_dataset/beacon_debug/frame_240480.png
[beacon] Saved seabird_dataset/beacon_debug/frame_240510.png
[beacon] Saved seabird_dataset/beacon_debug/frame_240540.png
[beacon] Saved seabird_dataset/beacon_debug/frame_240570.png
[beacon] Saved seabird_dataset/beacon_debug/frame_240600.png
[beacon] Saved seabird_dataset/beacon_debug/frame_240630.png
[beacon] Saved seabird_dataset/beacon_debug/frame_240660.png
[beacon] Saved seabird_dataset/beacon_debug/frame_240690.png
[beacon] Saved seabird_dataset/beacon_debug/frame_240720.png
[beacon] Saved seabird_dataset/beacon_debug/frame_240750.png
[beacon] Saved seabird_dataset/beacon_debug/frame_240780.png
[beacon] Saved seabird_dataset/beacon_debug/frame_240810.png
[beacon] Saved seabird_dataset/beacon_debug/frame_240840.png
[beacon] Saved seabird_dataset/beacon_debug/frame_240870.png
[beacon] Saved seabird_dataset/beacon_debug/frame_240900.png
[beacon] Saved seabird_dataset/beacon_debug/frame_240930.png
[beacon] Saved seabird_dataset/beacon_debug/frame_240960.png
[beacon] Saved seabird_dataset/beacon_debug/frame_240990.png
[beacon] Saved seabird_dataset/beacon_debug/frame_241020.png
[beacon] Saved seabird_dataset/beacon_debug/frame_241050.png
[beacon] Saved seabird_dataset/beacon_debug/frame_241080.png
[beacon] Saved seabird_dataset/beacon_debug/frame_241110.png
[beacon] Saved seabird_dataset/beacon_debug/frame_241140.png
[beacon] Saved seabird_dataset/beacon_debug/frame_241170.png
[beacon] Saved seabird_dataset/beacon_debug/frame_241200.png
[beacon] Saved seabird_dataset/beacon_debug/frame_241230.png
[beacon] Saved seabird_dataset/beacon_debug/frame_241260.png
[beacon] Saved seabird_dataset/beacon_debug/frame_241290.png
[beacon] Saved seabird_dataset/beacon_debug/frame_241320.png
[beacon] Saved seabird_dataset/beacon_debug/frame_241350.png
[beacon] Saved seabird_dataset/beacon_debug/frame_241380.png
[beacon] Saved seabird_dataset/beacon_debug/frame_241410.png
[beacon] Saved seabird_dataset/beacon_debug/frame_241440.png
[beacon] Saved seabird_dataset/beacon_debug/frame_241470.png
[beacon] Saved seabird_dataset/beacon_debug/frame_241500.png
[beacon] Saved seabird_dataset/beacon_debug/frame_241530.png
[beacon] Saved seabird_dataset/beacon_debug/frame_241560.png
[beacon] Saved seabird_dataset/beacon_debug/frame_241590.png
[beacon] Saved seabird_dataset/beacon_debug/frame_241620.png
[beacon] Saved seabird_dataset/beacon_debug/frame_241650.png
[beacon] Saved seabird_dataset/beacon_debug/frame_241680.png
[beacon] Saved seabird_dataset/beacon_debug/frame_241710.png
[beacon] Saved seabird_dataset/beacon_debug/frame_241740.png
[beacon] Saved seabird_dataset/beacon_debug/frame_241770.png
[beacon] Saved seabird_dataset/beacon_debug/frame_241800.png
[beacon] Saved seabird_dataset/beacon_debug/frame_241830.png
[beacon] Saved seabird_dataset/beacon_debug/frame_241860.png
[beacon] Saved seabird_dataset/beacon_debug/frame_241890.png
[beacon] Saved seabird_dataset/beacon_debug/frame_241920.png
[beacon] Saved seabird_dataset/beacon_debug/frame_241950.png
[beacon] Saved seabird_dataset/beacon_debug/frame_241980.png
[beacon] Saved seabird_dataset/beacon_debug/frame_242010.png
[beacon] Saved seabird_dataset/beacon_debug/frame_242040.png
[beacon] Saved seabird_dataset/beacon_debug/frame_242070.png
[beacon] Saved seabird_dataset/beacon_debug/frame_242100.png
[beacon] Saved seabird_dataset/beacon_debug/frame_242130.png
[beacon] Saved seabird_dataset/beacon_debug/frame_242160.png
[beacon] Saved seabird_dataset/beacon_debug/frame_242190.png
[beacon] Saved seabird_dataset/beacon_debug/frame_242220.png
[beacon] Saved seabird_dataset/beacon_debug/frame_242250.png
[beacon] Saved seabird_dataset/beacon_debug/frame_242280.png
[beacon] Saved seabird_dataset/beacon_debug/frame_242310.png
[beacon] Saved seabird_dataset/beacon_debug/frame_242340.png
[beacon] Saved seabird_dataset/beacon_debug/frame_242370.png
[beacon] Saved seabird_dataset/beacon_debug/frame_242400.png
[beacon] Saved seabird_dataset/beacon_debug/frame_242430.png
[beacon] Saved seabird_dataset/beacon_debug/frame_242460.png
[beacon] Saved seabird_dataset/beacon_debug/frame_242490.png
[beacon] Saved seabird_dataset/beacon_debug/frame_242520.png
[beacon] Saved seabird_dataset/beacon_debug/frame_242550.png
[beacon] Saved seabird_dataset/beacon_debug/frame_242580.png
[beacon] Saved seabird_dataset/beacon_debug/frame_242610.png
[beacon] Saved seabird_dataset/beacon_debug/frame_242640.png
[beacon] Saved seabird_dataset/beacon_debug/frame_242670.png
[beacon] Saved seabird_dataset/beacon_debug/frame_242700.png
[beacon] Saved seabird_dataset/beacon_debug/frame_242730.png
[beacon] Saved seabird_dataset/beacon_debug/frame_242760.png
[beacon] Saved seabird_dataset/beacon_debug/frame_242790.png
[beacon] Saved seabird_dataset/beacon_debug/frame_242820.png
[beacon] Saved seabird_dataset/beacon_debug/frame_242850.png
[beacon] Saved seabird_dataset/beacon_debug/frame_242880.png
[beacon] Saved seabird_dataset/beacon_debug/frame_242910.png
[beacon] Saved seabird_dataset/beacon_debug/frame_242940.png
[beacon] Saved seabird_dataset/beacon_debug/frame_242970.png
[beacon] Saved seabird_dataset/beacon_debug/frame_243000.png
[beacon] Saved seabird_dataset/beacon_debug/frame_243030.png
[beacon] Saved seabird_dataset/beacon_debug/frame_243060.png
[beacon] Saved seabird_dataset/beacon_debug/frame_243090.png
[beacon] Saved seabird_dataset/beacon_debug/frame_243120.png
[beacon] Saved seabird_dataset/beacon_debug/frame_243150.png
[beacon] Saved seabird_dataset/beacon_debug/frame_243180.png
[beacon] Saved seabird_dataset/beacon_debug/frame_243210.png
[beacon] Saved seabird_dataset/beacon_debug/frame_243240.png
[beacon] Saved seabird_dataset/beacon_debug/frame_243270.png
[beacon] Saved seabird_dataset/beacon_debug/frame_243300.png
[beacon] Saved seabird_dataset/beacon_debug/frame_243330.png
[beacon] Saved seabird_dataset/beacon_debug/frame_243360.png
[beacon] Saved seabird_dataset/beacon_debug/frame_243390.png
[beacon] Saved seabird_dataset/beacon_debug/frame_243420.png
[beacon] Saved seabird_dataset/beacon_debug/frame_243450.png
[beacon] Saved seabird_dataset/beacon_debug/frame_243480.png
[beacon] Saved seabird_dataset/beacon_debug/frame_243510.png
[beacon] Saved seabird_dataset/beacon_debug/frame_243540.png
[beacon] Saved seabird_dataset/beacon_debug/frame_243570.png
[beacon] Saved seabird_dataset/beacon_debug/frame_243600.png
[beacon] Saved seabird_dataset/beacon_debug/frame_243630.png
[beacon] Saved seabird_dataset/beacon_debug/frame_243660.png
[beacon] Saved seabird_dataset/beacon_debug/frame_243690.png
[beacon] Saved seabird_dataset/beacon_debug/frame_243720.png
[beacon] Saved seabird_dataset/beacon_debug/frame_243750.png
[beacon] Saved seabird_dataset/beacon_debug/frame_243780.png
[beacon] Saved seabird_dataset/beacon_debug/frame_243810.png
[beacon] Saved seabird_dataset/beacon_debug/frame_243840.png
[beacon] Saved seabird_dataset/beacon_debug/frame_243870.png
[beacon] Saved seabird_dataset/beacon_debug/frame_243900.png
[beacon] Saved seabird_dataset/beacon_debug/frame_243930.png
[beacon] Saved seabird_dataset/beacon_debug/frame_243960.png
[beacon] Saved seabird_dataset/beacon_debug/frame_243990.png
[beacon] Saved seabird_dataset/beacon_debug/frame_244020.png
[beacon] Saved seabird_dataset/beacon_debug/frame_244050.png
[beacon] Saved seabird_dataset/beacon_debug/frame_244080.png
[beacon] Saved seabird_dataset/beacon_debug/frame_244110.png
[beacon] Saved seabird_dataset/beacon_debug/frame_244140.png
[beacon] Saved seabird_dataset/beacon_debug/frame_244170.png
[beacon] Saved seabird_dataset/beacon_debug/frame_244200.png
[beacon] Saved seabird_dataset/beacon_debug/frame_244230.png
[beacon] Saved seabird_dataset/beacon_debug/frame_244260.png
[beacon] Saved seabird_dataset/beacon_debug/frame_244290.png
[beacon] Saved seabird_dataset/beacon_debug/frame_244320.png
[beacon] Saved seabird_dataset/beacon_debug/frame_244350.png
[beacon] Saved seabird_dataset/beacon_debug/frame_244380.png
[beacon] Saved seabird_dataset/beacon_debug/frame_244410.png
[beacon] Saved seabird_dataset/beacon_debug/frame_244440.png
[beacon] Saved seabird_dataset/beacon_debug/frame_244470.png
[beacon] Saved seabird_dataset/beacon_debug/frame_244500.png
[beacon] Saved seabird_dataset/beacon_debug/frame_244530.png
[beacon] Saved seabird_dataset/beacon_debug/frame_244560.png
[beacon] Saved seabird_dataset/beacon_debug/frame_244590.png
[beacon] Saved seabird_dataset/beacon_debug/frame_244620.png
[beacon] Saved seabird_dataset/beacon_debug/frame_244650.png
[beacon] Saved seabird_dataset/beacon_debug/frame_244680.png
[beacon] Saved seabird_dataset/beacon_debug/frame_244710.png
[beacon] Saved seabird_dataset/beacon_debug/frame_244740.png
[beacon] Saved seabird_dataset/beacon_debug/frame_244770.png
[beacon] Saved seabird_dataset/beacon_debug/frame_244800.png
[beacon] Saved seabird_dataset/beacon_debug/frame_244830.png
[beacon] Saved seabird_dataset/beacon_debug/frame_244860.png
[beacon] Saved seabird_dataset/beacon_debug/frame_244890.png
[beacon] Saved seabird_dataset/beacon_debug/frame_244920.png
[beacon] Saved seabird_dataset/beacon_debug/frame_244950.png
[beacon] Saved seabird_dataset/beacon_debug/frame_244980.png
[beacon] Saved seabird_dataset/beacon_debug/frame_245010.png
[beacon] Saved seabird_dataset/beacon_debug/frame_245040.png
[beacon] Saved seabird_dataset/beacon_debug/frame_245070.png
[beacon] Saved seabird_dataset/beacon_debug/frame_245100.png
[beacon] Saved seabird_dataset/beacon_debug/frame_245130.png
[beacon] Saved seabird_dataset/beacon_debug/frame_245160.png
[beacon] Saved seabird_dataset/beacon_debug/frame_245190.png
[beacon] Saved seabird_dataset/beacon_debug/frame_245220.png
[beacon] Saved seabird_dataset/beacon_debug/frame_245250.png
[beacon] Saved seabird_dataset/beacon_debug/frame_245280.png
[beacon] Saved seabird_dataset/beacon_debug/frame_245310.png
[beacon] Saved seabird_dataset/beacon_debug/frame_245340.png
[beacon] Saved seabird_dataset/beacon_debug/frame_245370.png
[beacon] Saved seabird_dataset/beacon_debug/frame_245400.png
[beacon] Saved seabird_dataset/beacon_debug/frame_245430.png
[beacon] Saved seabird_dataset/beacon_debug/frame_245460.png
[beacon] Saved seabird_dataset/beacon_debug/frame_245490.png
[beacon] Saved seabird_dataset/beacon_debug/frame_245520.png
[beacon] Saved seabird_dataset/beacon_debug/frame_245550.png
[beacon] Saved seabird_dataset/beacon_debug/frame_245580.png
[beacon] Saved seabird_dataset/beacon_debug/frame_245610.png
[beacon] Saved seabird_dataset/beacon_debug/frame_245640.png
[beacon] Saved seabird_dataset/beacon_debug/frame_245670.png
[beacon] Saved seabird_dataset/beacon_debug/frame_245700.png
[beacon] Saved seabird_dataset/beacon_debug/frame_245730.png
[beacon] Saved seabird_dataset/beacon_debug/frame_245760.png
[beacon] Saved seabird_dataset/beacon_debug/frame_245790.png
[beacon] Saved seabird_dataset/beacon_debug/frame_245820.png
[beacon] Saved seabird_dataset/beacon_debug/frame_245850.png
[beacon] Saved seabird_dataset/beacon_debug/frame_245880.png
[beacon] Saved seabird_dataset/beacon_debug/frame_245910.png
[beacon] Saved seabird_dataset/beacon_debug/frame_245940.png
[beacon] Saved seabird_dataset/beacon_debug/frame_245970.png
[beacon] Saved seabird_dataset/beacon_debug/frame_246000.png
[beacon] Saved seabird_dataset/beacon_debug/frame_246030.png
[beacon] Saved seabird_dataset/beacon_debug/frame_246060.png
[beacon] Saved seabird_dataset/beacon_debug/frame_246090.png
[beacon] Saved seabird_dataset/beacon_debug/frame_246120.png
[beacon] Saved seabird_dataset/beacon_debug/frame_246150.png
[beacon] Saved seabird_dataset/beacon_debug/frame_246180.png
[beacon] Saved seabird_dataset/beacon_debug/frame_246210.png
[beacon] Saved seabird_dataset/beacon_debug/frame_246240.png
[beacon] Saved seabird_dataset/beacon_debug/frame_246270.png
[beacon] Saved seabird_dataset/beacon_debug/frame_246300.png
[beacon] Saved seabird_dataset/beacon_debug/frame_246330.png
[beacon] Saved seabird_dataset/beacon_debug/frame_246360.png
[beacon] Saved seabird_dataset/beacon_debug/frame_246390.png
[beacon] Saved seabird_dataset/beacon_debug/frame_246420.png
[beacon] Saved seabird_dataset/beacon_debug/frame_246450.png
[beacon] Saved seabird_dataset/beacon_debug/frame_246480.png
[beacon] Saved seabird_dataset/beacon_debug/frame_246510.png
[beacon] Saved seabird_dataset/beacon_debug/frame_246540.png
[beacon] Saved seabird_dataset/beacon_debug/frame_246570.png
[beacon] Saved seabird_dataset/beacon_debug/frame_246600.png
[beacon] Saved seabird_dataset/beacon_debug/frame_246630.png
[beacon] Saved seabird_dataset/beacon_debug/frame_246660.png
[beacon] Saved seabird_dataset/beacon_debug/frame_246690.png
[beacon] Saved seabird_dataset/beacon_debug/frame_246720.png
[beacon] Saved seabird_dataset/beacon_debug/frame_246750.png
[beacon] Saved seabird_dataset/beacon_debug/frame_246780.png
[beacon] Saved seabird_dataset/beacon_debug/frame_246810.png
[beacon] Saved seabird_dataset/beacon_debug/frame_246840.png
[beacon] Saved seabird_dataset/beacon_debug/frame_246870.png
[beacon] Saved seabird_dataset/beacon_debug/frame_246900.png
[beacon] Saved seabird_dataset/beacon_debug/frame_246930.png
[beacon] Saved seabird_dataset/beacon_debug/frame_246960.png
[beacon] Saved seabird_dataset/beacon_debug/frame_246990.png
[beacon] Saved seabird_dataset/beacon_debug/frame_247020.png
[beacon] Saved seabird_dataset/beacon_debug/frame_247050.png
[beacon] Saved seabird_dataset/beacon_debug/frame_247080.png
[beacon] Saved seabird_dataset/beacon_debug/frame_247110.png
[beacon] Saved seabird_dataset/beacon_debug/frame_247140.png
[beacon] Saved seabird_dataset/beacon_debug/frame_247170.png
[beacon] Saved seabird_dataset/beacon_debug/frame_247200.png
[beacon] Saved seabird_dataset/beacon_debug/frame_247230.png
[beacon] Saved seabird_dataset/beacon_debug/frame_247260.png
[beacon] Saved seabird_dataset/beacon_debug/frame_247290.png
[beacon] Saved seabird_dataset/beacon_debug/frame_247320.png
[beacon] Saved seabird_dataset/beacon_debug/frame_247350.png
[beacon] Saved seabird_dataset/beacon_debug/frame_247380.png
[beacon] Saved seabird_dataset/beacon_debug/frame_247410.png
[beacon] Saved seabird_dataset/beacon_debug/frame_247440.png
[beacon] Saved seabird_dataset/beacon_debug/frame_247470.png
[beacon] Saved seabird_dataset/beacon_debug/frame_247500.png
[beacon] Saved seabird_dataset/beacon_debug/frame_247530.png
[beacon] Saved seabird_dataset/beacon_debug/frame_247560.png
[beacon] Saved seabird_dataset/beacon_debug/frame_247590.png
[beacon] Saved seabird_dataset/beacon_debug/frame_247620.png
[beacon] Saved seabird_dataset/beacon_debug/frame_247650.png
[beacon] Saved seabird_dataset/beacon_debug/frame_247680.png
[beacon] Saved seabird_dataset/beacon_debug/frame_247710.png
[beacon] Saved seabird_dataset/beacon_debug/frame_247740.png
[beacon] Saved seabird_dataset/beacon_debug/frame_247770.png
[beacon] Saved seabird_dataset/beacon_debug/frame_247800.png
[beacon] Saved seabird_dataset/beacon_debug/frame_247830.png
[beacon] Saved seabird_dataset/beacon_debug/frame_247860.png
[beacon] Saved seabird_dataset/beacon_debug/frame_247890.png
[beacon] Saved seabird_dataset/beacon_debug/frame_247920.png
[beacon] Saved seabird_dataset/beacon_debug/frame_247950.png
[beacon] Saved seabird_dataset/beacon_debug/frame_247980.png
[beacon] Saved seabird_dataset/beacon_debug/frame_248010.png
[beacon] Saved seabird_dataset/beacon_debug/frame_248040.png
[beacon] Saved seabird_dataset/beacon_debug/frame_248070.png
[beacon] Saved seabird_dataset/beacon_debug/frame_248100.png
[beacon] Saved seabird_dataset/beacon_debug/frame_248130.png
[beacon] Saved seabird_dataset/beacon_debug/frame_248160.png
[beacon] Saved seabird_dataset/beacon_debug/frame_248190.png
[beacon] Saved seabird_dataset/beacon_debug/frame_248220.png
[beacon] Saved seabird_dataset/beacon_debug/frame_248250.png
[beacon] Saved seabird_dataset/beacon_debug/frame_248280.png
[beacon] Saved seabird_dataset/beacon_debug/frame_248310.png
[beacon] Saved seabird_dataset/beacon_debug/frame_248340.png
[beacon] Saved seabird_dataset/beacon_debug/frame_248370.png
[beacon] Saved seabird_dataset/beacon_debug/frame_248400.png
[beacon] Saved seabird_dataset/beacon_debug/frame_248430.png
[beacon] Saved seabird_dataset/beacon_debug/frame_248460.png
[beacon] Saved seabird_dataset/beacon_debug/frame_248490.png
[beacon] Saved seabird_dataset/beacon_debug/frame_248520.png
[beacon] Saved seabird_dataset/beacon_debug/frame_248550.png
[beacon] Saved seabird_dataset/beacon_debug/frame_248580.png
[beacon] Saved seabird_dataset/beacon_debug/frame_248610.png
[beacon] Saved seabird_dataset/beacon_debug/frame_248640.png
[beacon] Saved seabird_dataset/beacon_debug/frame_248670.png
[beacon] Saved seabird_dataset/beacon_debug/frame_248700.png
[beacon] Saved seabird_dataset/beacon_debug/frame_248730.png
[beacon] Saved seabird_dataset/beacon_debug/frame_248760.png
[beacon] Saved seabird_dataset/beacon_debug/frame_248790.png
[beacon] Saved seabird_dataset/beacon_debug/frame_248820.png
[beacon] Saved seabird_dataset/beacon_debug/frame_248850.png
[beacon] Saved seabird_dataset/beacon_debug/frame_248880.png
[beacon] Saved seabird_dataset/beacon_debug/frame_248910.png
[beacon] Saved seabird_dataset/beacon_debug/frame_248940.png
[beacon] Saved seabird_dataset/beacon_debug/frame_248970.png
[beacon] Saved seabird_dataset/beacon_debug/frame_249000.png
[beacon] Saved seabird_dataset/beacon_debug/frame_249030.png
[beacon] Saved seabird_dataset/beacon_debug/frame_249060.png
[beacon] Saved seabird_dataset/beacon_debug/frame_249090.png
[beacon] Saved seabird_dataset/beacon_debug/frame_249120.png
[beacon] Saved seabird_dataset/beacon_debug/frame_249150.png
[beacon] Saved seabird_dataset/beacon_debug/frame_249180.png
[beacon] Saved seabird_dataset/beacon_debug/frame_249210.png
[beacon] Saved seabird_dataset/beacon_debug/frame_249240.png
[beacon] Saved seabird_dataset/beacon_debug/frame_249270.png
[beacon] Saved seabird_dataset/beacon_debug/frame_249300.png
[beacon] Saved seabird_dataset/beacon_debug/frame_249330.png
[beacon] Saved seabird_dataset/beacon_debug/frame_249360.png
[beacon] Saved seabird_dataset/beacon_debug/frame_249390.png
[beacon] Saved seabird_dataset/beacon_debug/frame_249420.png
[beacon] Saved seabird_dataset/beacon_debug/frame_249450.png
[beacon] Saved seabird_dataset/beacon_debug/frame_249480.png
[beacon] Saved seabird_dataset/beacon_debug/frame_249510.png
[beacon] Saved seabird_dataset/beacon_debug/frame_249540.png
[beacon] Saved seabird_dataset/beacon_debug/frame_249570.png
[beacon] Saved seabird_dataset/beacon_debug/frame_249600.png
[beacon] Saved seabird_dataset/beacon_debug/frame_249630.png
[beacon] Saved seabird_dataset/beacon_debug/frame_249660.png
[beacon] Saved seabird_dataset/beacon_debug/frame_249690.png
[beacon] Saved seabird_dataset/beacon_debug/frame_249720.png
[beacon] Saved seabird_dataset/beacon_debug/frame_249750.png
[beacon] Saved seabird_dataset/beacon_debug/frame_249780.png
[beacon] Saved seabird_dataset/beacon_debug/frame_249810.png
[beacon] Saved seabird_dataset/beacon_debug/frame_249840.png
[beacon] Saved seabird_dataset/beacon_debug/frame_249870.png
[beacon] Saved seabird_dataset/beacon_debug/frame_249900.png
[beacon] Saved seabird_dataset/beacon_debug/frame_249930.png
[beacon] Saved seabird_dataset/beacon_debug/frame_249960.png
[beacon] Saved seabird_dataset/beacon_debug/frame_249990.png
[beacon] Saved seabird_dataset/beacon_debug/frame_250020.png
[beacon] Saved seabird_dataset/beacon_debug/frame_250050.png
[beacon] Saved seabird_dataset/beacon_debug/frame_250080.png
[beacon] Saved seabird_dataset/beacon_debug/frame_250110.png
[beacon] Saved seabird_dataset/beacon_debug/frame_250140.png
[beacon] Saved seabird_dataset/beacon_debug/frame_250170.png
[beacon] Saved seabird_dataset/beacon_debug/frame_250200.png
[beacon] Saved seabird_dataset/beacon_debug/frame_250230.png
[beacon] Saved seabird_dataset/beacon_debug/frame_250260.png
[beacon] Saved seabird_dataset/beacon_debug/frame_250290.png
[beacon] Saved seabird_dataset/beacon_debug/frame_250320.png
[beacon] Saved seabird_dataset/beacon_debug/frame_250350.png
[beacon] Saved seabird_dataset/beacon_debug/frame_250380.png
[beacon] Saved seabird_dataset/beacon_debug/frame_250410.png
[beacon] Saved seabird_dataset/beacon_debug/frame_250440.png
[beacon] Saved seabird_dataset/beacon_debug/frame_250470.png
[beacon] Saved seabird_dataset/beacon_debug/frame_250500.png
[beacon] Saved seabird_dataset/beacon_debug/frame_250530.png
[beacon] Saved seabird_dataset/beacon_debug/frame_250560.png
[beacon] Saved seabird_dataset/beacon_debug/frame_250590.png
[beacon] Saved seabird_dataset/beacon_debug/frame_250620.png
[beacon] Saved seabird_dataset/beacon_debug/frame_250650.png
[beacon] Saved seabird_dataset/beacon_debug/frame_250680.png
[beacon] Saved seabird_dataset/beacon_debug/frame_250710.png
[beacon] Saved seabird_dataset/beacon_debug/frame_250740.png
[beacon] Saved seabird_dataset/beacon_debug/frame_250770.png
[beacon] Saved seabird_dataset/beacon_debug/frame_250800.png
[beacon] Saved seabird_dataset/beacon_debug/frame_250830.png
[beacon] Saved seabird_dataset/beacon_debug/frame_250860.png
[beacon] Saved seabird_dataset/beacon_debug/frame_250890.png
[beacon] Saved seabird_dataset/beacon_debug/frame_250920.png
[beacon] Saved seabird_dataset/beacon_debug/frame_250950.png
[beacon] Saved seabird_dataset/beacon_debug/frame_250980.png
[beacon] Saved seabird_dataset/beacon_debug/frame_251010.png
[beacon] Saved seabird_dataset/beacon_debug/frame_251040.png
[beacon] Saved seabird_dataset/beacon_debug/frame_251070.png
[beacon] Saved seabird_dataset/beacon_debug/frame_251100.png
[beacon] Saved seabird_dataset/beacon_debug/frame_251130.png
[beacon] Saved seabird_dataset/beacon_debug/frame_251160.png
[beacon] Saved seabird_dataset/beacon_debug/frame_251190.png
[beacon] Saved seabird_dataset/beacon_debug/frame_251220.png
[beacon] Saved seabird_dataset/beacon_debug/frame_251250.png
[beacon] Saved seabird_dataset/beacon_debug/frame_251280.png
[beacon] Saved seabird_dataset/beacon_debug/frame_251310.png
[beacon] Saved seabird_dataset/beacon_debug/frame_251340.png
[beacon] Saved seabird_dataset/beacon_debug/frame_251370.png
[beacon] Saved seabird_dataset/beacon_debug/frame_251400.png
[beacon] Saved seabird_dataset/beacon_debug/frame_251430.png
[beacon] Saved seabird_dataset/beacon_debug/frame_251460.png
[beacon] Saved seabird_dataset/beacon_debug/frame_251490.png
[beacon] Saved seabird_dataset/beacon_debug/frame_251520.png
[beacon] Saved seabird_dataset/beacon_debug/frame_251550.png
[beacon] Saved seabird_dataset/beacon_debug/frame_251580.png
[beacon] Saved seabird_dataset/beacon_debug/frame_251610.png
[beacon] Saved seabird_dataset/beacon_debug/frame_251640.png
[beacon] Saved seabird_dataset/beacon_debug/frame_251670.png
[beacon] Saved seabird_dataset/beacon_debug/frame_251700.png
[beacon] Saved seabird_dataset/beacon_debug/frame_251730.png
[beacon] Saved seabird_dataset/beacon_debug/frame_251760.png
[beacon] Saved seabird_dataset/beacon_debug/frame_251790.png
[beacon] Saved seabird_dataset/beacon_debug/frame_251820.png
[beacon] Saved seabird_dataset/beacon_debug/frame_251850.png
[beacon] Saved seabird_dataset/beacon_debug/frame_251880.png
[beacon] Saved seabird_dataset/beacon_debug/frame_251910.png
[beacon] Saved seabird_dataset/beacon_debug/frame_251940.png
[beacon] Saved seabird_dataset/beacon_debug/frame_251970.png
[beacon] Saved seabird_dataset/beacon_debug/frame_252000.png
[beacon] Saved seabird_dataset/beacon_debug/frame_252030.png
[beacon] Saved seabird_dataset/beacon_debug/frame_252060.png
[beacon] Saved seabird_dataset/beacon_debug/frame_252090.png
[beacon] Saved seabird_dataset/beacon_debug/frame_252120.png
[beacon] Saved seabird_dataset/beacon_debug/frame_252150.png
[beacon] Saved seabird_dataset/beacon_debug/frame_252180.png
[beacon] Saved seabird_dataset/beacon_debug/frame_252210.png
[beacon] Saved seabird_dataset/beacon_debug/frame_252240.png
[beacon] Saved seabird_dataset/beacon_debug/frame_252270.png
[beacon] Saved seabird_dataset/beacon_debug/frame_252300.png
[beacon] Saved seabird_dataset/beacon_debug/frame_252330.png
[beacon] Saved seabird_dataset/beacon_debug/frame_252360.png
[beacon] Saved seabird_dataset/beacon_debug/frame_252390.png
[beacon] Saved seabird_dataset/beacon_debug/frame_252420.png
[beacon] Saved seabird_dataset/beacon_debug/frame_252450.png
[beacon] Saved seabird_dataset/beacon_debug/frame_252480.png
[beacon] Saved seabird_dataset/beacon_debug/frame_252510.png
[beacon] Saved seabird_dataset/beacon_debug/frame_252540.png
[beacon] Saved seabird_dataset/beacon_debug/frame_252570.png
[beacon] Saved seabird_dataset/beacon_debug/frame_252600.png
[beacon] Saved seabird_dataset/beacon_debug/frame_252630.png
[beacon] Saved seabird_dataset/beacon_debug/frame_252660.png
[beacon] Saved seabird_dataset/beacon_debug/frame_252690.png
[beacon] Saved seabird_dataset/beacon_debug/frame_252720.png
[beacon] Saved seabird_dataset/beacon_debug/frame_252750.png
[beacon] Saved seabird_dataset/beacon_debug/frame_252780.png
[beacon] Saved seabird_dataset/beacon_debug/frame_252810.png
[beacon] Saved seabird_dataset/beacon_debug/frame_252840.png
[beacon] Saved seabird_dataset/beacon_debug/frame_252870.png
[beacon] Saved seabird_dataset/beacon_debug/frame_252900.png
[beacon] Saved seabird_dataset/beacon_debug/frame_252930.png
[beacon] Saved seabird_dataset/beacon_debug/frame_252960.png
[beacon] Saved seabird_dataset/beacon_debug/frame_252990.png
[beacon] Saved seabird_dataset/beacon_debug/frame_253020.png
[beacon] Saved seabird_dataset/beacon_debug/frame_253050.png
[beacon] Saved seabird_dataset/beacon_debug/frame_253080.png
[beacon] Saved seabird_dataset/beacon_debug/frame_253110.png
[beacon] Saved seabird_dataset/beacon_debug/frame_253140.png
[beacon] Saved seabird_dataset/beacon_debug/frame_253170.png
[beacon] Saved seabird_dataset/beacon_debug/frame_253200.png
[beacon] Saved seabird_dataset/beacon_debug/frame_253230.png
[beacon] Saved seabird_dataset/beacon_debug/frame_253260.png
[beacon] Saved seabird_dataset/beacon_debug/frame_253290.png
[beacon] Saved seabird_dataset/beacon_debug/frame_253320.png
[beacon] Saved seabird_dataset/beacon_debug/frame_253350.png
[beacon] Saved seabird_dataset/beacon_debug/frame_253380.png
[beacon] Saved seabird_dataset/beacon_debug/frame_253410.png
[beacon] Saved seabird_dataset/beacon_debug/frame_253440.png
[beacon] Saved seabird_dataset/beacon_debug/frame_253470.png
[beacon] Saved seabird_dataset/beacon_debug/frame_253500.png
[beacon] Saved seabird_dataset/beacon_debug/frame_253530.png
[beacon] Saved seabird_dataset/beacon_debug/frame_253560.png
[beacon] Saved seabird_dataset/beacon_debug/frame_253590.png
[beacon] Saved seabird_dataset/beacon_debug/frame_253620.png
[beacon] Saved seabird_dataset/beacon_debug/frame_253650.png
[beacon] Saved seabird_dataset/beacon_debug/frame_253680.png
[beacon] Saved seabird_dataset/beacon_debug/frame_253710.png
[beacon] Saved seabird_dataset/beacon_debug/frame_253740.png
[beacon] Saved seabird_dataset/beacon_debug/frame_253770.png
[beacon] Saved seabird_dataset/beacon_debug/frame_253800.png
[beacon] Saved seabird_dataset/beacon_debug/frame_253830.png
[beacon] Saved seabird_dataset/beacon_debug/frame_253860.png
[beacon] Saved seabird_dataset/beacon_debug/frame_253890.png
[beacon] Saved seabird_dataset/beacon_debug/frame_253920.png
[beacon] Saved seabird_dataset/beacon_debug/frame_253950.png
[beacon] Saved seabird_dataset/beacon_debug/frame_253980.png
[beacon] Saved seabird_dataset/beacon_debug/frame_254010.png
[beacon] Saved seabird_dataset/beacon_debug/frame_254040.png
[beacon] Saved seabird_dataset/beacon_debug/frame_254070.png
[beacon] Saved seabird_dataset/beacon_debug/frame_254100.png
[beacon] Saved seabird_dataset/beacon_debug/frame_254130.png
[beacon] Saved seabird_dataset/beacon_debug/frame_254160.png
[beacon] Saved seabird_dataset/beacon_debug/frame_254190.png
[beacon] Saved seabird_dataset/beacon_debug/frame_254220.png
[beacon] Saved seabird_dataset/beacon_debug/frame_254250.png
[beacon] Saved seabird_dataset/beacon_debug/frame_254280.png
[beacon] Saved seabird_dataset/beacon_debug/frame_254310.png
[beacon] Saved seabird_dataset/beacon_debug/frame_254340.png
[beacon] Saved seabird_dataset/beacon_debug/frame_254370.png
[beacon] Saved seabird_dataset/beacon_debug/frame_254400.png
[beacon] Saved seabird_dataset/beacon_debug/frame_254430.png
[beacon] Saved seabird_dataset/beacon_debug/frame_254460.png
[beacon] Saved seabird_dataset/beacon_debug/frame_254490.png
[beacon] Saved seabird_dataset/beacon_debug/frame_254520.png
[beacon] Saved seabird_dataset/beacon_debug/frame_254550.png
[beacon] Saved seabird_dataset/beacon_debug/frame_254580.png
[beacon] Saved seabird_dataset/beacon_debug/frame_254610.png
[beacon] Saved seabird_dataset/beacon_debug/frame_254640.png
[beacon] Saved seabird_dataset/beacon_debug/frame_254670.png
[beacon] Saved seabird_dataset/beacon_debug/frame_254700.png
[beacon] Saved seabird_dataset/beacon_debug/frame_254730.png
[beacon] Saved seabird_dataset/beacon_debug/frame_254760.png
[beacon] Saved seabird_dataset/beacon_debug/frame_254790.png
[beacon] Saved seabird_dataset/beacon_debug/frame_254820.png
[beacon] Saved seabird_dataset/beacon_debug/frame_254850.png
[beacon] Saved seabird_dataset/beacon_debug/frame_254880.png
[beacon] Saved seabird_dataset/beacon_debug/frame_254910.png
[beacon] Saved seabird_dataset/beacon_debug/frame_254940.png
[beacon] Saved seabird_dataset/beacon_debug/frame_254970.png
[beacon] Saved seabird_dataset/beacon_debug/frame_255000.png
[beacon] Saved seabird_dataset/beacon_debug/frame_255030.png
[beacon] Saved seabird_dataset/beacon_debug/frame_255060.png
[beacon] Saved seabird_dataset/beacon_debug/frame_255090.png
[beacon] Saved seabird_dataset/beacon_debug/frame_255120.png
[beacon] Saved seabird_dataset/beacon_debug/frame_255150.png
[beacon] Saved seabird_dataset/beacon_debug/frame_255180.png
[beacon] Saved seabird_dataset/beacon_debug/frame_255210.png
[beacon] Saved seabird_dataset/beacon_debug/frame_255240.png
[beacon] Saved seabird_dataset/beacon_debug/frame_255270.png
[beacon] Saved seabird_dataset/beacon_debug/frame_255300.png
[beacon] Saved seabird_dataset/beacon_debug/frame_255330.png
[beacon] Saved seabird_dataset/beacon_debug/frame_255360.png
[beacon] Saved seabird_dataset/beacon_debug/frame_255390.png
[beacon] Saved seabird_dataset/beacon_debug/frame_255420.png
[beacon] Saved seabird_dataset/beacon_debug/frame_255450.png
[beacon] Saved seabird_dataset/beacon_debug/frame_255480.png
[beacon] Saved seabird_dataset/beacon_debug/frame_255510.png
[beacon] Saved seabird_dataset/beacon_debug/frame_255540.png
[beacon] Saved seabird_dataset/beacon_debug/frame_255570.png
[beacon] Saved seabird_dataset/beacon_debug/frame_255600.png
[beacon] Saved seabird_dataset/beacon_debug/frame_255630.png
[beacon] Saved seabird_dataset/beacon_debug/frame_255660.png
[beacon] Saved seabird_dataset/beacon_debug/frame_255690.png
[beacon] Saved seabird_dataset/beacon_debug/frame_255720.png
[beacon] Saved seabird_dataset/beacon_debug/frame_255750.png
[beacon] Saved seabird_dataset/beacon_debug/frame_255780.png
[beacon] Saved seabird_dataset/beacon_debug/frame_255810.png
[beacon] Saved seabird_dataset/beacon_debug/frame_255840.png
[beacon] Saved seabird_dataset/beacon_debug/frame_255870.png
[beacon] Saved seabird_dataset/beacon_debug/frame_255900.png
[beacon] Saved seabird_dataset/beacon_debug/frame_255930.png
[beacon] Saved seabird_dataset/beacon_debug/frame_255960.png
[beacon] Saved seabird_dataset/beacon_debug/frame_255990.png
[beacon] Saved seabird_dataset/beacon_debug/frame_256020.png
[beacon] Saved seabird_dataset/beacon_debug/frame_256050.png
[beacon] Saved seabird_dataset/beacon_debug/frame_256080.png
[beacon] Saved seabird_dataset/beacon_debug/frame_256110.png
[beacon] Saved seabird_dataset/beacon_debug/frame_256140.png
[beacon] Saved seabird_dataset/beacon_debug/frame_256170.png
[beacon] Saved seabird_dataset/beacon_debug/frame_256200.png
[beacon] Saved seabird_dataset/beacon_debug/frame_256230.png
[beacon] Saved seabird_dataset/beacon_debug/frame_256260.png
[beacon] Saved seabird_dataset/beacon_debug/frame_256290.png
[beacon] Saved seabird_dataset/beacon_debug/frame_256320.png
[beacon] Saved seabird_dataset/beacon_debug/frame_256350.png
[beacon] Saved seabird_dataset/beacon_debug/frame_256380.png
[beacon] Saved seabird_dataset/beacon_debug/frame_256410.png
[beacon] Saved seabird_dataset/beacon_debug/frame_256440.png
[beacon] Saved seabird_dataset/beacon_debug/frame_256470.png
[beacon] Saved seabird_dataset/beacon_debug/frame_256500.png
[beacon] Saved seabird_dataset/beacon_debug/frame_256530.png
[beacon] Saved seabird_dataset/beacon_debug/frame_256560.png
[beacon] Saved seabird_dataset/beacon_debug/frame_256590.png
[beacon] Saved seabird_dataset/beacon_debug/frame_256620.png
[beacon] Saved seabird_dataset/beacon_debug/frame_256650.png
[beacon] Saved seabird_dataset/beacon_debug/frame_256680.png
[beacon] Saved seabird_dataset/beacon_debug/frame_256710.png
[beacon] Saved seabird_dataset/beacon_debug/frame_256740.png
[beacon] Saved seabird_dataset/beacon_debug/frame_256770.png
[beacon] Saved seabird_dataset/beacon_debug/frame_256800.png
[beacon] Saved seabird_dataset/beacon_debug/frame_256830.png
[beacon] Saved seabird_dataset/beacon_debug/frame_256860.png
[beacon] Saved seabird_dataset/beacon_debug/frame_256890.png
[beacon] Saved seabird_dataset/beacon_debug/frame_256920.png
[beacon] Saved seabird_dataset/beacon_debug/frame_256950.png
[beacon] Saved seabird_dataset/beacon_debug/frame_256980.png
[beacon] Saved seabird_dataset/beacon_debug/frame_257010.png
[beacon] Saved seabird_dataset/beacon_debug/frame_257040.png
[beacon] Saved seabird_dataset/beacon_debug/frame_257070.png
[beacon] Saved seabird_dataset/beacon_debug/frame_257100.png
[beacon] Saved seabird_dataset/beacon_debug/frame_257130.png
[beacon] Saved seabird_dataset/beacon_debug/frame_257160.png
[beacon] Saved seabird_dataset/beacon_debug/frame_257190.png
[beacon] Saved seabird_dataset/beacon_debug/frame_257220.png
[beacon] Saved seabird_dataset/beacon_debug/frame_257250.png
[beacon] Saved seabird_dataset/beacon_debug/frame_257280.png
[beacon] Saved seabird_dataset/beacon_debug/frame_257310.png
[beacon] Saved seabird_dataset/beacon_debug/frame_257340.png
[beacon] Saved seabird_dataset/beacon_debug/frame_257370.png
[beacon] Saved seabird_dataset/beacon_debug/frame_257400.png
[beacon] Saved seabird_dataset/beacon_debug/frame_257430.png
[beacon] Saved seabird_dataset/beacon_debug/frame_257460.png
[beacon] Saved seabird_dataset/beacon_debug/frame_257490.png
[beacon] Saved seabird_dataset/beacon_debug/frame_257520.png
[beacon] Saved seabird_dataset/beacon_debug/frame_257550.png
[beacon] Saved seabird_dataset/beacon_debug/frame_257580.png
[beacon] Saved seabird_dataset/beacon_debug/frame_257610.png
[beacon] Saved seabird_dataset/beacon_debug/frame_257640.png
[beacon] Saved seabird_dataset/beacon_debug/frame_257670.png
[beacon] Saved seabird_dataset/beacon_debug/frame_257700.png
[beacon] Saved seabird_dataset/beacon_debug/frame_257730.png
[beacon] Saved seabird_dataset/beacon_debug/frame_257760.png
[beacon] Saved seabird_dataset/beacon_debug/frame_257790.png
[beacon] Saved seabird_dataset/beacon_debug/frame_257820.png
[beacon] Saved seabird_dataset/beacon_debug/frame_257850.png
[beacon] Saved seabird_dataset/beacon_debug/frame_257880.png
[beacon] Saved seabird_dataset/beacon_debug/frame_257910.png
[beacon] Saved seabird_dataset/beacon_debug/frame_257940.png
[beacon] Saved seabird_dataset/beacon_debug/frame_257970.png
[beacon] Saved seabird_dataset/beacon_debug/frame_258000.png
[beacon] Saved seabird_dataset/beacon_debug/frame_258030.png
[beacon] Saved seabird_dataset/beacon_debug/frame_258060.png
[beacon] Saved seabird_dataset/beacon_debug/frame_258090.png
[beacon] Saved seabird_dataset/beacon_debug/frame_258120.png
[beacon] Saved seabird_dataset/beacon_debug/frame_258150.png
[beacon] Saved seabird_dataset/beacon_debug/frame_258180.png
[beacon] Saved seabird_dataset/beacon_debug/frame_258210.png
[beacon] Saved seabird_dataset/beacon_debug/frame_258240.png
[beacon] Saved seabird_dataset/beacon_debug/frame_258270.png
[beacon] Saved seabird_dataset/beacon_debug/frame_258300.png
[beacon] Saved seabird_dataset/beacon_debug/frame_258330.png
[beacon] Saved seabird_dataset/beacon_debug/frame_258360.png
[beacon] Saved seabird_dataset/beacon_debug/frame_258390.png
[beacon] Saved seabird_dataset/beacon_debug/frame_258420.png
[beacon] Saved seabird_dataset/beacon_debug/frame_258450.png
[beacon] Saved seabird_dataset/beacon_debug/frame_258480.png
[beacon] Saved seabird_dataset/beacon_debug/frame_258510.png
[beacon] Saved seabird_dataset/beacon_debug/frame_258540.png
[beacon] Saved seabird_dataset/beacon_debug/frame_258570.png
[beacon] Saved seabird_dataset/beacon_debug/frame_258600.png
[beacon] Saved seabird_dataset/beacon_debug/frame_258630.png
[beacon] Saved seabird_dataset/beacon_debug/frame_258660.png
[beacon] Saved seabird_dataset/beacon_debug/frame_258690.png
[beacon] Saved seabird_dataset/beacon_debug/frame_258720.png
[beacon] Saved seabird_dataset/beacon_debug/frame_258750.png
[beacon] Saved seabird_dataset/beacon_debug/frame_258780.png
[beacon] Saved seabird_dataset/beacon_debug/frame_258810.png
[beacon] Saved seabird_dataset/beacon_debug/frame_258840.png
[beacon] Saved seabird_dataset/beacon_debug/frame_258870.png
[beacon] Saved seabird_dataset/beacon_debug/frame_258900.png
[beacon] Saved seabird_dataset/beacon_debug/frame_258930.png
[beacon] Saved seabird_dataset/beacon_debug/frame_258960.png
[beacon] Saved seabird_dataset/beacon_debug/frame_258990.png
[beacon] Saved seabird_dataset/beacon_debug/frame_259020.png
[beacon] Saved seabird_dataset/beacon_debug/frame_259050.png
[beacon] Saved seabird_dataset/beacon_debug/frame_259080.png
[beacon] Saved seabird_dataset/beacon_debug/frame_259110.png
[beacon] Saved seabird_dataset/beacon_debug/frame_259140.png
[beacon] Saved seabird_dataset/beacon_debug/frame_259170.png
[beacon] Saved seabird_dataset/beacon_debug/frame_259200.png
[beacon] Saved seabird_dataset/beacon_debug/frame_259230.png
[beacon] Saved seabird_dataset/beacon_debug/frame_259260.png
[beacon] Saved seabird_dataset/beacon_debug/frame_259290.png
[beacon] Saved seabird_dataset/beacon_debug/frame_259320.png
[beacon] Saved seabird_dataset/beacon_debug/frame_259350.png
[beacon] Saved seabird_dataset/beacon_debug/frame_259380.png
[beacon] Saved seabird_dataset/beacon_debug/frame_259410.png
[beacon] Saved seabird_dataset/beacon_debug/frame_259440.png
[beacon] Saved seabird_dataset/beacon_debug/frame_259470.png
[beacon] Saved seabird_dataset/beacon_debug/frame_259500.png
[beacon] Saved seabird_dataset/beacon_debug/frame_259530.png
[beacon] Saved seabird_dataset/beacon_debug/frame_259560.png
[beacon] Saved seabird_dataset/beacon_debug/frame_259590.png
[beacon] Saved seabird_dataset/beacon_debug/frame_259620.png
[beacon] Saved seabird_dataset/beacon_debug/frame_259650.png
[beacon] Saved seabird_dataset/beacon_debug/frame_259680.png
[beacon] Saved seabird_dataset/beacon_debug/frame_259710.png
[beacon] Saved seabird_dataset/beacon_debug/frame_259740.png
[beacon] Saved seabird_dataset/beacon_debug/frame_259770.png
[beacon] Saved seabird_dataset/beacon_debug/frame_259800.png
[beacon] Saved seabird_dataset/beacon_debug/frame_259830.png
[beacon] Saved seabird_dataset/beacon_debug/frame_259860.png
[beacon] Saved seabird_dataset/beacon_debug/frame_259890.png
[beacon] Saved seabird_dataset/beacon_debug/frame_259920.png
[beacon] Saved seabird_dataset/beacon_debug/frame_259950.png
[beacon] Saved seabird_dataset/beacon_debug/frame_259980.png
[beacon] Saved seabird_dataset/beacon_debug/frame_260010.png
[beacon] Saved seabird_dataset/beacon_debug/frame_260040.png
[beacon] Saved seabird_dataset/beacon_debug/frame_260070.png
[beacon] Saved seabird_dataset/beacon_debug/frame_260100.png
[beacon] Saved seabird_dataset/beacon_debug/frame_260130.png
[beacon] Saved seabird_dataset/beacon_debug/frame_260160.png
[beacon] Saved seabird_dataset/beacon_debug/frame_260190.png
[beacon] Saved seabird_dataset/beacon_debug/frame_260220.png
[beacon] Saved seabird_dataset/beacon_debug/frame_260250.png
[beacon] Saved seabird_dataset/beacon_debug/frame_260280.png
[beacon] Saved seabird_dataset/beacon_debug/frame_260310.png
[beacon] Saved seabird_dataset/beacon_debug/frame_260340.png
[beacon] Saved seabird_dataset/beacon_debug/frame_260370.png
[beacon] Saved seabird_dataset/beacon_debug/frame_260400.png
[beacon] Saved seabird_dataset/beacon_debug/frame_260430.png
[beacon] Saved seabird_dataset/beacon_debug/frame_260460.png
[beacon] Saved seabird_dataset/beacon_debug/frame_260490.png
[beacon] Saved seabird_dataset/beacon_debug/frame_260520.png
[beacon] Saved seabird_dataset/beacon_debug/frame_260550.png
[beacon] Saved seabird_dataset/beacon_debug/frame_260580.png
[beacon] Saved seabird_dataset/beacon_debug/frame_260610.png
[beacon] Saved seabird_dataset/beacon_debug/frame_260640.png
[beacon] Saved seabird_dataset/beacon_debug/frame_260670.png
[beacon] Saved seabird_dataset/beacon_debug/frame_260700.png
[beacon] Saved seabird_dataset/beacon_debug/frame_260730.png
[beacon] Saved seabird_dataset/beacon_debug/frame_260760.png
[beacon] Saved seabird_dataset/beacon_debug/frame_260790.png
[beacon] Saved seabird_dataset/beacon_debug/frame_260820.png
[beacon] Saved seabird_dataset/beacon_debug/frame_260850.png
[beacon] Saved seabird_dataset/beacon_debug/frame_260880.png
[beacon] Saved seabird_dataset/beacon_debug/frame_260910.png
[beacon] Saved seabird_dataset/beacon_debug/frame_260940.png
[beacon] Saved seabird_dataset/beacon_debug/frame_260970.png
[beacon] Saved seabird_dataset/beacon_debug/frame_261000.png
[beacon] Saved seabird_dataset/beacon_debug/frame_261030.png
[beacon] Saved seabird_dataset/beacon_debug/frame_261060.png
[beacon] Saved seabird_dataset/beacon_debug/frame_261090.png
[beacon] Saved seabird_dataset/beacon_debug/frame_261120.png
[beacon] Saved seabird_dataset/beacon_debug/frame_261150.png
[beacon] Saved seabird_dataset/beacon_debug/frame_261180.png
[beacon] Saved seabird_dataset/beacon_debug/frame_261210.png
[beacon] Saved seabird_dataset/beacon_debug/frame_261240.png
[beacon] Saved seabird_dataset/beacon_debug/frame_261270.png
[beacon] Saved seabird_dataset/beacon_debug/frame_261300.png
[beacon] Saved seabird_dataset/beacon_debug/frame_261330.png
[beacon] Saved seabird_dataset/beacon_debug/frame_261360.png
[beacon] Saved seabird_dataset/beacon_debug/frame_261390.png
[beacon] Saved seabird_dataset/beacon_debug/frame_261420.png
[beacon] Saved seabird_dataset/beacon_debug/frame_261450.png
[beacon] Saved seabird_dataset/beacon_debug/frame_261480.png
[beacon] Saved seabird_dataset/beacon_debug/frame_261510.png
[beacon] Saved seabird_dataset/beacon_debug/frame_261540.png
[beacon] Saved seabird_dataset/beacon_debug/frame_261570.png
[beacon] Saved seabird_dataset/beacon_debug/frame_261600.png
[beacon] Saved seabird_dataset/beacon_debug/frame_261630.png
[beacon] Saved seabird_dataset/beacon_debug/frame_261660.png
[beacon] Saved seabird_dataset/beacon_debug/frame_261690.png
[beacon] Saved seabird_dataset/beacon_debug/frame_261720.png
[beacon] Saved seabird_dataset/beacon_debug/frame_261750.png
[beacon] Saved seabird_dataset/beacon_debug/frame_261780.png
[beacon] Saved seabird_dataset/beacon_debug/frame_261810.png
[beacon] Saved seabird_dataset/beacon_debug/frame_261840.png
[beacon] Saved seabird_dataset/beacon_debug/frame_261870.png
[beacon] Saved seabird_dataset/beacon_debug/frame_261900.png
[beacon] Saved seabird_dataset/beacon_debug/frame_261930.png
[beacon] Saved seabird_dataset/beacon_debug/frame_261960.png
[beacon] Saved seabird_dataset/beacon_debug/frame_261990.png
[beacon] Saved seabird_dataset/beacon_debug/frame_262020.png
[beacon] Saved seabird_dataset/beacon_debug/frame_262050.png
[beacon] Saved seabird_dataset/beacon_debug/frame_262080.png
[beacon] Saved seabird_dataset/beacon_debug/frame_262110.png
[beacon] Saved seabird_dataset/beacon_debug/frame_262140.png
[beacon] Saved seabird_dataset/beacon_debug/frame_262170.png
[beacon] Saved seabird_dataset/beacon_debug/frame_262200.png
[beacon] Saved seabird_dataset/beacon_debug/frame_262230.png
[beacon] Saved seabird_dataset/beacon_debug/frame_262260.png
[beacon] Saved seabird_dataset/beacon_debug/frame_262290.png
[beacon] Saved seabird_dataset/beacon_debug/frame_262320.png
[beacon] Saved seabird_dataset/beacon_debug/frame_262350.png
[beacon] Saved seabird_dataset/beacon_debug/frame_262380.png
[beacon] Saved seabird_dataset/beacon_debug/frame_262410.png
[beacon] Saved seabird_dataset/beacon_debug/frame_262440.png
[beacon] Saved seabird_dataset/beacon_debug/frame_262470.png
[beacon] Saved seabird_dataset/beacon_debug/frame_262500.png
[beacon] Saved seabird_dataset/beacon_debug/frame_262530.png
[beacon] Saved seabird_dataset/beacon_debug/frame_262560.png
[beacon] Saved seabird_dataset/beacon_debug/frame_262590.png
[beacon] Saved seabird_dataset/beacon_debug/frame_262620.png
[beacon] Saved seabird_dataset/beacon_debug/frame_262650.png
[beacon] Saved seabird_dataset/beacon_debug/frame_262680.png
[beacon] Saved seabird_dataset/beacon_debug/frame_262710.png
[beacon] Saved seabird_dataset/beacon_debug/frame_262740.png
[beacon] Saved seabird_dataset/beacon_debug/frame_262770.png
[beacon] Saved seabird_dataset/beacon_debug/frame_262800.png
[beacon] Saved seabird_dataset/beacon_debug/frame_262830.png
[beacon] Saved seabird_dataset/beacon_debug/frame_262860.png
[beacon] Saved seabird_dataset/beacon_debug/frame_262890.png
[beacon] Saved seabird_dataset/beacon_debug/frame_262920.png
[beacon] Saved seabird_dataset/beacon_debug/frame_262950.png
[beacon] Saved seabird_dataset/beacon_debug/frame_262980.png
[beacon] Saved seabird_dataset/beacon_debug/frame_263010.png
[beacon] Saved seabird_dataset/beacon_debug/frame_263040.png
[beacon] Saved seabird_dataset/beacon_debug/frame_263070.png
[beacon] Saved seabird_dataset/beacon_debug/frame_263100.png
[beacon] Saved seabird_dataset/beacon_debug/frame_263130.png
[beacon] Saved seabird_dataset/beacon_debug/frame_263160.png
[beacon] Saved seabird_dataset/beacon_debug/frame_263190.png
[beacon] Saved seabird_dataset/beacon_debug/frame_263220.png
[beacon] Saved seabird_dataset/beacon_debug/frame_263250.png
[beacon] Saved seabird_dataset/beacon_debug/frame_263280.png
[beacon] Saved seabird_dataset/beacon_debug/frame_263310.png
[beacon] Saved seabird_dataset/beacon_debug/frame_263340.png
[beacon] Saved seabird_dataset/beacon_debug/frame_263370.png
[beacon] Saved seabird_dataset/beacon_debug/frame_263400.png
[beacon] Saved seabird_dataset/beacon_debug/frame_263430.png
[beacon] Saved seabird_dataset/beacon_debug/frame_263460.png
[beacon] Saved seabird_dataset/beacon_debug/frame_263490.png
[beacon] Saved seabird_dataset/beacon_debug/frame_263520.png
[beacon] Saved seabird_dataset/beacon_debug/frame_263550.png
[beacon] Saved seabird_dataset/beacon_debug/frame_263580.png
[beacon] Saved seabird_dataset/beacon_debug/frame_263610.png
[beacon] Saved seabird_dataset/beacon_debug/frame_263640.png
[beacon] Saved seabird_dataset/beacon_debug/frame_263670.png
[beacon] Saved seabird_dataset/beacon_debug/frame_263700.png
[beacon] Saved seabird_dataset/beacon_debug/frame_263730.png
[beacon] Saved seabird_dataset/beacon_debug/frame_263760.png
[beacon] Saved seabird_dataset/beacon_debug/frame_263790.png
[beacon] Saved seabird_dataset/beacon_debug/frame_263820.png
[beacon] Saved seabird_dataset/beacon_debug/frame_263850.png
[beacon] Saved seabird_dataset/beacon_debug/frame_263880.png
[beacon] Saved seabird_dataset/beacon_debug/frame_263910.png
[beacon] Saved seabird_dataset/beacon_debug/frame_263940.png
[beacon] Saved seabird_dataset/beacon_debug/frame_263970.png
[beacon] Saved seabird_dataset/beacon_debug/frame_264000.png
[beacon] Saved seabird_dataset/beacon_debug/frame_264030.png
[beacon] Saved seabird_dataset/beacon_debug/frame_264060.png
[beacon] Saved seabird_dataset/beacon_debug/frame_264090.png
[beacon] Saved seabird_dataset/beacon_debug/frame_264120.png
[beacon] Saved seabird_dataset/beacon_debug/frame_264150.png
[beacon] Saved seabird_dataset/beacon_debug/frame_264180.png
[beacon] Saved seabird_dataset/beacon_debug/frame_264210.png
[beacon] Saved seabird_dataset/beacon_debug/frame_264240.png
[beacon] Saved seabird_dataset/beacon_debug/frame_264270.png
[beacon] Saved seabird_dataset/beacon_debug/frame_264300.png
[beacon] Saved seabird_dataset/beacon_debug/frame_264330.png
[beacon] Saved seabird_dataset/beacon_debug/frame_264360.png
[beacon] Saved seabird_dataset/beacon_debug/frame_264390.png
[beacon] Saved seabird_dataset/beacon_debug/frame_264420.png
[beacon] Saved seabird_dataset/beacon_debug/frame_264450.png
[beacon] Saved seabird_dataset/beacon_debug/frame_264480.png
[beacon] Saved seabird_dataset/beacon_debug/frame_264510.png
[beacon] Saved seabird_dataset/beacon_debug/frame_264540.png
[beacon] Saved seabird_dataset/beacon_debug/frame_264570.png
[beacon] Saved seabird_dataset/beacon_debug/frame_264600.png
[beacon] Saved seabird_dataset/beacon_debug/frame_264630.png
[beacon] Saved seabird_dataset/beacon_debug/frame_264660.png
[beacon] Saved seabird_dataset/beacon_debug/frame_264690.png
[beacon] Saved seabird_dataset/beacon_debug/frame_264720.png
[beacon] Saved seabird_dataset/beacon_debug/frame_264750.png
[beacon] Saved seabird_dataset/beacon_debug/frame_264780.png
[beacon] Saved seabird_dataset/beacon_debug/frame_264810.png
[beacon] Saved seabird_dataset/beacon_debug/frame_264840.png
[beacon] Saved seabird_dataset/beacon_debug/frame_264870.png
[beacon] Saved seabird_dataset/beacon_debug/frame_264900.png
[beacon] Saved seabird_dataset/beacon_debug/frame_264930.png
[beacon] Saved seabird_dataset/beacon_debug/frame_264960.png
[beacon] Saved seabird_dataset/beacon_debug/frame_264990.png
[beacon] Saved seabird_dataset/beacon_debug/frame_265020.png
[beacon] Saved seabird_dataset/beacon_debug/frame_265050.png
[beacon] Saved seabird_dataset/beacon_debug/frame_265080.png
[beacon] Saved seabird_dataset/beacon_debug/frame_265110.png
[beacon] Saved seabird_dataset/beacon_debug/frame_265140.png
[beacon] Saved seabird_dataset/beacon_debug/frame_265170.png
[beacon] Saved seabird_dataset/beacon_debug/frame_265200.png
[beacon] Saved seabird_dataset/beacon_debug/frame_265230.png
[beacon] Saved seabird_dataset/beacon_debug/frame_265260.png
[beacon] Saved seabird_dataset/beacon_debug/frame_265290.png
[beacon] Saved seabird_dataset/beacon_debug/frame_265320.png
[beacon] Saved seabird_dataset/beacon_debug/frame_265350.png
[beacon] Saved seabird_dataset/beacon_debug/frame_265380.png
[beacon] Saved seabird_dataset/beacon_debug/frame_265410.png
[beacon] Saved seabird_dataset/beacon_debug/frame_265440.png
[beacon] Saved seabird_dataset/beacon_debug/frame_265470.png
[beacon] Saved seabird_dataset/beacon_debug/frame_265500.png
[beacon] Saved seabird_dataset/beacon_debug/frame_265530.png
[beacon] Saved seabird_dataset/beacon_debug/frame_265560.png
[beacon] Saved seabird_dataset/beacon_debug/frame_265590.png
[beacon] Saved seabird_dataset/beacon_debug/frame_265620.png
[beacon] Saved seabird_dataset/beacon_debug/frame_265650.png
[beacon] Saved seabird_dataset/beacon_debug/frame_265680.png
[beacon] Saved seabird_dataset/beacon_debug/frame_265710.png
[beacon] Saved seabird_dataset/beacon_debug/frame_265740.png
[beacon] Saved seabird_dataset/beacon_debug/frame_265770.png
[beacon] Saved seabird_dataset/beacon_debug/frame_265800.png
[beacon] Saved seabird_dataset/beacon_debug/frame_265830.png
[beacon] Saved seabird_dataset/beacon_debug/frame_265860.png
[beacon] Saved seabird_dataset/beacon_debug/frame_265890.png
[beacon] Saved seabird_dataset/beacon_debug/frame_265920.png
[beacon] Saved seabird_dataset/beacon_debug/frame_265950.png
[beacon] Saved seabird_dataset/beacon_debug/frame_265980.png
[beacon] Saved seabird_dataset/beacon_debug/frame_266010.png
[beacon] Saved seabird_dataset/beacon_debug/frame_266040.png
[beacon] Saved seabird_dataset/beacon_debug/frame_266070.png
[beacon] Saved seabird_dataset/beacon_debug/frame_266100.png
[beacon] Saved seabird_dataset/beacon_debug/frame_266130.png
[beacon] Saved seabird_dataset/beacon_debug/frame_266160.png
[beacon] Saved seabird_dataset/beacon_debug/frame_266190.png
[beacon] Saved seabird_dataset/beacon_debug/frame_266220.png
[beacon] Saved seabird_dataset/beacon_debug/frame_266250.png
[beacon] Saved seabird_dataset/beacon_debug/frame_266280.png
[beacon] Saved seabird_dataset/beacon_debug/frame_266310.png
[beacon] Saved seabird_dataset/beacon_debug/frame_266340.png
[beacon] Saved seabird_dataset/beacon_debug/frame_266370.png
[beacon] Saved seabird_dataset/beacon_debug/frame_266400.png
[beacon] Saved seabird_dataset/beacon_debug/frame_266430.png
[beacon] Saved seabird_dataset/beacon_debug/frame_266460.png
[beacon] Saved seabird_dataset/beacon_debug/frame_266490.png
[beacon] Saved seabird_dataset/beacon_debug/frame_266520.png
[beacon] Saved seabird_dataset/beacon_debug/frame_266550.png
[beacon] Saved seabird_dataset/beacon_debug/frame_266580.png
[beacon] Saved seabird_dataset/beacon_debug/frame_266610.png
[beacon] Saved seabird_dataset/beacon_debug/frame_266640.png
[beacon] Saved seabird_dataset/beacon_debug/frame_266670.png
[beacon] Saved seabird_dataset/beacon_debug/frame_266700.png
[beacon] Saved seabird_dataset/beacon_debug/frame_266730.png
[beacon] Saved seabird_dataset/beacon_debug/frame_266760.png
[beacon] Saved seabird_dataset/beacon_debug/frame_266790.png
[beacon] Saved seabird_dataset/beacon_debug/frame_266820.png
[beacon] Saved seabird_dataset/beacon_debug/frame_266850.png
[beacon] Saved seabird_dataset/beacon_debug/frame_266880.png
[beacon] Saved seabird_dataset/beacon_debug/frame_266910.png
[beacon] Saved seabird_dataset/beacon_debug/frame_266940.png
[beacon] Saved seabird_dataset/beacon_debug/frame_266970.png
[beacon] Saved seabird_dataset/beacon_debug/frame_267000.png
[beacon] Saved seabird_dataset/beacon_debug/frame_267030.png
[beacon] Saved seabird_dataset/beacon_debug/frame_267060.png
[beacon] Saved seabird_dataset/beacon_debug/frame_267090.png
[beacon] Saved seabird_dataset/beacon_debug/frame_267120.png
[beacon] Saved seabird_dataset/beacon_debug/frame_267150.png
[beacon] Saved seabird_dataset/beacon_debug/frame_267180.png
[beacon] Saved seabird_dataset/beacon_debug/frame_267210.png
[beacon] Saved seabird_dataset/beacon_debug/frame_267240.png
[beacon] Saved seabird_dataset/beacon_debug/frame_267270.png
[beacon] Saved seabird_dataset/beacon_debug/frame_267300.png
[beacon] Saved seabird_dataset/beacon_debug/frame_267330.png
[beacon] Saved seabird_dataset/beacon_debug/frame_267360.png
[beacon] Saved seabird_dataset/beacon_debug/frame_267390.png
[beacon] Saved seabird_dataset/beacon_debug/frame_267420.png
[beacon] Saved seabird_dataset/beacon_debug/frame_267450.png
[beacon] Saved seabird_dataset/beacon_debug/frame_267480.png
[beacon] Saved seabird_dataset/beacon_debug/frame_267510.png
[beacon] Saved seabird_dataset/beacon_debug/frame_267540.png
[beacon] Saved seabird_dataset/beacon_debug/frame_267570.png
[beacon] Saved seabird_dataset/beacon_debug/frame_267600.png
[beacon] Saved seabird_dataset/beacon_debug/frame_267630.png
[beacon] Saved seabird_dataset/beacon_debug/frame_267660.png
[beacon] Saved seabird_dataset/beacon_debug/frame_267690.png
[beacon] Saved seabird_dataset/beacon_debug/frame_267720.png
[beacon] Saved seabird_dataset/beacon_debug/frame_267750.png
[beacon] Saved seabird_dataset/beacon_debug/frame_267780.png
[beacon] Saved seabird_dataset/beacon_debug/frame_267810.png
[beacon] Saved seabird_dataset/beacon_debug/frame_267840.png
[beacon] Saved seabird_dataset/beacon_debug/frame_267870.png
[beacon] Saved seabird_dataset/beacon_debug/frame_267900.png
[beacon] Saved seabird_dataset/beacon_debug/frame_267930.png
[beacon] Saved seabird_dataset/beacon_debug/frame_267960.png
[beacon] Saved seabird_dataset/beacon_debug/frame_267990.png
[beacon] Saved seabird_dataset/beacon_debug/frame_268020.png
[beacon] Saved seabird_dataset/beacon_debug/frame_268050.png
[beacon] Saved seabird_dataset/beacon_debug/frame_268080.png
[beacon] Saved seabird_dataset/beacon_debug/frame_268110.png
[beacon] Saved seabird_dataset/beacon_debug/frame_268140.png
[beacon] Saved seabird_dataset/beacon_debug/frame_268170.png
[beacon] Saved seabird_dataset/beacon_debug/frame_268200.png
[beacon] Saved seabird_dataset/beacon_debug/frame_268230.png
[beacon] Saved seabird_dataset/beacon_debug/frame_268260.png
[beacon] Saved seabird_dataset/beacon_debug/frame_268290.png
[beacon] Saved seabird_dataset/beacon_debug/frame_268320.png
[beacon] Saved seabird_dataset/beacon_debug/frame_268350.png
[beacon] Saved seabird_dataset/beacon_debug/frame_268380.png
[beacon] Saved seabird_dataset/beacon_debug/frame_268410.png
[beacon] Saved seabird_dataset/beacon_debug/frame_268440.png
[beacon] Saved seabird_dataset/beacon_debug/frame_268470.png
[beacon] Saved seabird_dataset/beacon_debug/frame_268500.png
[beacon] Saved seabird_dataset/beacon_debug/frame_268530.png
[beacon] Saved seabird_dataset/beacon_debug/frame_268560.png
[beacon] Saved seabird_dataset/beacon_debug/frame_268590.png
[beacon] Saved seabird_dataset/beacon_debug/frame_268620.png
[beacon] Saved seabird_dataset/beacon_debug/frame_268650.png
[beacon] Saved seabird_dataset/beacon_debug/frame_268680.png
[beacon] Saved seabird_dataset/beacon_debug/frame_268710.png
[beacon] Saved seabird_dataset/beacon_debug/frame_268740.png
[beacon] Saved seabird_dataset/beacon_debug/frame_268770.png
[beacon] Saved seabird_dataset/beacon_debug/frame_268800.png
[beacon] Saved seabird_dataset/beacon_debug/frame_268830.png
[beacon] Saved seabird_dataset/beacon_debug/frame_268860.png
[beacon] Saved seabird_dataset/beacon_debug/frame_268890.png
[beacon] Saved seabird_dataset/beacon_debug/frame_268920.png
[beacon] Saved seabird_dataset/beacon_debug/frame_268950.png
[beacon] Saved seabird_dataset/beacon_debug/frame_268980.png
[beacon] Saved seabird_dataset/beacon_debug/frame_269010.png
[beacon] Saved seabird_dataset/beacon_debug/frame_269040.png
[beacon] Saved seabird_dataset/beacon_debug/frame_269070.png
[beacon] Saved seabird_dataset/beacon_debug/frame_269100.png
[beacon] Saved seabird_dataset/beacon_debug/frame_269130.png
[beacon] Saved seabird_dataset/beacon_debug/frame_269160.png
[beacon] Saved seabird_dataset/beacon_debug/frame_269190.png
[beacon] Saved seabird_dataset/beacon_debug/frame_269220.png
[beacon] Saved seabird_dataset/beacon_debug/frame_269250.png
[beacon] Saved seabird_dataset/beacon_debug/frame_269280.png
[beacon] Saved seabird_dataset/beacon_debug/frame_269310.png
[beacon] Saved seabird_dataset/beacon_debug/frame_269340.png
[beacon] Saved seabird_dataset/beacon_debug/frame_269370.png
[beacon] Saved seabird_dataset/beacon_debug/frame_269400.png
[beacon] Saved seabird_dataset/beacon_debug/frame_269430.png
[beacon] Saved seabird_dataset/beacon_debug/frame_269460.png
[beacon] Saved seabird_dataset/beacon_debug/frame_269490.png
[beacon] Saved seabird_dataset/beacon_debug/frame_269520.png
[beacon] Saved seabird_dataset/beacon_debug/frame_269550.png
[beacon] Saved seabird_dataset/beacon_debug/frame_269580.png
[beacon] Saved seabird_dataset/beacon_debug/frame_269610.png
[beacon] Saved seabird_dataset/beacon_debug/frame_269640.png
[beacon] Saved seabird_dataset/beacon_debug/frame_269670.png
[beacon] Saved seabird_dataset/beacon_debug/frame_269700.png
[beacon] Saved seabird_dataset/beacon_debug/frame_269730.png
[beacon] Saved seabird_dataset/beacon_debug/frame_269760.png
[beacon] Saved seabird_dataset/beacon_debug/frame_269790.png
[beacon] Saved seabird_dataset/beacon_debug/frame_269820.png
[beacon] Saved seabird_dataset/beacon_debug/frame_269850.png
[beacon] Saved seabird_dataset/beacon_debug/frame_269880.png
[beacon] Saved seabird_dataset/beacon_debug/frame_269910.png
[beacon] Saved seabird_dataset/beacon_debug/frame_269940.png
[beacon] Saved seabird_dataset/beacon_debug/frame_269970.png
[beacon] Saved seabird_dataset/beacon_debug/frame_270000.png
[beacon] Saved seabird_dataset/beacon_debug/frame_270030.png
[beacon] Saved seabird_dataset/beacon_debug/frame_270060.png
[beacon] Saved seabird_dataset/beacon_debug/frame_270090.png
[beacon] Saved seabird_dataset/beacon_debug/frame_270120.png
[beacon] Saved seabird_dataset/beacon_debug/frame_270150.png
[beacon] Saved seabird_dataset/beacon_debug/frame_270180.png
[beacon] Saved seabird_dataset/beacon_debug/frame_270210.png
[beacon] Saved seabird_dataset/beacon_debug/frame_270240.png
[beacon] Saved seabird_dataset/beacon_debug/frame_270270.png
[beacon] Saved seabird_dataset/beacon_debug/frame_270300.png
[beacon] Saved seabird_dataset/beacon_debug/frame_270330.png
[beacon] Saved seabird_dataset/beacon_debug/frame_270360.png
[beacon] Saved seabird_dataset/beacon_debug/frame_270390.png
[beacon] Saved seabird_dataset/beacon_debug/frame_270420.png
[beacon] Saved seabird_dataset/beacon_debug/frame_270450.png
[beacon] Saved seabird_dataset/beacon_debug/frame_270480.png
[beacon] Saved seabird_dataset/beacon_debug/frame_270510.png
[beacon] Saved seabird_dataset/beacon_debug/frame_270540.png
[beacon] Saved seabird_dataset/beacon_debug/frame_270570.png
[beacon] Saved seabird_dataset/beacon_debug/frame_270600.png
[beacon] Saved seabird_dataset/beacon_debug/frame_270630.png
[beacon] Saved seabird_dataset/beacon_debug/frame_270660.png
[beacon] Saved seabird_dataset/beacon_debug/frame_270690.png
[beacon] Saved seabird_dataset/beacon_debug/frame_270720.png
[beacon] Saved seabird_dataset/beacon_debug/frame_270750.png
[beacon] Saved seabird_dataset/beacon_debug/frame_270780.png
[beacon] Saved seabird_dataset/beacon_debug/frame_270810.png
[beacon] Saved seabird_dataset/beacon_debug/frame_270840.png
[beacon] Saved seabird_dataset/beacon_debug/frame_270870.png
[beacon] Saved seabird_dataset/beacon_debug/frame_270900.png
[beacon] Saved seabird_dataset/beacon_debug/frame_270930.png
[beacon] Saved seabird_dataset/beacon_debug/frame_270960.png
[beacon] Saved seabird_dataset/beacon_debug/frame_270990.png
[beacon] Saved seabird_dataset/beacon_debug/frame_271020.png
[beacon] Saved seabird_dataset/beacon_debug/frame_271050.png
[beacon] Saved seabird_dataset/beacon_debug/frame_271080.png
[beacon] Saved seabird_dataset/beacon_debug/frame_271110.png
[beacon] Saved seabird_dataset/beacon_debug/frame_271140.png
[beacon] Saved seabird_dataset/beacon_debug/frame_271170.png
[beacon] Saved seabird_dataset/beacon_debug/frame_271200.png
[beacon] Saved seabird_dataset/beacon_debug/frame_271230.png
[beacon] Saved seabird_dataset/beacon_debug/frame_271260.png
[beacon] Saved seabird_dataset/beacon_debug/frame_271290.png
[beacon] Saved seabird_dataset/beacon_debug/frame_271320.png
[beacon] Saved seabird_dataset/beacon_debug/frame_271350.png
[beacon] Saved seabird_dataset/beacon_debug/frame_271380.png
[beacon] Saved seabird_dataset/beacon_debug/frame_271410.png
[beacon] Saved seabird_dataset/beacon_debug/frame_271440.png
[beacon] Saved seabird_dataset/beacon_debug/frame_271470.png
[beacon] Saved seabird_dataset/beacon_debug/frame_271500.png
[beacon] Saved seabird_dataset/beacon_debug/frame_271530.png
[beacon] Saved seabird_dataset/beacon_debug/frame_271560.png
[beacon] Saved seabird_dataset/beacon_debug/frame_271590.png
[beacon] Saved seabird_dataset/beacon_debug/frame_271620.png
[beacon] Saved seabird_dataset/beacon_debug/frame_271650.png
[beacon] Saved seabird_dataset/beacon_debug/frame_271680.png
[beacon] Saved seabird_dataset/beacon_debug/frame_271710.png
[beacon] Saved seabird_dataset/beacon_debug/frame_271740.png
[beacon] Saved seabird_dataset/beacon_debug/frame_271770.png
[beacon] Saved seabird_dataset/beacon_debug/frame_271800.png
[beacon] Saved seabird_dataset/beacon_debug/frame_271830.png
[beacon] Saved seabird_dataset/beacon_debug/frame_271860.png
[beacon] Saved seabird_dataset/beacon_debug/frame_271890.png
[beacon] Saved seabird_dataset/beacon_debug/frame_271920.png
[beacon] Saved seabird_dataset/beacon_debug/frame_271950.png
[beacon] Saved seabird_dataset/beacon_debug/frame_271980.png
[beacon] Saved seabird_dataset/beacon_debug/frame_272010.png
[beacon] Saved seabird_dataset/beacon_debug/frame_272040.png
[beacon] Saved seabird_dataset/beacon_debug/frame_272070.png
[beacon] Saved seabird_dataset/beacon_debug/frame_272100.png
[beacon] Saved seabird_dataset/beacon_debug/frame_272130.png
[beacon] Saved seabird_dataset/beacon_debug/frame_272160.png
[beacon] Saved seabird_dataset/beacon_debug/frame_272190.png
[beacon] Saved seabird_dataset/beacon_debug/frame_272220.png
[beacon] Saved seabird_dataset/beacon_debug/frame_272250.png
[beacon] Saved seabird_dataset/beacon_debug/frame_272280.png
[beacon] Saved seabird_dataset/beacon_debug/frame_272310.png
[beacon] Saved seabird_dataset/beacon_debug/frame_272340.png
[beacon] Saved seabird_dataset/beacon_debug/frame_272370.png
[beacon] Saved seabird_dataset/beacon_debug/frame_272400.png
[beacon] Saved seabird_dataset/beacon_debug/frame_272430.png
[beacon] Saved seabird_dataset/beacon_debug/frame_272460.png
[beacon] Saved seabird_dataset/beacon_debug/frame_272490.png
[beacon] Saved seabird_dataset/beacon_debug/frame_272520.png
[beacon] Saved seabird_dataset/beacon_debug/frame_272550.png
[beacon] Saved seabird_dataset/beacon_debug/frame_272580.png
[beacon] Saved seabird_dataset/beacon_debug/frame_272610.png
[beacon] Saved seabird_dataset/beacon_debug/frame_272640.png
[beacon] Saved seabird_dataset/beacon_debug/frame_272670.png
[beacon] Saved seabird_dataset/beacon_debug/frame_272700.png
[beacon] Saved seabird_dataset/beacon_debug/frame_272730.png
[beacon] Saved seabird_dataset/beacon_debug/frame_272760.png
[beacon] Saved seabird_dataset/beacon_debug/frame_272790.png
[beacon] Saved seabird_dataset/beacon_debug/frame_272820.png
[beacon] Saved seabird_dataset/beacon_debug/frame_272850.png
[beacon] Saved seabird_dataset/beacon_debug/frame_272880.png
[beacon] Saved seabird_dataset/beacon_debug/frame_272910.png
[beacon] Saved seabird_dataset/beacon_debug/frame_272940.png
[beacon] Saved seabird_dataset/beacon_debug/frame_272970.png
[beacon] Saved seabird_dataset/beacon_debug/frame_273000.png
[beacon] Saved seabird_dataset/beacon_debug/frame_273030.png
[beacon] Saved seabird_dataset/beacon_debug/frame_273060.png
[beacon] Saved seabird_dataset/beacon_debug/frame_273090.png
[beacon] Saved seabird_dataset/beacon_debug/frame_273120.png
[beacon] Saved seabird_dataset/beacon_debug/frame_273150.png
[beacon] Saved seabird_dataset/beacon_debug/frame_273180.png
[beacon] Saved seabird_dataset/beacon_debug/frame_273210.png
[beacon] Saved seabird_dataset/beacon_debug/frame_273240.png
[beacon] Saved seabird_dataset/beacon_debug/frame_273270.png
[beacon] Saved seabird_dataset/beacon_debug/frame_273300.png
[beacon] Saved seabird_dataset/beacon_debug/frame_273330.png
[beacon] Saved seabird_dataset/beacon_debug/frame_273360.png
[beacon] Saved seabird_dataset/beacon_debug/frame_273390.png
[beacon] Saved seabird_dataset/beacon_debug/frame_273420.png
[beacon] Saved seabird_dataset/beacon_debug/frame_273450.png
[beacon] Saved seabird_dataset/beacon_debug/frame_273480.png
[beacon] Saved seabird_dataset/beacon_debug/frame_273510.png
[beacon] Saved seabird_dataset/beacon_debug/frame_273540.png
[beacon] Saved seabird_dataset/beacon_debug/frame_273570.png
[beacon] Saved seabird_dataset/beacon_debug/frame_273600.png
[beacon] Saved seabird_dataset/beacon_debug/frame_273630.png
[beacon] Saved seabird_dataset/beacon_debug/frame_273660.png
[beacon] Saved seabird_dataset/beacon_debug/frame_273690.png
[beacon] Saved seabird_dataset/beacon_debug/frame_273720.png
[beacon] Saved seabird_dataset/beacon_debug/frame_273750.png
[beacon] Saved seabird_dataset/beacon_debug/frame_273780.png
[beacon] Saved seabird_dataset/beacon_debug/frame_273810.png
[beacon] Saved seabird_dataset/beacon_debug/frame_273840.png
[beacon] Saved seabird_dataset/beacon_debug/frame_273870.png
[beacon] Saved seabird_dataset/beacon_debug/frame_273900.png
[beacon] Saved seabird_dataset/beacon_debug/frame_273930.png
[beacon] Saved seabird_dataset/beacon_debug/frame_273960.png
[beacon] Saved seabird_dataset/beacon_debug/frame_273990.png
[beacon] Saved seabird_dataset/beacon_debug/frame_274020.png
[beacon] Saved seabird_dataset/beacon_debug/frame_274050.png
[beacon] Saved seabird_dataset/beacon_debug/frame_274080.png
[beacon] Saved seabird_dataset/beacon_debug/frame_274110.png
[beacon] Saved seabird_dataset/beacon_debug/frame_274140.png
[beacon] Saved seabird_dataset/beacon_debug/frame_274170.png
[beacon] Saved seabird_dataset/beacon_debug/frame_274200.png
[beacon] Saved seabird_dataset/beacon_debug/frame_274230.png
[beacon] Saved seabird_dataset/beacon_debug/frame_274260.png
[beacon] Saved seabird_dataset/beacon_debug/frame_274290.png
[beacon] Saved seabird_dataset/beacon_debug/frame_274320.png
[beacon] Saved seabird_dataset/beacon_debug/frame_274350.png
[beacon] Saved seabird_dataset/beacon_debug/frame_274380.png
[beacon] Saved seabird_dataset/beacon_debug/frame_274410.png
[beacon] Saved seabird_dataset/beacon_debug/frame_274440.png
[beacon] Saved seabird_dataset/beacon_debug/frame_274470.png
[beacon] Saved seabird_dataset/beacon_debug/frame_274500.png
[beacon] Saved seabird_dataset/beacon_debug/frame_274530.png
[beacon] Saved seabird_dataset/beacon_debug/frame_274560.png
[beacon] Saved seabird_dataset/beacon_debug/frame_274590.png
[beacon] Saved seabird_dataset/beacon_debug/frame_274620.png
[beacon] Saved seabird_dataset/beacon_debug/frame_274650.png
[beacon] Saved seabird_dataset/beacon_debug/frame_274680.png
[beacon] Saved seabird_dataset/beacon_debug/frame_274710.png
[beacon] Saved seabird_dataset/beacon_debug/frame_274740.png
[beacon] Saved seabird_dataset/beacon_debug/frame_274770.png
[beacon] Saved seabird_dataset/beacon_debug/frame_274800.png
[beacon] Saved seabird_dataset/beacon_debug/frame_274830.png
[beacon] Saved seabird_dataset/beacon_debug/frame_274860.png
[beacon] Saved seabird_dataset/beacon_debug/frame_274890.png
[beacon] Saved seabird_dataset/beacon_debug/frame_274920.png
[beacon] Saved seabird_dataset/beacon_debug/frame_274950.png
[beacon] Saved seabird_dataset/beacon_debug/frame_274980.png
[beacon] Saved seabird_dataset/beacon_debug/frame_275010.png
[beacon] Saved seabird_dataset/beacon_debug/frame_275040.png
[beacon] Saved seabird_dataset/beacon_debug/frame_275070.png
[beacon] Saved seabird_dataset/beacon_debug/frame_275100.png
[beacon] Saved seabird_dataset/beacon_debug/frame_275130.png
[beacon] Saved seabird_dataset/beacon_debug/frame_275160.png
[beacon] Saved seabird_dataset/beacon_debug/frame_275190.png
[beacon] Saved seabird_dataset/beacon_debug/frame_275220.png
[beacon] Saved seabird_dataset/beacon_debug/frame_275250.png
[beacon] Saved seabird_dataset/beacon_debug/frame_275280.png
[beacon] Saved seabird_dataset/beacon_debug/frame_275310.png
[beacon] Saved seabird_dataset/beacon_debug/frame_275340.png
[beacon] Saved seabird_dataset/beacon_debug/frame_275370.png
[beacon] Saved seabird_dataset/beacon_debug/frame_275400.png
[beacon] Saved seabird_dataset/beacon_debug/frame_275430.png
[beacon] Saved seabird_dataset/beacon_debug/frame_275460.png
[beacon] Saved seabird_dataset/beacon_debug/frame_275490.png
[beacon] Saved seabird_dataset/beacon_debug/frame_275520.png
[beacon] Saved seabird_dataset/beacon_debug/frame_275550.png
[beacon] Saved seabird_dataset/beacon_debug/frame_275580.png
[beacon] Saved seabird_dataset/beacon_debug/frame_275610.png
[beacon] Saved seabird_dataset/beacon_debug/frame_275640.png
[beacon] Saved seabird_dataset/beacon_debug/frame_275670.png
[beacon] Saved seabird_dataset/beacon_debug/frame_275700.png
[beacon] Saved seabird_dataset/beacon_debug/frame_275730.png
[beacon] Saved seabird_dataset/beacon_debug/frame_275760.png
[beacon] Saved seabird_dataset/beacon_debug/frame_275790.png
[beacon] Saved seabird_dataset/beacon_debug/frame_275820.png
[beacon] Saved seabird_dataset/beacon_debug/frame_275850.png
[beacon] Saved seabird_dataset/beacon_debug/frame_275880.png
[beacon] Saved seabird_dataset/beacon_debug/frame_275910.png
[beacon] Saved seabird_dataset/beacon_debug/frame_275940.png
[beacon] Saved seabird_dataset/beacon_debug/frame_275970.png
[beacon] Saved seabird_dataset/beacon_debug/frame_276000.png
[beacon] Saved seabird_dataset/beacon_debug/frame_276030.png
[beacon] Saved seabird_dataset/beacon_debug/frame_276060.png
[beacon] Saved seabird_dataset/beacon_debug/frame_276090.png
[beacon] Saved seabird_dataset/beacon_debug/frame_276120.png
[beacon] Saved seabird_dataset/beacon_debug/frame_276150.png
[beacon] Saved seabird_dataset/beacon_debug/frame_276180.png
[beacon] Saved seabird_dataset/beacon_debug/frame_276210.png
[beacon] Saved seabird_dataset/beacon_debug/frame_276240.png
[beacon] Saved seabird_dataset/beacon_debug/frame_276270.png
[beacon] Saved seabird_dataset/beacon_debug/frame_276300.png
[beacon] Saved seabird_dataset/beacon_debug/frame_276330.png
[beacon] Saved seabird_dataset/beacon_debug/frame_276360.png
[beacon] Saved seabird_dataset/beacon_debug/frame_276390.png
[beacon] Saved seabird_dataset/beacon_debug/frame_276420.png
[beacon] Saved seabird_dataset/beacon_debug/frame_276450.png
[beacon] Saved seabird_dataset/beacon_debug/frame_276480.png
[beacon] Saved seabird_dataset/beacon_debug/frame_276510.png
[beacon] Saved seabird_dataset/beacon_debug/frame_276540.png
[beacon] Saved seabird_dataset/beacon_debug/frame_276570.png
[beacon] Saved seabird_dataset/beacon_debug/frame_276600.png
[beacon] Saved seabird_dataset/beacon_debug/frame_276630.png
[beacon] Saved seabird_dataset/beacon_debug/frame_276660.png
[beacon] Saved seabird_dataset/beacon_debug/frame_276690.png
[beacon] Saved seabird_dataset/beacon_debug/frame_276720.png
[beacon] Saved seabird_dataset/beacon_debug/frame_276750.png
[beacon] Saved seabird_dataset/beacon_debug/frame_276780.png
[beacon] Saved seabird_dataset/beacon_debug/frame_276810.png
[beacon] Saved seabird_dataset/beacon_debug/frame_276840.png
[beacon] Saved seabird_dataset/beacon_debug/frame_276870.png
[beacon] Saved seabird_dataset/beacon_debug/frame_276900.png
[beacon] Saved seabird_dataset/beacon_debug/frame_276930.png
[beacon] Saved seabird_dataset/beacon_debug/frame_276960.png
[beacon] Saved seabird_dataset/beacon_debug/frame_276990.png
[beacon] Saved seabird_dataset/beacon_debug/frame_277020.png
[beacon] Saved seabird_dataset/beacon_debug/frame_277050.png
[beacon] Saved seabird_dataset/beacon_debug/frame_277080.png
[beacon] Saved seabird_dataset/beacon_debug/frame_277110.png
[beacon] Saved seabird_dataset/beacon_debug/frame_277140.png
[beacon] Saved seabird_dataset/beacon_debug/frame_277170.png
[beacon] Saved seabird_dataset/beacon_debug/frame_277200.png
[beacon] Saved seabird_dataset/beacon_debug/frame_277230.png
[beacon] Saved seabird_dataset/beacon_debug/frame_277260.png
[beacon] Saved seabird_dataset/beacon_debug/frame_277290.png
[beacon] Saved seabird_dataset/beacon_debug/frame_277320.png
[beacon] Saved seabird_dataset/beacon_debug/frame_277350.png
[beacon] Saved seabird_dataset/beacon_debug/frame_277380.png
[beacon] Saved seabird_dataset/beacon_debug/frame_277410.png
[beacon] Saved seabird_dataset/beacon_debug/frame_277440.png
[beacon] Saved seabird_dataset/beacon_debug/frame_277470.png
[beacon] Saved seabird_dataset/beacon_debug/frame_277500.png
[beacon] Saved seabird_dataset/beacon_debug/frame_277530.png
[beacon] Saved seabird_dataset/beacon_debug/frame_277560.png
[beacon] Saved seabird_dataset/beacon_debug/frame_277590.png
[beacon] Saved seabird_dataset/beacon_debug/frame_277620.png
[beacon] Saved seabird_dataset/beacon_debug/frame_277650.png
[beacon] Saved seabird_dataset/beacon_debug/frame_277680.png
[beacon] Saved seabird_dataset/beacon_debug/frame_277710.png
[beacon] Saved seabird_dataset/beacon_debug/frame_277740.png
[beacon] Saved seabird_dataset/beacon_debug/frame_277770.png
[beacon] Saved seabird_dataset/beacon_debug/frame_277800.png
[beacon] Saved seabird_dataset/beacon_debug/frame_277830.png
[beacon] Saved seabird_dataset/beacon_debug/frame_277860.png
[beacon] Saved seabird_dataset/beacon_debug/frame_277890.png
[beacon] Saved seabird_dataset/beacon_debug/frame_277920.png
[beacon] Saved seabird_dataset/beacon_debug/frame_277950.png
[beacon] Saved seabird_dataset/beacon_debug/frame_277980.png
[beacon] Saved seabird_dataset/beacon_debug/frame_278010.png
[beacon] Saved seabird_dataset/beacon_debug/frame_278040.png
[beacon] Saved seabird_dataset/beacon_debug/frame_278070.png
[beacon] Saved seabird_dataset/beacon_debug/frame_278100.png
[beacon] Saved seabird_dataset/beacon_debug/frame_278130.png
[beacon] Saved seabird_dataset/beacon_debug/frame_278160.png
[beacon] Saved seabird_dataset/beacon_debug/frame_278190.png
[beacon] Saved seabird_dataset/beacon_debug/frame_278220.png
[beacon] Saved seabird_dataset/beacon_debug/frame_278250.png
[beacon] Saved seabird_dataset/beacon_debug/frame_278280.png
[beacon] Saved seabird_dataset/beacon_debug/frame_278310.png
[beacon] Saved seabird_dataset/beacon_debug/frame_278340.png
[beacon] Saved seabird_dataset/beacon_debug/frame_278370.png
[beacon] Saved seabird_dataset/beacon_debug/frame_278400.png
[beacon] Saved seabird_dataset/beacon_debug/frame_278430.png
[beacon] Saved seabird_dataset/beacon_debug/frame_278460.png
[beacon] Saved seabird_dataset/beacon_debug/frame_278490.png
[beacon] Saved seabird_dataset/beacon_debug/frame_278520.png
[beacon] Saved seabird_dataset/beacon_debug/frame_278550.png
[beacon] Saved seabird_dataset/beacon_debug/frame_278580.png
[beacon] Saved seabird_dataset/beacon_debug/frame_278610.png
[beacon] Saved seabird_dataset/beacon_debug/frame_278640.png
[beacon] Saved seabird_dataset/beacon_debug/frame_278670.png
[beacon] Saved seabird_dataset/beacon_debug/frame_278700.png
[beacon] Saved seabird_dataset/beacon_debug/frame_278730.png
[beacon] Saved seabird_dataset/beacon_debug/frame_278760.png
[beacon] Saved seabird_dataset/beacon_debug/frame_278790.png
[beacon] Saved seabird_dataset/beacon_debug/frame_278820.png
[beacon] Saved seabird_dataset/beacon_debug/frame_278850.png
[beacon] Saved seabird_dataset/beacon_debug/frame_278880.png
[beacon] Saved seabird_dataset/beacon_debug/frame_278910.png
[beacon] Saved seabird_dataset/beacon_debug/frame_278940.png
[beacon] Saved seabird_dataset/beacon_debug/frame_278970.png
[beacon] Saved seabird_dataset/beacon_debug/frame_279000.png
[beacon] Saved seabird_dataset/beacon_debug/frame_279030.png
[beacon] Saved seabird_dataset/beacon_debug/frame_279060.png
[beacon] Saved seabird_dataset/beacon_debug/frame_279090.png
[beacon] Saved seabird_dataset/beacon_debug/frame_279120.png
[beacon] Saved seabird_dataset/beacon_debug/frame_279150.png
[beacon] Saved seabird_dataset/beacon_debug/frame_279180.png
[beacon] Saved seabird_dataset/beacon_debug/frame_279210.png
[beacon] Saved seabird_dataset/beacon_debug/frame_279240.png
[beacon] Saved seabird_dataset/beacon_debug/frame_279270.png
[beacon] Saved seabird_dataset/beacon_debug/frame_279300.png
[beacon] Saved seabird_dataset/beacon_debug/frame_279330.png
[beacon] Saved seabird_dataset/beacon_debug/frame_279360.png
[beacon] Saved seabird_dataset/beacon_debug/frame_279390.png
[beacon] Saved seabird_dataset/beacon_debug/frame_279420.png
[beacon] Saved seabird_dataset/beacon_debug/frame_279450.png
[beacon] Saved seabird_dataset/beacon_debug/frame_279480.png
[beacon] Saved seabird_dataset/beacon_debug/frame_279510.png
[beacon] Saved seabird_dataset/beacon_debug/frame_279540.png
[beacon] Saved seabird_dataset/beacon_debug/frame_279570.png
[beacon] Saved seabird_dataset/beacon_debug/frame_279600.png
[beacon] Saved seabird_dataset/beacon_debug/frame_279630.png
[beacon] Saved seabird_dataset/beacon_debug/frame_279660.png
[beacon] Saved seabird_dataset/beacon_debug/frame_279690.png
[beacon] Saved seabird_dataset/beacon_debug/frame_279720.png
[beacon] Saved seabird_dataset/beacon_debug/frame_279750.png
[beacon] Saved seabird_dataset/beacon_debug/frame_279780.png
[beacon] Saved seabird_dataset/beacon_debug/frame_279810.png
[beacon] Saved seabird_dataset/beacon_debug/frame_279840.png
[beacon] Saved seabird_dataset/beacon_debug/frame_279870.png
[beacon] Saved seabird_dataset/beacon_debug/frame_279900.png
[beacon] Saved seabird_dataset/beacon_debug/frame_279930.png
[beacon] Saved seabird_dataset/beacon_debug/frame_279960.png
[beacon] Saved seabird_dataset/beacon_debug/frame_279990.png
[beacon] Saved seabird_dataset/beacon_debug/frame_280020.png
[beacon] Saved seabird_dataset/beacon_debug/frame_280050.png
[beacon] Saved seabird_dataset/beacon_debug/frame_280080.png
[beacon] Saved seabird_dataset/beacon_debug/frame_280110.png
[beacon] Saved seabird_dataset/beacon_debug/frame_280140.png
[beacon] Saved seabird_dataset/beacon_debug/frame_280170.png
[beacon] Saved seabird_dataset/beacon_debug/frame_280200.png
[beacon] Saved seabird_dataset/beacon_debug/frame_280230.png
[beacon] Saved seabird_dataset/beacon_debug/frame_280260.png
[beacon] Saved seabird_dataset/beacon_debug/frame_280290.png
[beacon] Saved seabird_dataset/beacon_debug/frame_280320.png
[beacon] Saved seabird_dataset/beacon_debug/frame_280350.png
[beacon] Saved seabird_dataset/beacon_debug/frame_280380.png
[beacon] Saved seabird_dataset/beacon_debug/frame_280410.png
[beacon] Saved seabird_dataset/beacon_debug/frame_280440.png
[beacon] Saved seabird_dataset/beacon_debug/frame_280470.png
[beacon] Saved seabird_dataset/beacon_debug/frame_280500.png
[beacon] Saved seabird_dataset/beacon_debug/frame_280530.png
[beacon] Saved seabird_dataset/beacon_debug/frame_280560.png
[beacon] Saved seabird_dataset/beacon_debug/frame_280590.png
[beacon] Saved seabird_dataset/beacon_debug/frame_280620.png
[beacon] Saved seabird_dataset/beacon_debug/frame_280650.png
[beacon] Saved seabird_dataset/beacon_debug/frame_280680.png
[beacon] Saved seabird_dataset/beacon_debug/frame_280710.png
[beacon] Saved seabird_dataset/beacon_debug/frame_280740.png
[beacon] Saved seabird_dataset/beacon_debug/frame_280770.png
[beacon] Saved seabird_dataset/beacon_debug/frame_280800.png
[beacon] Saved seabird_dataset/beacon_debug/frame_280830.png
[beacon] Saved seabird_dataset/beacon_debug/frame_280860.png
[beacon] Saved seabird_dataset/beacon_debug/frame_280890.png
[beacon] Saved seabird_dataset/beacon_debug/frame_280920.png
[beacon] Saved seabird_dataset/beacon_debug/frame_280950.png
[beacon] Saved seabird_dataset/beacon_debug/frame_280980.png
[beacon] Saved seabird_dataset/beacon_debug/frame_281010.png
[beacon] Saved seabird_dataset/beacon_debug/frame_281040.png
[beacon] Saved seabird_dataset/beacon_debug/frame_281070.png
[beacon] Saved seabird_dataset/beacon_debug/frame_281100.png
[beacon] Saved seabird_dataset/beacon_debug/frame_281130.png
[beacon] Saved seabird_dataset/beacon_debug/frame_281160.png
[beacon] Saved seabird_dataset/beacon_debug/frame_281190.png
[beacon] Saved seabird_dataset/beacon_debug/frame_281220.png
[beacon] Saved seabird_dataset/beacon_debug/frame_281250.png
[beacon] Saved seabird_dataset/beacon_debug/frame_281280.png
[beacon] Saved seabird_dataset/beacon_debug/frame_281310.png
[beacon] Saved seabird_dataset/beacon_debug/frame_281340.png
[beacon] Saved seabird_dataset/beacon_debug/frame_281370.png
[beacon] Saved seabird_dataset/beacon_debug/frame_281400.png
[beacon] Saved seabird_dataset/beacon_debug/frame_281430.png
[beacon] Saved seabird_dataset/beacon_debug/frame_281460.png
[beacon] Saved seabird_dataset/beacon_debug/frame_281490.png
[beacon] Saved seabird_dataset/beacon_debug/frame_281520.png
[beacon] Saved seabird_dataset/beacon_debug/frame_281550.png
[beacon] Saved seabird_dataset/beacon_debug/frame_281580.png
[beacon] Saved seabird_dataset/beacon_debug/frame_281610.png
[beacon] Saved seabird_dataset/beacon_debug/frame_281640.png
[beacon] Saved seabird_dataset/beacon_debug/frame_281670.png
[beacon] Saved seabird_dataset/beacon_debug/frame_281700.png
[beacon] Saved seabird_dataset/beacon_debug/frame_281730.png
[beacon] Saved seabird_dataset/beacon_debug/frame_281760.png
[beacon] Saved seabird_dataset/beacon_debug/frame_281790.png
[beacon] Saved seabird_dataset/beacon_debug/frame_281820.png
[beacon] Saved seabird_dataset/beacon_debug/frame_281850.png
[beacon] Saved seabird_dataset/beacon_debug/frame_281880.png
[beacon] Saved seabird_dataset/beacon_debug/frame_281910.png
[beacon] Saved seabird_dataset/beacon_debug/frame_281940.png
[beacon] Saved seabird_dataset/beacon_debug/frame_281970.png
[beacon] Saved seabird_dataset/beacon_debug/frame_282000.png
[beacon] Saved seabird_dataset/beacon_debug/frame_282030.png
[beacon] Saved seabird_dataset/beacon_debug/frame_282060.png
[beacon] Saved seabird_dataset/beacon_debug/frame_282090.png
[beacon] Saved seabird_dataset/beacon_debug/frame_282120.png
[beacon] Saved seabird_dataset/beacon_debug/frame_282150.png
[beacon] Saved seabird_dataset/beacon_debug/frame_282180.png
[beacon] Saved seabird_dataset/beacon_debug/frame_282210.png
[beacon] Saved seabird_dataset/beacon_debug/frame_282240.png
[beacon] Saved seabird_dataset/beacon_debug/frame_282270.png
[beacon] Saved seabird_dataset/beacon_debug/frame_282300.png
[beacon] Saved seabird_dataset/beacon_debug/frame_282330.png
[beacon] Saved seabird_dataset/beacon_debug/frame_282360.png
[beacon] Saved seabird_dataset/beacon_debug/frame_282390.png
[beacon] Saved seabird_dataset/beacon_debug/frame_282420.png
[beacon] Saved seabird_dataset/beacon_debug/frame_282450.png
[beacon] Saved seabird_dataset/beacon_debug/frame_282480.png
[beacon] Saved seabird_dataset/beacon_debug/frame_282510.png
[beacon] Saved seabird_dataset/beacon_debug/frame_282540.png
[beacon] Saved seabird_dataset/beacon_debug/frame_282570.png
[beacon] Saved seabird_dataset/beacon_debug/frame_282600.png
[beacon] Saved seabird_dataset/beacon_debug/frame_282630.png
[beacon] Saved seabird_dataset/beacon_debug/frame_282660.png
[beacon] Saved seabird_dataset/beacon_debug/frame_282690.png
[beacon] Saved seabird_dataset/beacon_debug/frame_282720.png
[beacon] Saved seabird_dataset/beacon_debug/frame_282750.png
[beacon] Saved seabird_dataset/beacon_debug/frame_282780.png
[beacon] Saved seabird_dataset/beacon_debug/frame_282810.png
[beacon] Saved seabird_dataset/beacon_debug/frame_282840.png
[beacon] Saved seabird_dataset/beacon_debug/frame_282870.png
[beacon] Saved seabird_dataset/beacon_debug/frame_282900.png
[beacon] Saved seabird_dataset/beacon_debug/frame_282930.png
[beacon] Saved seabird_dataset/beacon_debug/frame_282960.png
[beacon] Saved seabird_dataset/beacon_debug/frame_282990.png
[beacon] Saved seabird_dataset/beacon_debug/frame_283020.png
[beacon] Saved seabird_dataset/beacon_debug/frame_283050.png
[beacon] Saved seabird_dataset/beacon_debug/frame_283080.png
[beacon] Saved seabird_dataset/beacon_debug/frame_283110.png
[beacon] Saved seabird_dataset/beacon_debug/frame_283140.png
[beacon] Saved seabird_dataset/beacon_debug/frame_283170.png
[beacon] Saved seabird_dataset/beacon_debug/frame_283200.png
[beacon] Saved seabird_dataset/beacon_debug/frame_283230.png
[beacon] Saved seabird_dataset/beacon_debug/frame_283260.png
[beacon] Saved seabird_dataset/beacon_debug/frame_283290.png
[beacon] Saved seabird_dataset/beacon_debug/frame_283320.png
[beacon] Saved seabird_dataset/beacon_debug/frame_283350.png
[beacon] Saved seabird_dataset/beacon_debug/frame_283380.png
[beacon] Saved seabird_dataset/beacon_debug/frame_283410.png
[beacon] Saved seabird_dataset/beacon_debug/frame_283440.png
[beacon] Saved seabird_dataset/beacon_debug/frame_283470.png
[beacon] Saved seabird_dataset/beacon_debug/frame_283500.png
[beacon] Saved seabird_dataset/beacon_debug/frame_283530.png
[beacon] Saved seabird_dataset/beacon_debug/frame_283560.png
[beacon] Saved seabird_dataset/beacon_debug/frame_283590.png
[beacon] Saved seabird_dataset/beacon_debug/frame_283620.png
[beacon] Saved seabird_dataset/beacon_debug/frame_283650.png
[beacon] Saved seabird_dataset/beacon_debug/frame_283680.png
[beacon] Saved seabird_dataset/beacon_debug/frame_283710.png
[beacon] Saved seabird_dataset/beacon_debug/frame_283740.png
[beacon] Saved seabird_dataset/beacon_debug/frame_283770.png
[beacon] Saved seabird_dataset/beacon_debug/frame_283800.png
[beacon] Saved seabird_dataset/beacon_debug/frame_283830.png
[beacon] Saved seabird_dataset/beacon_debug/frame_283860.png
[beacon] Saved seabird_dataset/beacon_debug/frame_283890.png
[beacon] Saved seabird_dataset/beacon_debug/frame_283920.png
[beacon] Saved seabird_dataset/beacon_debug/frame_283950.png
[beacon] Saved seabird_dataset/beacon_debug/frame_283980.png
[beacon] Saved seabird_dataset/beacon_debug/frame_284010.png
[beacon] Saved seabird_dataset/beacon_debug/frame_284040.png
[beacon] Saved seabird_dataset/beacon_debug/frame_284070.png
[beacon] Saved seabird_dataset/beacon_debug/frame_284100.png
[beacon] Saved seabird_dataset/beacon_debug/frame_284130.png
[beacon] Saved seabird_dataset/beacon_debug/frame_284160.png
[beacon] Saved seabird_dataset/beacon_debug/frame_284190.png
[beacon] Saved seabird_dataset/beacon_debug/frame_284220.png
[beacon] Saved seabird_dataset/beacon_debug/frame_284250.png
[beacon] Saved seabird_dataset/beacon_debug/frame_284280.png
[beacon] Saved seabird_dataset/beacon_debug/frame_284310.png
[beacon] Saved seabird_dataset/beacon_debug/frame_284340.png
[beacon] Saved seabird_dataset/beacon_debug/frame_284370.png
[beacon] Saved seabird_dataset/beacon_debug/frame_284400.png
[beacon] Saved seabird_dataset/beacon_debug/frame_284430.png
[beacon] Saved seabird_dataset/beacon_debug/frame_284460.png
[beacon] Saved seabird_dataset/beacon_debug/frame_284490.png
[beacon] Saved seabird_dataset/beacon_debug/frame_284520.png
[beacon] Saved seabird_dataset/beacon_debug/frame_284550.png
[beacon] Saved seabird_dataset/beacon_debug/frame_284580.png
[beacon] Saved seabird_dataset/beacon_debug/frame_284610.png
[beacon] Saved seabird_dataset/beacon_debug/frame_284640.png
[beacon] Saved seabird_dataset/beacon_debug/frame_284670.png
[beacon] Saved seabird_dataset/beacon_debug/frame_284700.png
[beacon] Saved seabird_dataset/beacon_debug/frame_284730.png
[beacon] Saved seabird_dataset/beacon_debug/frame_284760.png
[beacon] Saved seabird_dataset/beacon_debug/frame_284790.png
[beacon] Saved seabird_dataset/beacon_debug/frame_284820.png
[beacon] Saved seabird_dataset/beacon_debug/frame_284850.png
[beacon] Saved seabird_dataset/beacon_debug/frame_284880.png
[beacon] Saved seabird_dataset/beacon_debug/frame_284910.png
[beacon] Saved seabird_dataset/beacon_debug/frame_284940.png
[beacon] Saved seabird_dataset/beacon_debug/frame_284970.png
[beacon] Saved seabird_dataset/beacon_debug/frame_285000.png
[beacon] Saved seabird_dataset/beacon_debug/frame_285030.png
[beacon] Saved seabird_dataset/beacon_debug/frame_285060.png
[beacon] Saved seabird_dataset/beacon_debug/frame_285090.png
[beacon] Saved seabird_dataset/beacon_debug/frame_285120.png
[beacon] Saved seabird_dataset/beacon_debug/frame_285150.png
[beacon] Saved seabird_dataset/beacon_debug/frame_285180.png
[beacon] Saved seabird_dataset/beacon_debug/frame_285210.png
[beacon] Saved seabird_dataset/beacon_debug/frame_285240.png
[beacon] Saved seabird_dataset/beacon_debug/frame_285270.png
[beacon] Saved seabird_dataset/beacon_debug/frame_285300.png
[beacon] Saved seabird_dataset/beacon_debug/frame_285330.png
[beacon] Saved seabird_dataset/beacon_debug/frame_285360.png
[beacon] Saved seabird_dataset/beacon_debug/frame_285390.png
[beacon] Saved seabird_dataset/beacon_debug/frame_285420.png
[beacon] Saved seabird_dataset/beacon_debug/frame_285450.png
[beacon] Saved seabird_dataset/beacon_debug/frame_285480.png
[beacon] Saved seabird_dataset/beacon_debug/frame_285510.png
[beacon] Saved seabird_dataset/beacon_debug/frame_285540.png
[beacon] Saved seabird_dataset/beacon_debug/frame_285570.png
[beacon] Saved seabird_dataset/beacon_debug/frame_285600.png
[beacon] Saved seabird_dataset/beacon_debug/frame_285630.png
[beacon] Saved seabird_dataset/beacon_debug/frame_285660.png
[beacon] Saved seabird_dataset/beacon_debug/frame_285690.png
[beacon] Saved seabird_dataset/beacon_debug/frame_285720.png
[beacon] Saved seabird_dataset/beacon_debug/frame_285750.png
[beacon] Saved seabird_dataset/beacon_debug/frame_285780.png
[beacon] Saved seabird_dataset/beacon_debug/frame_285810.png
[beacon] Saved seabird_dataset/beacon_debug/frame_285840.png
[beacon] Saved seabird_dataset/beacon_debug/frame_285870.png
[beacon] Saved seabird_dataset/beacon_debug/frame_285900.png
[beacon] Saved seabird_dataset/beacon_debug/frame_285930.png
[beacon] Saved seabird_dataset/beacon_debug/frame_285960.png
[beacon] Saved seabird_dataset/beacon_debug/frame_285990.png
[beacon] Saved seabird_dataset/beacon_debug/frame_286020.png
[beacon] Saved seabird_dataset/beacon_debug/frame_286050.png
[beacon] Saved seabird_dataset/beacon_debug/frame_286080.png
[beacon] Saved seabird_dataset/beacon_debug/frame_286110.png
[beacon] Saved seabird_dataset/beacon_debug/frame_286140.png
[beacon] Saved seabird_dataset/beacon_debug/frame_286170.png
[beacon] Saved seabird_dataset/beacon_debug/frame_286200.png
[beacon] Saved seabird_dataset/beacon_debug/frame_286230.png
[beacon] Saved seabird_dataset/beacon_debug/frame_286260.png
[beacon] Saved seabird_dataset/beacon_debug/frame_286290.png
[beacon] Saved seabird_dataset/beacon_debug/frame_286320.png
[beacon] Saved seabird_dataset/beacon_debug/frame_286350.png
[beacon] Saved seabird_dataset/beacon_debug/frame_286380.png
[beacon] Saved seabird_dataset/beacon_debug/frame_286410.png
[beacon] Saved seabird_dataset/beacon_debug/frame_286440.png
[beacon] Saved seabird_dataset/beacon_debug/frame_286470.png
[beacon] Saved seabird_dataset/beacon_debug/frame_286500.png
[beacon] Saved seabird_dataset/beacon_debug/frame_286530.png
[beacon] Saved seabird_dataset/beacon_debug/frame_286560.png
[beacon] Saved seabird_dataset/beacon_debug/frame_286590.png
[beacon] Saved seabird_dataset/beacon_debug/frame_286620.png
[beacon] Saved seabird_dataset/beacon_debug/frame_286650.png
[beacon] Saved seabird_dataset/beacon_debug/frame_286680.png
[beacon] Saved seabird_dataset/beacon_debug/frame_286710.png
[beacon] Saved seabird_dataset/beacon_debug/frame_286740.png
[beacon] Saved seabird_dataset/beacon_debug/frame_286770.png
[beacon] Saved seabird_dataset/beacon_debug/frame_286800.png
[beacon] Saved seabird_dataset/beacon_debug/frame_286830.png
[beacon] Saved seabird_dataset/beacon_debug/frame_286860.png
[beacon] Saved seabird_dataset/beacon_debug/frame_286890.png
[beacon] Saved seabird_dataset/beacon_debug/frame_286920.png
[beacon] Saved seabird_dataset/beacon_debug/frame_286950.png
[beacon] Saved seabird_dataset/beacon_debug/frame_286980.png
[beacon] Saved seabird_dataset/beacon_debug/frame_287010.png
[beacon] Saved seabird_dataset/beacon_debug/frame_287040.png
[beacon] Saved seabird_dataset/beacon_debug/frame_287070.png
[beacon] Saved seabird_dataset/beacon_debug/frame_287100.png
[beacon] Saved seabird_dataset/beacon_debug/frame_287130.png
[beacon] Saved seabird_dataset/beacon_debug/frame_287160.png
[beacon] Saved seabird_dataset/beacon_debug/frame_287190.png
[beacon] Saved seabird_dataset/beacon_debug/frame_287220.png
[beacon] Saved seabird_dataset/beacon_debug/frame_287250.png
[beacon] Saved seabird_dataset/beacon_debug/frame_287280.png
[beacon] Saved seabird_dataset/beacon_debug/frame_287310.png
[beacon] Saved seabird_dataset/beacon_debug/frame_287340.png
[beacon] Saved seabird_dataset/beacon_debug/frame_287370.png
[beacon] Saved seabird_dataset/beacon_debug/frame_287400.png
[beacon] Saved seabird_dataset/beacon_debug/frame_287430.png
[beacon] Saved seabird_dataset/beacon_debug/frame_287460.png
[beacon] Saved seabird_dataset/beacon_debug/frame_287490.png
[beacon] Saved seabird_dataset/beacon_debug/frame_287520.png
[beacon] Saved seabird_dataset/beacon_debug/frame_287550.png
[beacon] Saved seabird_dataset/beacon_debug/frame_287580.png
[beacon] Saved seabird_dataset/beacon_debug/frame_287610.png
[beacon] Saved seabird_dataset/beacon_debug/frame_287640.png
[beacon] Saved seabird_dataset/beacon_debug/frame_287670.png
[beacon] Saved seabird_dataset/beacon_debug/frame_287700.png
[beacon] Saved seabird_dataset/beacon_debug/frame_287730.png
[beacon] Saved seabird_dataset/beacon_debug/frame_287760.png
[beacon] Saved seabird_dataset/beacon_debug/frame_287790.png
[beacon] Saved seabird_dataset/beacon_debug/frame_287820.png
[beacon] Saved seabird_dataset/beacon_debug/frame_287850.png
[beacon] Saved seabird_dataset/beacon_debug/frame_287880.png
[beacon] Saved seabird_dataset/beacon_debug/frame_287910.png
[beacon] Saved seabird_dataset/beacon_debug/frame_287940.png
[beacon] Saved seabird_dataset/beacon_debug/frame_287970.png
[beacon] Saved seabird_dataset/beacon_debug/frame_288000.png
[beacon] Saved seabird_dataset/beacon_debug/frame_288030.png
[beacon] Saved seabird_dataset/beacon_debug/frame_288060.png
[beacon] Saved seabird_dataset/beacon_debug/frame_288090.png
[beacon] Saved seabird_dataset/beacon_debug/frame_288120.png
[beacon] Saved seabird_dataset/beacon_debug/frame_288150.png
[beacon] Saved seabird_dataset/beacon_debug/frame_288180.png
[beacon] Saved seabird_dataset/beacon_debug/frame_288210.png
[beacon] Saved seabird_dataset/beacon_debug/frame_288240.png
[beacon] Saved seabird_dataset/beacon_debug/frame_288270.png
[beacon] Saved seabird_dataset/beacon_debug/frame_288300.png
[beacon] Saved seabird_dataset/beacon_debug/frame_288330.png
[beacon] Saved seabird_dataset/beacon_debug/frame_288360.png
[beacon] Saved seabird_dataset/beacon_debug/frame_288390.png
[beacon] Saved seabird_dataset/beacon_debug/frame_288420.png
[beacon] Saved seabird_dataset/beacon_debug/frame_288450.png
[beacon] Saved seabird_dataset/beacon_debug/frame_288480.png
[beacon] Saved seabird_dataset/beacon_debug/frame_288510.png
[beacon] Saved seabird_dataset/beacon_debug/frame_288540.png
[beacon] Saved seabird_dataset/beacon_debug/frame_288570.png
[beacon] Saved seabird_dataset/beacon_debug/frame_288600.png
[beacon] Saved seabird_dataset/beacon_debug/frame_288630.png
[beacon] Saved seabird_dataset/beacon_debug/frame_288660.png
[beacon] Saved seabird_dataset/beacon_debug/frame_288690.png
[beacon] Saved seabird_dataset/beacon_debug/frame_288720.png
[beacon] Saved seabird_dataset/beacon_debug/frame_288750.png
[beacon] Saved seabird_dataset/beacon_debug/frame_288780.png
[beacon] Saved seabird_dataset/beacon_debug/frame_288810.png
[beacon] Saved seabird_dataset/beacon_debug/frame_288840.png
[beacon] Saved seabird_dataset/beacon_debug/frame_288870.png
[beacon] Saved seabird_dataset/beacon_debug/frame_288900.png
[beacon] Saved seabird_dataset/beacon_debug/frame_288930.png
[beacon] Saved seabird_dataset/beacon_debug/frame_288960.png
[beacon] Saved seabird_dataset/beacon_debug/frame_288990.png
[beacon] Saved seabird_dataset/beacon_debug/frame_289020.png
[beacon] Saved seabird_dataset/beacon_debug/frame_289050.png
[beacon] Saved seabird_dataset/beacon_debug/frame_289080.png
[beacon] Saved seabird_dataset/beacon_debug/frame_289110.png
[beacon] Saved seabird_dataset/beacon_debug/frame_289140.png
[beacon] Saved seabird_dataset/beacon_debug/frame_289170.png
[beacon] Saved seabird_dataset/beacon_debug/frame_289200.png
[beacon] Saved seabird_dataset/beacon_debug/frame_289230.png
[beacon] Saved seabird_dataset/beacon_debug/frame_289260.png
[beacon] Saved seabird_dataset/beacon_debug/frame_289290.png
[beacon] Saved seabird_dataset/beacon_debug/frame_289320.png
[beacon] Saved seabird_dataset/beacon_debug/frame_289350.png
[beacon] Saved seabird_dataset/beacon_debug/frame_289380.png
[beacon] Saved seabird_dataset/beacon_debug/frame_289410.png
[beacon] Saved seabird_dataset/beacon_debug/frame_289440.png
[beacon] Saved seabird_dataset/beacon_debug/frame_289470.png
[beacon] Saved seabird_dataset/beacon_debug/frame_289500.png
[beacon] Saved seabird_dataset/beacon_debug/frame_289530.png
[beacon] Saved seabird_dataset/beacon_debug/frame_289560.png
[beacon] Saved seabird_dataset/beacon_debug/frame_289590.png
[beacon] Saved seabird_dataset/beacon_debug/frame_289620.png
[beacon] Saved seabird_dataset/beacon_debug/frame_289650.png
[beacon] Saved seabird_dataset/beacon_debug/frame_289680.png
[beacon] Saved seabird_dataset/beacon_debug/frame_289710.png
[beacon] Saved seabird_dataset/beacon_debug/frame_289740.png
[beacon] Saved seabird_dataset/beacon_debug/frame_289770.png
[beacon] Saved seabird_dataset/beacon_debug/frame_289800.png
[beacon] Saved seabird_dataset/beacon_debug/frame_289830.png
[beacon] Saved seabird_dataset/beacon_debug/frame_289860.png
[beacon] Saved seabird_dataset/beacon_debug/frame_289890.png
[beacon] Saved seabird_dataset/beacon_debug/frame_289920.png
[beacon] Saved seabird_dataset/beacon_debug/frame_289950.png
[beacon] Saved seabird_dataset/beacon_debug/frame_289980.png
[beacon] Saved seabird_dataset/beacon_debug/frame_290010.png
[beacon] Saved seabird_dataset/beacon_debug/frame_290040.png
[beacon] Saved seabird_dataset/beacon_debug/frame_290070.png
[beacon] Saved seabird_dataset/beacon_debug/frame_290100.png
[beacon] Saved seabird_dataset/beacon_debug/frame_290130.png
[beacon] Saved seabird_dataset/beacon_debug/frame_290160.png
[beacon] Saved seabird_dataset/beacon_debug/frame_290190.png
[beacon] Saved seabird_dataset/beacon_debug/frame_290220.png
[beacon] Saved seabird_dataset/beacon_debug/frame_290250.png
[beacon] Saved seabird_dataset/beacon_debug/frame_290280.png
[beacon] Saved seabird_dataset/beacon_debug/frame_290310.png
[beacon] Saved seabird_dataset/beacon_debug/frame_290340.png
[beacon] Saved seabird_dataset/beacon_debug/frame_290370.png
[beacon] Saved seabird_dataset/beacon_debug/frame_290400.png
[beacon] Saved seabird_dataset/beacon_debug/frame_290430.png
[beacon] Saved seabird_dataset/beacon_debug/frame_290460.png
[beacon] Saved seabird_dataset/beacon_debug/frame_290490.png
[beacon] Saved seabird_dataset/beacon_debug/frame_290520.png
[beacon] Saved seabird_dataset/beacon_debug/frame_290550.png
[beacon] Saved seabird_dataset/beacon_debug/frame_290580.png
[beacon] Saved seabird_dataset/beacon_debug/frame_290610.png
[beacon] Saved seabird_dataset/beacon_debug/frame_290640.png
[beacon] Saved seabird_dataset/beacon_debug/frame_290670.png
[beacon] Saved seabird_dataset/beacon_debug/frame_290700.png
[beacon] Saved seabird_dataset/beacon_debug/frame_290730.png
[beacon] Saved seabird_dataset/beacon_debug/frame_290760.png
[beacon] Saved seabird_dataset/beacon_debug/frame_290790.png
[beacon] Saved seabird_dataset/beacon_debug/frame_290820.png
[beacon] Saved seabird_dataset/beacon_debug/frame_290850.png
[beacon] Saved seabird_dataset/beacon_debug/frame_290880.png
[beacon] Saved seabird_dataset/beacon_debug/frame_290910.png
[beacon] Saved seabird_dataset/beacon_debug/frame_290940.png
[beacon] Saved seabird_dataset/beacon_debug/frame_290970.png
[beacon] Saved seabird_dataset/beacon_debug/frame_291000.png
[beacon] Saved seabird_dataset/beacon_debug/frame_291030.png
[beacon] Saved seabird_dataset/beacon_debug/frame_291060.png
[beacon] Saved seabird_dataset/beacon_debug/frame_291090.png
[beacon] Saved seabird_dataset/beacon_debug/frame_291120.png
[beacon] Saved seabird_dataset/beacon_debug/frame_291150.png
[beacon] Saved seabird_dataset/beacon_debug/frame_291180.png
[beacon] Saved seabird_dataset/beacon_debug/frame_291210.png
[beacon] Saved seabird_dataset/beacon_debug/frame_291240.png
[beacon] Saved seabird_dataset/beacon_debug/frame_291270.png
[beacon] Saved seabird_dataset/beacon_debug/frame_291300.png
[beacon] Saved seabird_dataset/beacon_debug/frame_291330.png
[beacon] Saved seabird_dataset/beacon_debug/frame_291360.png
[beacon] Saved seabird_dataset/beacon_debug/frame_291390.png
[beacon] Saved seabird_dataset/beacon_debug/frame_291420.png
[beacon] Saved seabird_dataset/beacon_debug/frame_291450.png
[beacon] Saved seabird_dataset/beacon_debug/frame_291480.png
[beacon] Saved seabird_dataset/beacon_debug/frame_291510.png
[beacon] Saved seabird_dataset/beacon_debug/frame_291540.png
[beacon] Saved seabird_dataset/beacon_debug/frame_291570.png
[beacon] Saved seabird_dataset/beacon_debug/frame_291600.png
[beacon] Saved seabird_dataset/beacon_debug/frame_291630.png
[beacon] Saved seabird_dataset/beacon_debug/frame_291660.png
[beacon] Saved seabird_dataset/beacon_debug/frame_291690.png
[beacon] Saved seabird_dataset/beacon_debug/frame_291720.png
[beacon] Saved seabird_dataset/beacon_debug/frame_291750.png
[beacon] Saved seabird_dataset/beacon_debug/frame_291780.png
[beacon] Saved seabird_dataset/beacon_debug/frame_291810.png
[beacon] Saved seabird_dataset/beacon_debug/frame_291840.png
[beacon] Saved seabird_dataset/beacon_debug/frame_291870.png
[beacon] Saved seabird_dataset/beacon_debug/frame_291900.png
[beacon] Saved seabird_dataset/beacon_debug/frame_291930.png
[beacon] Saved seabird_dataset/beacon_debug/frame_291960.png
[beacon] Saved seabird_dataset/beacon_debug/frame_291990.png
[beacon] Saved seabird_dataset/beacon_debug/frame_292020.png
[beacon] Saved seabird_dataset/beacon_debug/frame_292050.png
[beacon] Saved seabird_dataset/beacon_debug/frame_292080.png
[beacon] Saved seabird_dataset/beacon_debug/frame_292110.png
[beacon] Saved seabird_dataset/beacon_debug/frame_292140.png
[beacon] Saved seabird_dataset/beacon_debug/frame_292170.png
[beacon] Saved seabird_dataset/beacon_debug/frame_292200.png
[beacon] Saved seabird_dataset/beacon_debug/frame_292230.png
[beacon] Saved seabird_dataset/beacon_debug/frame_292260.png
[beacon] Saved seabird_dataset/beacon_debug/frame_292290.png
[beacon] Saved seabird_dataset/beacon_debug/frame_292320.png
[beacon] Saved seabird_dataset/beacon_debug/frame_292350.png
[beacon] Saved seabird_dataset/beacon_debug/frame_292380.png
[beacon] Saved seabird_dataset/beacon_debug/frame_292410.png
[beacon] Saved seabird_dataset/beacon_debug/frame_292440.png
[beacon] Saved seabird_dataset/beacon_debug/frame_292470.png
[beacon] Saved seabird_dataset/beacon_debug/frame_292500.png
[beacon] Saved seabird_dataset/beacon_debug/frame_292530.png
[beacon] Saved seabird_dataset/beacon_debug/frame_292560.png
[beacon] Saved seabird_dataset/beacon_debug/frame_292590.png
[beacon] Saved seabird_dataset/beacon_debug/frame_292620.png
[beacon] Saved seabird_dataset/beacon_debug/frame_292650.png
[beacon] Saved seabird_dataset/beacon_debug/frame_292680.png
[beacon] Saved seabird_dataset/beacon_debug/frame_292710.png
[beacon] Saved seabird_dataset/beacon_debug/frame_292740.png
[beacon] Saved seabird_dataset/beacon_debug/frame_292770.png
[beacon] Saved seabird_dataset/beacon_debug/frame_292800.png
[beacon] Saved seabird_dataset/beacon_debug/frame_292830.png
[beacon] Saved seabird_dataset/beacon_debug/frame_292860.png
[beacon] Saved seabird_dataset/beacon_debug/frame_292890.png
[beacon] Saved seabird_dataset/beacon_debug/frame_292920.png
[beacon] Saved seabird_dataset/beacon_debug/frame_292950.png
[beacon] Saved seabird_dataset/beacon_debug/frame_292980.png
[beacon] Saved seabird_dataset/beacon_debug/frame_293010.png
[beacon] Saved seabird_dataset/beacon_debug/frame_293040.png
[beacon] Saved seabird_dataset/beacon_debug/frame_293070.png
[beacon] Saved seabird_dataset/beacon_debug/frame_293100.png
[beacon] Saved seabird_dataset/beacon_debug/frame_293130.png
[beacon] Saved seabird_dataset/beacon_debug/frame_293160.png
[beacon] Saved seabird_dataset/beacon_debug/frame_293190.png
[beacon] Saved seabird_dataset/beacon_debug/frame_293220.png
[beacon] Saved seabird_dataset/beacon_debug/frame_293250.png
[beacon] Saved seabird_dataset/beacon_debug/frame_293280.png
[beacon] Saved seabird_dataset/beacon_debug/frame_293310.png
[beacon] Saved seabird_dataset/beacon_debug/frame_293340.png
[beacon] Saved seabird_dataset/beacon_debug/frame_293370.png
[beacon] Saved seabird_dataset/beacon_debug/frame_293400.png
[beacon] Saved seabird_dataset/beacon_debug/frame_293430.png
[beacon] Saved seabird_dataset/beacon_debug/frame_293460.png
[beacon] Saved seabird_dataset/beacon_debug/frame_293490.png
[beacon] Saved seabird_dataset/beacon_debug/frame_293520.png
[beacon] Saved seabird_dataset/beacon_debug/frame_293550.png
[beacon] Saved seabird_dataset/beacon_debug/frame_293580.png
[beacon] Saved seabird_dataset/beacon_debug/frame_293610.png
[beacon] Saved seabird_dataset/beacon_debug/frame_293640.png
[beacon] Saved seabird_dataset/beacon_debug/frame_293670.png
[beacon] Saved seabird_dataset/beacon_debug/frame_293700.png
[beacon] Saved seabird_dataset/beacon_debug/frame_293730.png
[beacon] Saved seabird_dataset/beacon_debug/frame_293760.png
[beacon] Saved seabird_dataset/beacon_debug/frame_293790.png
[beacon] Saved seabird_dataset/beacon_debug/frame_293820.png
[beacon] Saved seabird_dataset/beacon_debug/frame_293850.png
[beacon] Saved seabird_dataset/beacon_debug/frame_293880.png
[beacon] Saved seabird_dataset/beacon_debug/frame_293910.png
[beacon] Saved seabird_dataset/beacon_debug/frame_293940.png
[beacon] Saved seabird_dataset/beacon_debug/frame_293970.png
[beacon] Saved seabird_dataset/beacon_debug/frame_294000.png
[beacon] Saved seabird_dataset/beacon_debug/frame_294030.png
[beacon] Saved seabird_dataset/beacon_debug/frame_294060.png
[beacon] Saved seabird_dataset/beacon_debug/frame_294090.png
[beacon] Saved seabird_dataset/beacon_debug/frame_294120.png
[beacon] Saved seabird_dataset/beacon_debug/frame_294150.png
[beacon] Saved seabird_dataset/beacon_debug/frame_294180.png
[beacon] Saved seabird_dataset/beacon_debug/frame_294210.png
[beacon] Saved seabird_dataset/beacon_debug/frame_294240.png
[beacon] Saved seabird_dataset/beacon_debug/frame_294270.png
[beacon] Saved seabird_dataset/beacon_debug/frame_294300.png
[beacon] Saved seabird_dataset/beacon_debug/frame_294330.png
[beacon] Saved seabird_dataset/beacon_debug/frame_294360.png
[beacon] Saved seabird_dataset/beacon_debug/frame_294390.png
[beacon] Saved seabird_dataset/beacon_debug/frame_294420.png
[beacon] Saved seabird_dataset/beacon_debug/frame_294450.png
[beacon] Saved seabird_dataset/beacon_debug/frame_294480.png
[beacon] Saved seabird_dataset/beacon_debug/frame_294510.png
[beacon] Saved seabird_dataset/beacon_debug/frame_294540.png
[beacon] Saved seabird_dataset/beacon_debug/frame_294570.png
[beacon] Saved seabird_dataset/beacon_debug/frame_294600.png
[beacon] Saved seabird_dataset/beacon_debug/frame_294630.png
[beacon] Saved seabird_dataset/beacon_debug/frame_294660.png
[beacon] Saved seabird_dataset/beacon_debug/frame_294690.png
[beacon] Saved seabird_dataset/beacon_debug/frame_294720.png
[beacon] Saved seabird_dataset/beacon_debug/frame_294750.png
[beacon] Saved seabird_dataset/beacon_debug/frame_294780.png
[beacon] Saved seabird_dataset/beacon_debug/frame_294810.png
[beacon] Saved seabird_dataset/beacon_debug/frame_294840.png
[beacon] Saved seabird_dataset/beacon_debug/frame_294870.png
[beacon] Saved seabird_dataset/beacon_debug/frame_294900.png
[beacon] Saved seabird_dataset/beacon_debug/frame_294930.png
[beacon] Saved seabird_dataset/beacon_debug/frame_294960.png
[beacon] Saved seabird_dataset/beacon_debug/frame_294990.png
[beacon] Saved seabird_dataset/beacon_debug/frame_295020.png
[beacon] Saved seabird_dataset/beacon_debug/frame_295050.png
[beacon] Saved seabird_dataset/beacon_debug/frame_295080.png
[beacon] Saved seabird_dataset/beacon_debug/frame_295110.png
[beacon] Saved seabird_dataset/beacon_debug/frame_295140.png
[beacon] Saved seabird_dataset/beacon_debug/frame_295170.png
[beacon] Saved seabird_dataset/beacon_debug/frame_295200.png
[beacon] Saved seabird_dataset/beacon_debug/frame_295230.png
[beacon] Saved seabird_dataset/beacon_debug/frame_295260.png
[beacon] Saved seabird_dataset/beacon_debug/frame_295290.png
[beacon] Saved seabird_dataset/beacon_debug/frame_295320.png
[beacon] Saved seabird_dataset/beacon_debug/frame_295350.png
[beacon] Saved seabird_dataset/beacon_debug/frame_295380.png
[beacon] Saved seabird_dataset/beacon_debug/frame_295410.png
[beacon] Saved seabird_dataset/beacon_debug/frame_295440.png
[beacon] Saved seabird_dataset/beacon_debug/frame_295470.png
[beacon] Saved seabird_dataset/beacon_debug/frame_295500.png
[beacon] Saved seabird_dataset/beacon_debug/frame_295530.png
[beacon] Saved seabird_dataset/beacon_debug/frame_295560.png
[beacon] Saved seabird_dataset/beacon_debug/frame_295590.png
[beacon] Saved seabird_dataset/beacon_debug/frame_295620.png
[beacon] Saved seabird_dataset/beacon_debug/frame_295650.png
[beacon] Saved seabird_dataset/beacon_debug/frame_295680.png
[beacon] Saved seabird_dataset/beacon_debug/frame_295710.png
[beacon] Saved seabird_dataset/beacon_debug/frame_295740.png
[beacon] Saved seabird_dataset/beacon_debug/frame_295770.png
[beacon] Saved seabird_dataset/beacon_debug/frame_295800.png
[beacon] Saved seabird_dataset/beacon_debug/frame_295830.png
[beacon] Saved seabird_dataset/beacon_debug/frame_295860.png
[beacon] Saved seabird_dataset/beacon_debug/frame_295890.png
[beacon] Saved seabird_dataset/beacon_debug/frame_295920.png
[beacon] Saved seabird_dataset/beacon_debug/frame_295950.png
[beacon] Saved seabird_dataset/beacon_debug/frame_295980.png
[beacon] Saved seabird_dataset/beacon_debug/frame_296010.png
[beacon] Saved seabird_dataset/beacon_debug/frame_296040.png
[beacon] Saved seabird_dataset/beacon_debug/frame_296070.png
[beacon] Saved seabird_dataset/beacon_debug/frame_296100.png
[beacon] Saved seabird_dataset/beacon_debug/frame_296130.png
[beacon] Saved seabird_dataset/beacon_debug/frame_296160.png
[beacon] Saved seabird_dataset/beacon_debug/frame_296190.png
[beacon] Saved seabird_dataset/beacon_debug/frame_296220.png
[beacon] Saved seabird_dataset/beacon_debug/frame_296250.png
[beacon] Saved seabird_dataset/beacon_debug/frame_296280.png
[beacon] Saved seabird_dataset/beacon_debug/frame_296310.png
[beacon] Saved seabird_dataset/beacon_debug/frame_296340.png
[beacon] Saved seabird_dataset/beacon_debug/frame_296370.png
[beacon] Saved seabird_dataset/beacon_debug/frame_296400.png
[beacon] Saved seabird_dataset/beacon_debug/frame_296430.png
[beacon] Saved seabird_dataset/beacon_debug/frame_296460.png
[beacon] Saved seabird_dataset/beacon_debug/frame_296490.png
[beacon] Saved seabird_dataset/beacon_debug/frame_296520.png
[beacon] Saved seabird_dataset/beacon_debug/frame_296550.png
[beacon] Saved seabird_dataset/beacon_debug/frame_296580.png
[beacon] Saved seabird_dataset/beacon_debug/frame_296610.png
[beacon] Saved seabird_dataset/beacon_debug/frame_296640.png
[beacon] Saved seabird_dataset/beacon_debug/frame_296670.png
[beacon] Saved seabird_dataset/beacon_debug/frame_296700.png
[beacon] Saved seabird_dataset/beacon_debug/frame_296730.png
[beacon] Saved seabird_dataset/beacon_debug/frame_296760.png
[beacon] Saved seabird_dataset/beacon_debug/frame_296790.png
[beacon] Saved seabird_dataset/beacon_debug/frame_296820.png
[beacon] Saved seabird_dataset/beacon_debug/frame_296850.png
[beacon] Saved seabird_dataset/beacon_debug/frame_296880.png
[beacon] Saved seabird_dataset/beacon_debug/frame_296910.png
[beacon] Saved seabird_dataset/beacon_debug/frame_296940.png
[beacon] Saved seabird_dataset/beacon_debug/frame_296970.png
[beacon] Saved seabird_dataset/beacon_debug/frame_297000.png
[beacon] Saved seabird_dataset/beacon_debug/frame_297030.png
[beacon] Saved seabird_dataset/beacon_debug/frame_297060.png
[beacon] Saved seabird_dataset/beacon_debug/frame_297090.png
[beacon] Saved seabird_dataset/beacon_debug/frame_297120.png
[beacon] Saved seabird_dataset/beacon_debug/frame_297150.png
[beacon] Saved seabird_dataset/beacon_debug/frame_297180.png
[beacon] Saved seabird_dataset/beacon_debug/frame_297210.png
[beacon] Saved seabird_dataset/beacon_debug/frame_297240.png
[beacon] Saved seabird_dataset/beacon_debug/frame_297270.png
[beacon] Saved seabird_dataset/beacon_debug/frame_297300.png
[beacon] Saved seabird_dataset/beacon_debug/frame_297330.png
[beacon] Saved seabird_dataset/beacon_debug/frame_297360.png
[beacon] Saved seabird_dataset/beacon_debug/frame_297390.png
[beacon] Saved seabird_dataset/beacon_debug/frame_297420.png
[beacon] Saved seabird_dataset/beacon_debug/frame_297450.png
[beacon] Saved seabird_dataset/beacon_debug/frame_297480.png
[beacon] Saved seabird_dataset/beacon_debug/frame_297510.png
[beacon] Saved seabird_dataset/beacon_debug/frame_297540.png
[beacon] Saved seabird_dataset/beacon_debug/frame_297570.png
[beacon] Saved seabird_dataset/beacon_debug/frame_297600.png
[beacon] Saved seabird_dataset/beacon_debug/frame_297630.png
[beacon] Saved seabird_dataset/beacon_debug/frame_297660.png
[beacon] Saved seabird_dataset/beacon_debug/frame_297690.png
[beacon] Saved seabird_dataset/beacon_debug/frame_297720.png
[beacon] Saved seabird_dataset/beacon_debug/frame_297750.png
[beacon] Saved seabird_dataset/beacon_debug/frame_297780.png
[beacon] Saved seabird_dataset/beacon_debug/frame_297810.png
[beacon] Saved seabird_dataset/beacon_debug/frame_297840.png
[beacon] Saved seabird_dataset/beacon_debug/frame_297870.png
[beacon] Saved seabird_dataset/beacon_debug/frame_297900.png
[beacon] Saved seabird_dataset/beacon_debug/frame_297930.png
[beacon] Saved seabird_dataset/beacon_debug/frame_297960.png
[beacon] Saved seabird_dataset/beacon_debug/frame_297990.png
[beacon] Saved seabird_dataset/beacon_debug/frame_298020.png
[beacon] Saved seabird_dataset/beacon_debug/frame_298050.png
[beacon] Saved seabird_dataset/beacon_debug/frame_298080.png
[beacon] Saved seabird_dataset/beacon_debug/frame_298110.png
[beacon] Saved seabird_dataset/beacon_debug/frame_298140.png
[beacon] Saved seabird_dataset/beacon_debug/frame_298170.png
[beacon] Saved seabird_dataset/beacon_debug/frame_298200.png
[beacon] Saved seabird_dataset/beacon_debug/frame_298230.png
[beacon] Saved seabird_dataset/beacon_debug/frame_298260.png
[beacon] Saved seabird_dataset/beacon_debug/frame_298290.png
[beacon] Saved seabird_dataset/beacon_debug/frame_298320.png
[beacon] Saved seabird_dataset/beacon_debug/frame_298350.png
[beacon] Saved seabird_dataset/beacon_debug/frame_298380.png
[beacon] Saved seabird_dataset/beacon_debug/frame_298410.png
[beacon] Saved seabird_dataset/beacon_debug/frame_298440.png
[beacon] Saved seabird_dataset/beacon_debug/frame_298470.png
[beacon] Saved seabird_dataset/beacon_debug/frame_298500.png
[beacon] Saved seabird_dataset/beacon_debug/frame_298530.png
[beacon] Saved seabird_dataset/beacon_debug/frame_298560.png
[beacon] Saved seabird_dataset/beacon_debug/frame_298590.png
[beacon] Saved seabird_dataset/beacon_debug/frame_298620.png
[beacon] Saved seabird_dataset/beacon_debug/frame_298650.png
[beacon] Saved seabird_dataset/beacon_debug/frame_298680.png
[beacon] Saved seabird_dataset/beacon_debug/frame_298710.png
[beacon] Saved seabird_dataset/beacon_debug/frame_298740.png
[beacon] Saved seabird_dataset/beacon_debug/frame_298770.png
[beacon] Saved seabird_dataset/beacon_debug/frame_298800.png
[beacon] Saved seabird_dataset/beacon_debug/frame_298830.png
[beacon] Saved seabird_dataset/beacon_debug/frame_298860.png
[beacon] Saved seabird_dataset/beacon_debug/frame_298890.png
[beacon] Saved seabird_dataset/beacon_debug/frame_298920.png
[beacon] Saved seabird_dataset/beacon_debug/frame_298950.png
[beacon] Saved seabird_dataset/beacon_debug/frame_298980.png
[beacon] Saved seabird_dataset/beacon_debug/frame_299010.png
[beacon] Saved seabird_dataset/beacon_debug/frame_299040.png
[beacon] Saved seabird_dataset/beacon_debug/frame_299070.png
[beacon] Saved seabird_dataset/beacon_debug/frame_299100.png
[beacon] Saved seabird_dataset/beacon_debug/frame_299130.png
[beacon] Saved seabird_dataset/beacon_debug/frame_299160.png
[beacon] Saved seabird_dataset/beacon_debug/frame_299190.png
[beacon] Saved seabird_dataset/beacon_debug/frame_299220.png
[beacon] Saved seabird_dataset/beacon_debug/frame_299250.png
[beacon] Saved seabird_dataset/beacon_debug/frame_299280.png
[beacon] Saved seabird_dataset/beacon_debug/frame_299310.png
[beacon] Saved seabird_dataset/beacon_debug/frame_299340.png
[beacon] Saved seabird_dataset/beacon_debug/frame_299370.png
[beacon] Saved seabird_dataset/beacon_debug/frame_299400.png
[beacon] Saved seabird_dataset/beacon_debug/frame_299430.png
[beacon] Saved seabird_dataset/beacon_debug/frame_299460.png
[beacon] Saved seabird_dataset/beacon_debug/frame_299490.png
[beacon] Saved seabird_dataset/beacon_debug/frame_299520.png
[beacon] Saved seabird_dataset/beacon_debug/frame_299550.png
[beacon] Saved seabird_dataset/beacon_debug/frame_299580.png
[beacon] Saved seabird_dataset/beacon_debug/frame_299610.png
[beacon] Saved seabird_dataset/beacon_debug/frame_299640.png
[beacon] Saved seabird_dataset/beacon_debug/frame_299670.png
[beacon] Saved seabird_dataset/beacon_debug/frame_299700.png
[beacon] Saved seabird_dataset/beacon_debug/frame_299730.png
[beacon] Saved seabird_dataset/beacon_debug/frame_299760.png
[beacon] Saved seabird_dataset/beacon_debug/frame_299790.png
[beacon] Saved seabird_dataset/beacon_debug/frame_299820.png
[beacon] Saved seabird_dataset/beacon_debug/frame_299850.png
[beacon] Saved seabird_dataset/beacon_debug/frame_299880.png
[beacon] Saved seabird_dataset/beacon_debug/frame_299910.png
[beacon] Saved seabird_dataset/beacon_debug/frame_299940.png
[beacon] Saved seabird_dataset/beacon_debug/frame_299970.png
[beacon] Saved seabird_dataset/beacon_debug/frame_300000.png
[beacon] Saved seabird_dataset/beacon_debug/frame_300030.png
[beacon] Saved seabird_dataset/beacon_debug/frame_300060.png
[beacon] Saved seabird_dataset/beacon_debug/frame_300090.png
[beacon] Saved seabird_dataset/beacon_debug/frame_300120.png
[beacon] Saved seabird_dataset/beacon_debug/frame_300150.png
[beacon] Saved seabird_dataset/beacon_debug/frame_300180.png
[beacon] Saved seabird_dataset/beacon_debug/frame_300210.png
[beacon] Saved seabird_dataset/beacon_debug/frame_300240.png
[beacon] Saved seabird_dataset/beacon_debug/frame_300270.png
[beacon] Saved seabird_dataset/beacon_debug/frame_300300.png
[beacon] Saved seabird_dataset/beacon_debug/frame_300330.png
[beacon] Saved seabird_dataset/beacon_debug/frame_300360.png
[beacon] Saved seabird_dataset/beacon_debug/frame_300390.png
[beacon] Saved seabird_dataset/beacon_debug/frame_300420.png
[beacon] Saved seabird_dataset/beacon_debug/frame_300450.png
[beacon] Saved seabird_dataset/beacon_debug/frame_300480.png
[beacon] Saved seabird_dataset/beacon_debug/frame_300510.png
[beacon] Saved seabird_dataset/beacon_debug/frame_300540.png
[beacon] Saved seabird_dataset/beacon_debug/frame_300570.png
[beacon] Saved seabird_dataset/beacon_debug/frame_300600.png
[beacon] Saved seabird_dataset/beacon_debug/frame_300630.png
[beacon] Saved seabird_dataset/beacon_debug/frame_300660.png
[beacon] Saved seabird_dataset/beacon_debug/frame_300690.png
[beacon] Saved seabird_dataset/beacon_debug/frame_300720.png
[beacon] Saved seabird_dataset/beacon_debug/frame_300750.png
[beacon] Saved seabird_dataset/beacon_debug/frame_300780.png
[beacon] Saved seabird_dataset/beacon_debug/frame_300810.png
[beacon] Saved seabird_dataset/beacon_debug/frame_300840.png
[beacon] Saved seabird_dataset/beacon_debug/frame_300870.png
[beacon] Saved seabird_dataset/beacon_debug/frame_300900.png
[beacon] Saved seabird_dataset/beacon_debug/frame_300930.png
[beacon] Saved seabird_dataset/beacon_debug/frame_300960.png
[beacon] Saved seabird_dataset/beacon_debug/frame_300990.png
[beacon] Saved seabird_dataset/beacon_debug/frame_301020.png
[beacon] Saved seabird_dataset/beacon_debug/frame_301050.png
[beacon] Saved seabird_dataset/beacon_debug/frame_301080.png
[beacon] Saved seabird_dataset/beacon_debug/frame_301110.png
[beacon] Saved seabird_dataset/beacon_debug/frame_301140.png
[beacon] Saved seabird_dataset/beacon_debug/frame_301170.png
[beacon] Saved seabird_dataset/beacon_debug/frame_301200.png
[beacon] Saved seabird_dataset/beacon_debug/frame_301230.png
[beacon] Saved seabird_dataset/beacon_debug/frame_301260.png
[beacon] Saved seabird_dataset/beacon_debug/frame_301290.png
[beacon] Saved seabird_dataset/beacon_debug/frame_301320.png
[beacon] Saved seabird_dataset/beacon_debug/frame_301350.png
[beacon] Saved seabird_dataset/beacon_debug/frame_301380.png
[beacon] Saved seabird_dataset/beacon_debug/frame_301410.png
[beacon] Saved seabird_dataset/beacon_debug/frame_301440.png
[beacon] Saved seabird_dataset/beacon_debug/frame_301470.png
[beacon] Saved seabird_dataset/beacon_debug/frame_301500.png
[beacon] Saved seabird_dataset/beacon_debug/frame_301530.png
[beacon] Saved seabird_dataset/beacon_debug/frame_301560.png
[beacon] Saved seabird_dataset/beacon_debug/frame_301590.png
[beacon] Saved seabird_dataset/beacon_debug/frame_301620.png
[beacon] Saved seabird_dataset/beacon_debug/frame_301650.png
[beacon] Saved seabird_dataset/beacon_debug/frame_301680.png
[beacon] Saved seabird_dataset/beacon_debug/frame_301710.png
[beacon] Saved seabird_dataset/beacon_debug/frame_301740.png
[beacon] Saved seabird_dataset/beacon_debug/frame_301770.png
[beacon] Saved seabird_dataset/beacon_debug/frame_301800.png
[beacon] Saved seabird_dataset/beacon_debug/frame_301830.png
[beacon] Saved seabird_dataset/beacon_debug/frame_301860.png
[beacon] Saved seabird_dataset/beacon_debug/frame_301890.png
[beacon] Saved seabird_dataset/beacon_debug/frame_301920.png
[beacon] Saved seabird_dataset/beacon_debug/frame_301950.png
[beacon] Saved seabird_dataset/beacon_debug/frame_301980.png
[beacon] Saved seabird_dataset/beacon_debug/frame_302010.png
[beacon] Saved seabird_dataset/beacon_debug/frame_302040.png
[beacon] Saved seabird_dataset/beacon_debug/frame_302070.png
[beacon] Saved seabird_dataset/beacon_debug/frame_302100.png
[beacon] Saved seabird_dataset/beacon_debug/frame_302130.png
[beacon] Saved seabird_dataset/beacon_debug/frame_302160.png
[beacon] Saved seabird_dataset/beacon_debug/frame_302190.png
[beacon] Saved seabird_dataset/beacon_debug/frame_302220.png
[beacon] Saved seabird_dataset/beacon_debug/frame_302250.png
[beacon] Saved seabird_dataset/beacon_debug/frame_302280.png
[beacon] Saved seabird_dataset/beacon_debug/frame_302310.png
[beacon] Saved seabird_dataset/beacon_debug/frame_302340.png
[beacon] Saved seabird_dataset/beacon_debug/frame_302370.png
[beacon] Saved seabird_dataset/beacon_debug/frame_302400.png
[beacon] Saved seabird_dataset/beacon_debug/frame_302430.png
[beacon] Saved seabird_dataset/beacon_debug/frame_302460.png
[beacon] Saved seabird_dataset/beacon_debug/frame_302490.png
[beacon] Saved seabird_dataset/beacon_debug/frame_302520.png
[beacon] Saved seabird_dataset/beacon_debug/frame_302550.png
[beacon] Saved seabird_dataset/beacon_debug/frame_302580.png
[beacon] Saved seabird_dataset/beacon_debug/frame_302610.png
[beacon] Saved seabird_dataset/beacon_debug/frame_302640.png
[beacon] Saved seabird_dataset/beacon_debug/frame_302670.png
[beacon] Saved seabird_dataset/beacon_debug/frame_302700.png
[beacon] Saved seabird_dataset/beacon_debug/frame_302730.png
[beacon] Saved seabird_dataset/beacon_debug/frame_302760.png
[beacon] Saved seabird_dataset/beacon_debug/frame_302790.png
[beacon] Saved seabird_dataset/beacon_debug/frame_302820.png
[beacon] Saved seabird_dataset/beacon_debug/frame_302850.png
[beacon] Saved seabird_dataset/beacon_debug/frame_302880.png
[beacon] Saved seabird_dataset/beacon_debug/frame_302910.png
[beacon] Saved seabird_dataset/beacon_debug/frame_302940.png
[beacon] Saved seabird_dataset/beacon_debug/frame_302970.png
[beacon] Saved seabird_dataset/beacon_debug/frame_303000.png
[beacon] Saved seabird_dataset/beacon_debug/frame_303030.png
[beacon] Saved seabird_dataset/beacon_debug/frame_303060.png
[beacon] Saved seabird_dataset/beacon_debug/frame_303090.png
[beacon] Saved seabird_dataset/beacon_debug/frame_303120.png
[beacon] Saved seabird_dataset/beacon_debug/frame_303150.png
[beacon] Saved seabird_dataset/beacon_debug/frame_303180.png
[beacon] Saved seabird_dataset/beacon_debug/frame_303210.png
[beacon] Saved seabird_dataset/beacon_debug/frame_303240.png
[beacon] Saved seabird_dataset/beacon_debug/frame_303270.png
[beacon] Saved seabird_dataset/beacon_debug/frame_303300.png
[beacon] Saved seabird_dataset/beacon_debug/frame_303330.png
[beacon] Saved seabird_dataset/beacon_debug/frame_303360.png
[beacon] Saved seabird_dataset/beacon_debug/frame_303390.png
[beacon] Saved seabird_dataset/beacon_debug/frame_303420.png
[beacon] Saved seabird_dataset/beacon_debug/frame_303450.png
[beacon] Saved seabird_dataset/beacon_debug/frame_303480.png
[beacon] Saved seabird_dataset/beacon_debug/frame_303510.png
[beacon] Saved seabird_dataset/beacon_debug/frame_303540.png
[beacon] Saved seabird_dataset/beacon_debug/frame_303570.png
[beacon] Saved seabird_dataset/beacon_debug/frame_303600.png
[beacon] Saved seabird_dataset/beacon_debug/frame_303630.png
[beacon] Saved seabird_dataset/beacon_debug/frame_303660.png
[beacon] Saved seabird_dataset/beacon_debug/frame_303690.png
[beacon] Saved seabird_dataset/beacon_debug/frame_303720.png
[beacon] Saved seabird_dataset/beacon_debug/frame_303750.png
[beacon] Saved seabird_dataset/beacon_debug/frame_303780.png
[beacon] Saved seabird_dataset/beacon_debug/frame_303810.png
[beacon] Saved seabird_dataset/beacon_debug/frame_303840.png
[beacon] Saved seabird_dataset/beacon_debug/frame_303870.png
[beacon] Saved seabird_dataset/beacon_debug/frame_303900.png
[beacon] Saved seabird_dataset/beacon_debug/frame_303930.png
[beacon] Saved seabird_dataset/beacon_debug/frame_303960.png
[beacon] Saved seabird_dataset/beacon_debug/frame_303990.png
[beacon] Saved seabird_dataset/beacon_debug/frame_304020.png
[beacon] Saved seabird_dataset/beacon_debug/frame_304050.png
[beacon] Saved seabird_dataset/beacon_debug/frame_304080.png
[beacon] Saved seabird_dataset/beacon_debug/frame_304110.png
[beacon] Saved seabird_dataset/beacon_debug/frame_304140.png
[beacon] Saved seabird_dataset/beacon_debug/frame_304170.png
[beacon] Saved seabird_dataset/beacon_debug/frame_304200.png
[beacon] Saved seabird_dataset/beacon_debug/frame_304230.png
[beacon] Saved seabird_dataset/beacon_debug/frame_304260.png
[beacon] Saved seabird_dataset/beacon_debug/frame_304290.png
[beacon] Saved seabird_dataset/beacon_debug/frame_304320.png
[beacon] Saved seabird_dataset/beacon_debug/frame_304350.png
[beacon] Saved seabird_dataset/beacon_debug/frame_304380.png
[beacon] Saved seabird_dataset/beacon_debug/frame_304410.png
[beacon] Saved seabird_dataset/beacon_debug/frame_304440.png
[beacon] Saved seabird_dataset/beacon_debug/frame_304470.png
[beacon] Saved seabird_dataset/beacon_debug/frame_304500.png
[beacon] Saved seabird_dataset/beacon_debug/frame_304530.png
[beacon] Saved seabird_dataset/beacon_debug/frame_304560.png
[beacon] Saved seabird_dataset/beacon_debug/frame_304590.png
[beacon] Saved seabird_dataset/beacon_debug/frame_304620.png
[beacon] Saved seabird_dataset/beacon_debug/frame_304650.png
[beacon] Saved seabird_dataset/beacon_debug/frame_304680.png
[beacon] Saved seabird_dataset/beacon_debug/frame_304710.png
[beacon] Saved seabird_dataset/beacon_debug/frame_304740.png
[beacon] Saved seabird_dataset/beacon_debug/frame_304770.png
[beacon] Saved seabird_dataset/beacon_debug/frame_304800.png
[beacon] Saved seabird_dataset/beacon_debug/frame_304830.png
[beacon] Saved seabird_dataset/beacon_debug/frame_304860.png
[beacon] Saved seabird_dataset/beacon_debug/frame_304890.png
[beacon] Saved seabird_dataset/beacon_debug/frame_304920.png
[beacon] Saved seabird_dataset/beacon_debug/frame_304950.png
[beacon] Saved seabird_dataset/beacon_debug/frame_304980.png
[beacon] Saved seabird_dataset/beacon_debug/frame_305010.png
[beacon] Saved seabird_dataset/beacon_debug/frame_305040.png
[beacon] Saved seabird_dataset/beacon_debug/frame_305070.png
[beacon] Saved seabird_dataset/beacon_debug/frame_305100.png
[beacon] Saved seabird_dataset/beacon_debug/frame_305130.png
[beacon] Saved seabird_dataset/beacon_debug/frame_305160.png
[beacon] Saved seabird_dataset/beacon_debug/frame_305190.png
[beacon] Saved seabird_dataset/beacon_debug/frame_305220.png
[beacon] Saved seabird_dataset/beacon_debug/frame_305250.png
[beacon] Saved seabird_dataset/beacon_debug/frame_305280.png
[beacon] Saved seabird_dataset/beacon_debug/frame_305310.png
[beacon] Saved seabird_dataset/beacon_debug/frame_305340.png
[beacon] Saved seabird_dataset/beacon_debug/frame_305370.png
[beacon] Saved seabird_dataset/beacon_debug/frame_305400.png
[beacon] Saved seabird_dataset/beacon_debug/frame_305430.png
[beacon] Saved seabird_dataset/beacon_debug/frame_305460.png
[beacon] Saved seabird_dataset/beacon_debug/frame_305490.png
[beacon] Saved seabird_dataset/beacon_debug/frame_305520.png
[beacon] Saved seabird_dataset/beacon_debug/frame_305550.png
[beacon] Saved seabird_dataset/beacon_debug/frame_305580.png
[beacon] Saved seabird_dataset/beacon_debug/frame_305610.png
[beacon] Saved seabird_dataset/beacon_debug/frame_305640.png
[beacon] Saved seabird_dataset/beacon_debug/frame_305670.png
[beacon] Saved seabird_dataset/beacon_debug/frame_305700.png
[beacon] Saved seabird_dataset/beacon_debug/frame_305730.png
[beacon] Saved seabird_dataset/beacon_debug/frame_305760.png
[beacon] Saved seabird_dataset/beacon_debug/frame_305790.png
[beacon] Saved seabird_dataset/beacon_debug/frame_305820.png
[beacon] Saved seabird_dataset/beacon_debug/frame_305850.png
[beacon] Saved seabird_dataset/beacon_debug/frame_305880.png
[beacon] Saved seabird_dataset/beacon_debug/frame_305910.png
[beacon] Saved seabird_dataset/beacon_debug/frame_305940.png
[beacon] Saved seabird_dataset/beacon_debug/frame_305970.png
[beacon] Saved seabird_dataset/beacon_debug/frame_306000.png
[beacon] Saved seabird_dataset/beacon_debug/frame_306030.png
[beacon] Saved seabird_dataset/beacon_debug/frame_306060.png
[beacon] Saved seabird_dataset/beacon_debug/frame_306090.png
[beacon] Saved seabird_dataset/beacon_debug/frame_306120.png
[beacon] Saved seabird_dataset/beacon_debug/frame_306150.png
[beacon] Saved seabird_dataset/beacon_debug/frame_306180.png
[beacon] Saved seabird_dataset/beacon_debug/frame_306210.png
[beacon] Saved seabird_dataset/beacon_debug/frame_306240.png
[beacon] Saved seabird_dataset/beacon_debug/frame_306270.png
[beacon] Saved seabird_dataset/beacon_debug/frame_306300.png
[beacon] Saved seabird_dataset/beacon_debug/frame_306330.png
[beacon] Saved seabird_dataset/beacon_debug/frame_306360.png
[beacon] Saved seabird_dataset/beacon_debug/frame_306390.png
[beacon] Saved seabird_dataset/beacon_debug/frame_306420.png
[beacon] Saved seabird_dataset/beacon_debug/frame_306450.png
[beacon] Saved seabird_dataset/beacon_debug/frame_306480.png
[beacon] Saved seabird_dataset/beacon_debug/frame_306510.png
[beacon] Saved seabird_dataset/beacon_debug/frame_306540.png
[beacon] Saved seabird_dataset/beacon_debug/frame_306570.png
[beacon] Saved seabird_dataset/beacon_debug/frame_306600.png
[beacon] Saved seabird_dataset/beacon_debug/frame_306630.png
[beacon] Saved seabird_dataset/beacon_debug/frame_306660.png
[beacon] Saved seabird_dataset/beacon_debug/frame_306690.png
[beacon] Saved seabird_dataset/beacon_debug/frame_306720.png
[beacon] Saved seabird_dataset/beacon_debug/frame_306750.png
[beacon] Saved seabird_dataset/beacon_debug/frame_306780.png
[beacon] Saved seabird_dataset/beacon_debug/frame_306810.png
[beacon] Saved seabird_dataset/beacon_debug/frame_306840.png
[beacon] Saved seabird_dataset/beacon_debug/frame_306870.png
[beacon] Saved seabird_dataset/beacon_debug/frame_306900.png
[beacon] Saved seabird_dataset/beacon_debug/frame_306930.png
[beacon] Saved seabird_dataset/beacon_debug/frame_306960.png
[beacon] Saved seabird_dataset/beacon_debug/frame_306990.png
[beacon] Saved seabird_dataset/beacon_debug/frame_307020.png
[beacon] Saved seabird_dataset/beacon_debug/frame_307050.png
[beacon] Saved seabird_dataset/beacon_debug/frame_307080.png
[beacon] Saved seabird_dataset/beacon_debug/frame_307110.png
[beacon] Saved seabird_dataset/beacon_debug/frame_307140.png
[beacon] Saved seabird_dataset/beacon_debug/frame_307170.png
[beacon] Saved seabird_dataset/beacon_debug/frame_307200.png
[beacon] Saved seabird_dataset/beacon_debug/frame_307230.png
[beacon] Saved seabird_dataset/beacon_debug/frame_307260.png
[beacon] Saved seabird_dataset/beacon_debug/frame_307290.png
[beacon] Saved seabird_dataset/beacon_debug/frame_307320.png
[beacon] Saved seabird_dataset/beacon_debug/frame_307350.png
[beacon] Saved seabird_dataset/beacon_debug/frame_307380.png
[beacon] Saved seabird_dataset/beacon_debug/frame_307410.png
[beacon] Saved seabird_dataset/beacon_debug/frame_307440.png
[beacon] Saved seabird_dataset/beacon_debug/frame_307470.png
[beacon] Saved seabird_dataset/beacon_debug/frame_307500.png
[beacon] Saved seabird_dataset/beacon_debug/frame_307530.png
[beacon] Saved seabird_dataset/beacon_debug/frame_307560.png
[beacon] Saved seabird_dataset/beacon_debug/frame_307590.png
[beacon] Saved seabird_dataset/beacon_debug/frame_307620.png
[beacon] Saved seabird_dataset/beacon_debug/frame_307650.png
[beacon] Saved seabird_dataset/beacon_debug/frame_307680.png
[beacon] Saved seabird_dataset/beacon_debug/frame_307710.png
[beacon] Saved seabird_dataset/beacon_debug/frame_307740.png
[beacon] Saved seabird_dataset/beacon_debug/frame_307770.png
[beacon] Saved seabird_dataset/beacon_debug/frame_307800.png
[beacon] Saved seabird_dataset/beacon_debug/frame_307830.png
[beacon] Saved seabird_dataset/beacon_debug/frame_307860.png
[beacon] Saved seabird_dataset/beacon_debug/frame_307890.png
[beacon] Saved seabird_dataset/beacon_debug/frame_307920.png
[beacon] Saved seabird_dataset/beacon_debug/frame_307950.png
[beacon] Saved seabird_dataset/beacon_debug/frame_307980.png
[beacon] Saved seabird_dataset/beacon_debug/frame_308010.png
[beacon] Saved seabird_dataset/beacon_debug/frame_308040.png
[beacon] Saved seabird_dataset/beacon_debug/frame_308070.png
[beacon] Saved seabird_dataset/beacon_debug/frame_308100.png
[beacon] Saved seabird_dataset/beacon_debug/frame_308130.png
[beacon] Saved seabird_dataset/beacon_debug/frame_308160.png
[beacon] Saved seabird_dataset/beacon_debug/frame_308190.png
[beacon] Saved seabird_dataset/beacon_debug/frame_308220.png
[beacon] Saved seabird_dataset/beacon_debug/frame_308250.png
[beacon] Saved seabird_dataset/beacon_debug/frame_308280.png
[beacon] Saved seabird_dataset/beacon_debug/frame_308310.png
[beacon] Saved seabird_dataset/beacon_debug/frame_308340.png
[beacon] Saved seabird_dataset/beacon_debug/frame_308370.png
[beacon] Saved seabird_dataset/beacon_debug/frame_308400.png
[beacon] Saved seabird_dataset/beacon_debug/frame_308430.png
[beacon] Saved seabird_dataset/beacon_debug/frame_308460.png
[beacon] Saved seabird_dataset/beacon_debug/frame_308490.png
[beacon] Saved seabird_dataset/beacon_debug/frame_308520.png
[beacon] Saved seabird_dataset/beacon_debug/frame_308550.png
[beacon] Saved seabird_dataset/beacon_debug/frame_308580.png
[beacon] Saved seabird_dataset/beacon_debug/frame_308610.png
[beacon] Saved seabird_dataset/beacon_debug/frame_308640.png
[beacon] Saved seabird_dataset/beacon_debug/frame_308670.png
[beacon] Saved seabird_dataset/beacon_debug/frame_308700.png
[beacon] Saved seabird_dataset/beacon_debug/frame_308730.png
[beacon] Saved seabird_dataset/beacon_debug/frame_308760.png
[beacon] Saved seabird_dataset/beacon_debug/frame_308790.png
[beacon] Saved seabird_dataset/beacon_debug/frame_308820.png
[beacon] Saved seabird_dataset/beacon_debug/frame_308850.png
[beacon] Saved seabird_dataset/beacon_debug/frame_308880.png
[beacon] Saved seabird_dataset/beacon_debug/frame_308910.png
[beacon] Saved seabird_dataset/beacon_debug/frame_308940.png
[beacon] Saved seabird_dataset/beacon_debug/frame_308970.png
[beacon] Saved seabird_dataset/beacon_debug/frame_309000.png
[beacon] Saved seabird_dataset/beacon_debug/frame_309030.png
[beacon] Saved seabird_dataset/beacon_debug/frame_309060.png
[beacon] Saved seabird_dataset/beacon_debug/frame_309090.png
[beacon] Saved seabird_dataset/beacon_debug/frame_309120.png
[beacon] Saved seabird_dataset/beacon_debug/frame_309150.png
[beacon] Saved seabird_dataset/beacon_debug/frame_309180.png
[beacon] Saved seabird_dataset/beacon_debug/frame_309210.png
[beacon] Saved seabird_dataset/beacon_debug/frame_309240.png
[beacon] Saved seabird_dataset/beacon_debug/frame_309270.png
[beacon] Saved seabird_dataset/beacon_debug/frame_309300.png
[beacon] Saved seabird_dataset/beacon_debug/frame_309330.png
[beacon] Saved seabird_dataset/beacon_debug/frame_309360.png
[beacon] Saved seabird_dataset/beacon_debug/frame_309390.png
[beacon] Saved seabird_dataset/beacon_debug/frame_309420.png
[beacon] Saved seabird_dataset/beacon_debug/frame_309450.png
[beacon] Saved seabird_dataset/beacon_debug/frame_309480.png
[beacon] Saved seabird_dataset/beacon_debug/frame_309510.png
[beacon] Saved seabird_dataset/beacon_debug/frame_309540.png
[beacon] Saved seabird_dataset/beacon_debug/frame_309570.png
[beacon] Saved seabird_dataset/beacon_debug/frame_309600.png
[beacon] Saved seabird_dataset/beacon_debug/frame_309630.png
[beacon] Saved seabird_dataset/beacon_debug/frame_309660.png
[beacon] Saved seabird_dataset/beacon_debug/frame_309690.png
[beacon] Saved seabird_dataset/beacon_debug/frame_309720.png
[beacon] Saved seabird_dataset/beacon_debug/frame_309750.png
[beacon] Saved seabird_dataset/beacon_debug/frame_309780.png
[beacon] Saved seabird_dataset/beacon_debug/frame_309810.png
[beacon] Saved seabird_dataset/beacon_debug/frame_309840.png
[beacon] Saved seabird_dataset/beacon_debug/frame_309870.png
[beacon] Saved seabird_dataset/beacon_debug/frame_309900.png
[beacon] Saved seabird_dataset/beacon_debug/frame_309930.png
[beacon] Saved seabird_dataset/beacon_debug/frame_309960.png
[beacon] Saved seabird_dataset/beacon_debug/frame_309990.png
[beacon] Saved seabird_dataset/beacon_debug/frame_310020.png
[beacon] Saved seabird_dataset/beacon_debug/frame_310050.png
[beacon] Saved seabird_dataset/beacon_debug/frame_310080.png
[beacon] Saved seabird_dataset/beacon_debug/frame_310110.png
[beacon] Saved seabird_dataset/beacon_debug/frame_310140.png
[beacon] Saved seabird_dataset/beacon_debug/frame_310170.png
[beacon] Saved seabird_dataset/beacon_debug/frame_310200.png
[beacon] Saved seabird_dataset/beacon_debug/frame_310230.png
[beacon] Saved seabird_dataset/beacon_debug/frame_310260.png
[beacon] Saved seabird_dataset/beacon_debug/frame_310290.png
[beacon] Saved seabird_dataset/beacon_debug/frame_310320.png
[beacon] Saved seabird_dataset/beacon_debug/frame_310350.png
[beacon] Saved seabird_dataset/beacon_debug/frame_310380.png
[beacon] Saved seabird_dataset/beacon_debug/frame_310410.png
[beacon] Saved seabird_dataset/beacon_debug/frame_310440.png
[beacon] Saved seabird_dataset/beacon_debug/frame_310470.png
[beacon] Saved seabird_dataset/beacon_debug/frame_310500.png
[beacon] Saved seabird_dataset/beacon_debug/frame_310530.png
[beacon] Saved seabird_dataset/beacon_debug/frame_310560.png
[beacon] Saved seabird_dataset/beacon_debug/frame_310590.png
[beacon] Saved seabird_dataset/beacon_debug/frame_310620.png
[beacon] Saved seabird_dataset/beacon_debug/frame_310650.png
[beacon] Saved seabird_dataset/beacon_debug/frame_310680.png
[beacon] Saved seabird_dataset/beacon_debug/frame_310710.png
[beacon] Saved seabird_dataset/beacon_debug/frame_310740.png
[beacon] Saved seabird_dataset/beacon_debug/frame_310770.png
[beacon] Saved seabird_dataset/beacon_debug/frame_310800.png
[beacon] Saved seabird_dataset/beacon_debug/frame_310830.png
[beacon] Saved seabird_dataset/beacon_debug/frame_310860.png
[beacon] Saved seabird_dataset/beacon_debug/frame_310890.png
[beacon] Saved seabird_dataset/beacon_debug/frame_310920.png
[beacon] Saved seabird_dataset/beacon_debug/frame_310950.png
[beacon] Saved seabird_dataset/beacon_debug/frame_310980.png
[beacon] Saved seabird_dataset/beacon_debug/frame_311010.png
[beacon] Saved seabird_dataset/beacon_debug/frame_311040.png
[beacon] Saved seabird_dataset/beacon_debug/frame_311070.png
[beacon] Saved seabird_dataset/beacon_debug/frame_311100.png
[beacon] Saved seabird_dataset/beacon_debug/frame_311130.png
[beacon] Saved seabird_dataset/beacon_debug/frame_311160.png
[beacon] Saved seabird_dataset/beacon_debug/frame_311190.png
[beacon] Saved seabird_dataset/beacon_debug/frame_311220.png
[beacon] Saved seabird_dataset/beacon_debug/frame_311250.png
[beacon] Saved seabird_dataset/beacon_debug/frame_311280.png
[beacon] Saved seabird_dataset/beacon_debug/frame_311310.png
[beacon] Saved seabird_dataset/beacon_debug/frame_311340.png
[beacon] Saved seabird_dataset/beacon_debug/frame_311370.png
[beacon] Saved seabird_dataset/beacon_debug/frame_311400.png
[beacon] Saved seabird_dataset/beacon_debug/frame_311430.png
[beacon] Saved seabird_dataset/beacon_debug/frame_311460.png
[beacon] Saved seabird_dataset/beacon_debug/frame_311490.png
[beacon] Saved seabird_dataset/beacon_debug/frame_311520.png
[beacon] Saved seabird_dataset/beacon_debug/frame_311550.png
[beacon] Saved seabird_dataset/beacon_debug/frame_311580.png
[beacon] Saved seabird_dataset/beacon_debug/frame_311610.png
[beacon] Saved seabird_dataset/beacon_debug/frame_311640.png
[beacon] Saved seabird_dataset/beacon_debug/frame_311670.png
[beacon] Saved seabird_dataset/beacon_debug/frame_311700.png
[beacon] Saved seabird_dataset/beacon_debug/frame_311730.png
[beacon] Saved seabird_dataset/beacon_debug/frame_311760.png
[beacon] Saved seabird_dataset/beacon_debug/frame_311790.png
[beacon] Saved seabird_dataset/beacon_debug/frame_311820.png
[beacon] Saved seabird_dataset/beacon_debug/frame_311850.png
[beacon] Saved seabird_dataset/beacon_debug/frame_311880.png
[beacon] Saved seabird_dataset/beacon_debug/frame_311910.png
[beacon] Saved seabird_dataset/beacon_debug/frame_311940.png
[beacon] Saved seabird_dataset/beacon_debug/frame_311970.png
[beacon] Saved seabird_dataset/beacon_debug/frame_312000.png
[beacon] Saved seabird_dataset/beacon_debug/frame_312030.png
[beacon] Saved seabird_dataset/beacon_debug/frame_312060.png
[beacon] Saved seabird_dataset/beacon_debug/frame_312090.png
[beacon] Saved seabird_dataset/beacon_debug/frame_312120.png
[beacon] Saved seabird_dataset/beacon_debug/frame_312150.png
[beacon] Saved seabird_dataset/beacon_debug/frame_312180.png
[beacon] Saved seabird_dataset/beacon_debug/frame_312210.png
[beacon] Saved seabird_dataset/beacon_debug/frame_312240.png
[beacon] Saved seabird_dataset/beacon_debug/frame_312270.png
[beacon] Saved seabird_dataset/beacon_debug/frame_312300.png
[beacon] Saved seabird_dataset/beacon_debug/frame_312330.png
[beacon] Saved seabird_dataset/beacon_debug/frame_312360.png
[beacon] Saved seabird_dataset/beacon_debug/frame_312390.png
[beacon] Saved seabird_dataset/beacon_debug/frame_312420.png
[beacon] Saved seabird_dataset/beacon_debug/frame_312450.png
[beacon] Saved seabird_dataset/beacon_debug/frame_312480.png
[beacon] Saved seabird_dataset/beacon_debug/frame_312510.png
[beacon] Saved seabird_dataset/beacon_debug/frame_312540.png
[beacon] Saved seabird_dataset/beacon_debug/frame_312570.png
[beacon] Saved seabird_dataset/beacon_debug/frame_312600.png
[beacon] Saved seabird_dataset/beacon_debug/frame_312630.png
[beacon] Saved seabird_dataset/beacon_debug/frame_312660.png
[beacon] Saved seabird_dataset/beacon_debug/frame_312690.png
[beacon] Saved seabird_dataset/beacon_debug/frame_312720.png
[beacon] Saved seabird_dataset/beacon_debug/frame_312750.png
[beacon] Saved seabird_dataset/beacon_debug/frame_312780.png
[beacon] Saved seabird_dataset/beacon_debug/frame_312810.png
[beacon] Saved seabird_dataset/beacon_debug/frame_312840.png
[beacon] Saved seabird_dataset/beacon_debug/frame_312870.png
[beacon] Saved seabird_dataset/beacon_debug/frame_312900.png
[beacon] Saved seabird_dataset/beacon_debug/frame_312930.png
[beacon] Saved seabird_dataset/beacon_debug/frame_312960.png
[beacon] Saved seabird_dataset/beacon_debug/frame_312990.png
[beacon] Saved seabird_dataset/beacon_debug/frame_313020.png
[beacon] Saved seabird_dataset/beacon_debug/frame_313050.png
[beacon] Saved seabird_dataset/beacon_debug/frame_313080.png
[beacon] Saved seabird_dataset/beacon_debug/frame_313110.png
[beacon] Saved seabird_dataset/beacon_debug/frame_313140.png
[beacon] Saved seabird_dataset/beacon_debug/frame_313170.png
[beacon] Saved seabird_dataset/beacon_debug/frame_313200.png
[beacon] Saved seabird_dataset/beacon_debug/frame_313230.png
[beacon] Saved seabird_dataset/beacon_debug/frame_313260.png
[beacon] Saved seabird_dataset/beacon_debug/frame_313290.png
[beacon] Saved seabird_dataset/beacon_debug/frame_313320.png
[beacon] Saved seabird_dataset/beacon_debug/frame_313350.png
[beacon] Saved seabird_dataset/beacon_debug/frame_313380.png
[beacon] Saved seabird_dataset/beacon_debug/frame_313410.png
[beacon] Saved seabird_dataset/beacon_debug/frame_313440.png
[beacon] Saved seabird_dataset/beacon_debug/frame_313470.png
[beacon] Saved seabird_dataset/beacon_debug/frame_313500.png
[beacon] Saved seabird_dataset/beacon_debug/frame_313530.png
[beacon] Saved seabird_dataset/beacon_debug/frame_313560.png
[beacon] Saved seabird_dataset/beacon_debug/frame_313590.png
[beacon] Saved seabird_dataset/beacon_debug/frame_313620.png
[beacon] Saved seabird_dataset/beacon_debug/frame_313650.png
[beacon] Saved seabird_dataset/beacon_debug/frame_313680.png
[beacon] Saved seabird_dataset/beacon_debug/frame_313710.png
[beacon] Saved seabird_dataset/beacon_debug/frame_313740.png
[beacon] Saved seabird_dataset/beacon_debug/frame_313770.png
[beacon] Saved seabird_dataset/beacon_debug/frame_313800.png
[beacon] Saved seabird_dataset/beacon_debug/frame_313830.png
[beacon] Saved seabird_dataset/beacon_debug/frame_313860.png
[beacon] Saved seabird_dataset/beacon_debug/frame_313890.png
[beacon] Saved seabird_dataset/beacon_debug/frame_313920.png
[beacon] Saved seabird_dataset/beacon_debug/frame_313950.png
[beacon] Saved seabird_dataset/beacon_debug/frame_313980.png
[beacon] Saved seabird_dataset/beacon_debug/frame_314010.png
[beacon] Saved seabird_dataset/beacon_debug/frame_314040.png
[beacon] Saved seabird_dataset/beacon_debug/frame_314070.png
[beacon] Saved seabird_dataset/beacon_debug/frame_314100.png
[beacon] Saved seabird_dataset/beacon_debug/frame_314130.png
[beacon] Saved seabird_dataset/beacon_debug/frame_314160.png
[beacon] Saved seabird_dataset/beacon_debug/frame_314190.png
[beacon] Saved seabird_dataset/beacon_debug/frame_314220.png
[beacon] Saved seabird_dataset/beacon_debug/frame_314250.png
[beacon] Saved seabird_dataset/beacon_debug/frame_314280.png
[beacon] Saved seabird_dataset/beacon_debug/frame_314310.png
[beacon] Saved seabird_dataset/beacon_debug/frame_314340.png
[beacon] Saved seabird_dataset/beacon_debug/frame_314370.png
[beacon] Saved seabird_dataset/beacon_debug/frame_314400.png
[beacon] Saved seabird_dataset/beacon_debug/frame_314430.png
[beacon] Saved seabird_dataset/beacon_debug/frame_314460.png
[beacon] Saved seabird_dataset/beacon_debug/frame_314490.png
[beacon] Saved seabird_dataset/beacon_debug/frame_314520.png
[beacon] Saved seabird_dataset/beacon_debug/frame_314550.png
[beacon] Saved seabird_dataset/beacon_debug/frame_314580.png
[beacon] Saved seabird_dataset/beacon_debug/frame_314610.png
[beacon] Saved seabird_dataset/beacon_debug/frame_314640.png
[beacon] Saved seabird_dataset/beacon_debug/frame_314670.png
[beacon] Saved seabird_dataset/beacon_debug/frame_314700.png
[beacon] Saved seabird_dataset/beacon_debug/frame_314730.png
[beacon] Saved seabird_dataset/beacon_debug/frame_314760.png
[beacon] Saved seabird_dataset/beacon_debug/frame_314790.png
[beacon] Saved seabird_dataset/beacon_debug/frame_314820.png
[beacon] Saved seabird_dataset/beacon_debug/frame_314850.png
[beacon] Saved seabird_dataset/beacon_debug/frame_314880.png
[beacon] Saved seabird_dataset/beacon_debug/frame_314910.png
[beacon] Saved seabird_dataset/beacon_debug/frame_314940.png
[beacon] Saved seabird_dataset/beacon_debug/frame_314970.png
[beacon] Saved seabird_dataset/beacon_debug/frame_315000.png
[beacon] Saved seabird_dataset/beacon_debug/frame_315030.png
[beacon] Saved seabird_dataset/beacon_debug/frame_315060.png
[beacon] Saved seabird_dataset/beacon_debug/frame_315090.png
[beacon] Saved seabird_dataset/beacon_debug/frame_315120.png
[beacon] Saved seabird_dataset/beacon_debug/frame_315150.png
[beacon] Saved seabird_dataset/beacon_debug/frame_315180.png
[beacon] Saved seabird_dataset/beacon_debug/frame_315210.png
[beacon] Saved seabird_dataset/beacon_debug/frame_315240.png
[beacon] Saved seabird_dataset/beacon_debug/frame_315270.png
[beacon] Saved seabird_dataset/beacon_debug/frame_315300.png
[beacon] Saved seabird_dataset/beacon_debug/frame_315330.png
[beacon] Saved seabird_dataset/beacon_debug/frame_315360.png
[beacon] Saved seabird_dataset/beacon_debug/frame_315390.png
[beacon] Saved seabird_dataset/beacon_debug/frame_315420.png
[beacon] Saved seabird_dataset/beacon_debug/frame_315450.png
[beacon] Saved seabird_dataset/beacon_debug/frame_315480.png
[beacon] Saved seabird_dataset/beacon_debug/frame_315510.png
[beacon] Saved seabird_dataset/beacon_debug/frame_315540.png
[beacon] Saved seabird_dataset/beacon_debug/frame_315570.png
[beacon] Saved seabird_dataset/beacon_debug/frame_315600.png
[beacon] Saved seabird_dataset/beacon_debug/frame_315630.png
[beacon] Saved seabird_dataset/beacon_debug/frame_315660.png
[beacon] Saved seabird_dataset/beacon_debug/frame_315690.png
[beacon] Saved seabird_dataset/beacon_debug/frame_315720.png
[beacon] Saved seabird_dataset/beacon_debug/frame_315750.png
[beacon] Saved seabird_dataset/beacon_debug/frame_315780.png
[beacon] Saved seabird_dataset/beacon_debug/frame_315810.png
[beacon] Saved seabird_dataset/beacon_debug/frame_315840.png
[beacon] Saved seabird_dataset/beacon_debug/frame_315870.png
[beacon] Saved seabird_dataset/beacon_debug/frame_315900.png
[beacon] Saved seabird_dataset/beacon_debug/frame_315930.png
[beacon] Saved seabird_dataset/beacon_debug/frame_315960.png
[beacon] Saved seabird_dataset/beacon_debug/frame_315990.png
[beacon] Saved seabird_dataset/beacon_debug/frame_316020.png
[beacon] Saved seabird_dataset/beacon_debug/frame_316050.png
[beacon] Saved seabird_dataset/beacon_debug/frame_316080.png
[beacon] Saved seabird_dataset/beacon_debug/frame_316110.png
[beacon] Saved seabird_dataset/beacon_debug/frame_316140.png
[beacon] Saved seabird_dataset/beacon_debug/frame_316170.png
[beacon] Saved seabird_dataset/beacon_debug/frame_316200.png
[beacon] Saved seabird_dataset/beacon_debug/frame_316230.png
[beacon] Saved seabird_dataset/beacon_debug/frame_316260.png
[beacon] Saved seabird_dataset/beacon_debug/frame_316290.png
[beacon] Saved seabird_dataset/beacon_debug/frame_316320.png
[beacon] Saved seabird_dataset/beacon_debug/frame_316350.png
[beacon] Saved seabird_dataset/beacon_debug/frame_316380.png
[beacon] Saved seabird_dataset/beacon_debug/frame_316410.png
[beacon] Saved seabird_dataset/beacon_debug/frame_316440.png
[beacon] Saved seabird_dataset/beacon_debug/frame_316470.png
[beacon] Saved seabird_dataset/beacon_debug/frame_316500.png
[beacon] Saved seabird_dataset/beacon_debug/frame_316530.png
[beacon] Saved seabird_dataset/beacon_debug/frame_316560.png
[beacon] Saved seabird_dataset/beacon_debug/frame_316590.png
[beacon] Saved seabird_dataset/beacon_debug/frame_316620.png
[beacon] Saved seabird_dataset/beacon_debug/frame_316650.png
[beacon] Saved seabird_dataset/beacon_debug/frame_316680.png
[beacon] Saved seabird_dataset/beacon_debug/frame_316710.png
[beacon] Saved seabird_dataset/beacon_debug/frame_316740.png
[beacon] Saved seabird_dataset/beacon_debug/frame_316770.png
[beacon] Saved seabird_dataset/beacon_debug/frame_316800.png
[beacon] Saved seabird_dataset/beacon_debug/frame_316830.png
[beacon] Saved seabird_dataset/beacon_debug/frame_316860.png
[beacon] Saved seabird_dataset/beacon_debug/frame_316890.png
[beacon] Saved seabird_dataset/beacon_debug/frame_316920.png
[beacon] Saved seabird_dataset/beacon_debug/frame_316950.png
[beacon] Saved seabird_dataset/beacon_debug/frame_316980.png
[beacon] Saved seabird_dataset/beacon_debug/frame_317010.png
[beacon] Saved seabird_dataset/beacon_debug/frame_317040.png
[beacon] Saved seabird_dataset/beacon_debug/frame_317070.png
[beacon] Saved seabird_dataset/beacon_debug/frame_317100.png
[beacon] Saved seabird_dataset/beacon_debug/frame_317130.png
[beacon] Saved seabird_dataset/beacon_debug/frame_317160.png
[beacon] Saved seabird_dataset/beacon_debug/frame_317190.png
[beacon] Saved seabird_dataset/beacon_debug/frame_317220.png
[beacon] Saved seabird_dataset/beacon_debug/frame_317250.png
[beacon] Saved seabird_dataset/beacon_debug/frame_317280.png
[beacon] Saved seabird_dataset/beacon_debug/frame_317310.png
[beacon] Saved seabird_dataset/beacon_debug/frame_317340.png
[beacon] Saved seabird_dataset/beacon_debug/frame_317370.png
[beacon] Saved seabird_dataset/beacon_debug/frame_317400.png
[beacon] Saved seabird_dataset/beacon_debug/frame_317430.png
[beacon] Saved seabird_dataset/beacon_debug/frame_317460.png
[beacon] Saved seabird_dataset/beacon_debug/frame_317490.png
[beacon] Saved seabird_dataset/beacon_debug/frame_317520.png
[beacon] Saved seabird_dataset/beacon_debug/frame_317550.png
[beacon] Saved seabird_dataset/beacon_debug/frame_317580.png
[beacon] Saved seabird_dataset/beacon_debug/frame_317610.png
[beacon] Saved seabird_dataset/beacon_debug/frame_317640.png
[beacon] Saved seabird_dataset/beacon_debug/frame_317670.png
[beacon] Saved seabird_dataset/beacon_debug/frame_317700.png
[beacon] Saved seabird_dataset/beacon_debug/frame_317730.png
[beacon] Saved seabird_dataset/beacon_debug/frame_317760.png
[beacon] Saved seabird_dataset/beacon_debug/frame_317790.png
[beacon] Saved seabird_dataset/beacon_debug/frame_317820.png
[beacon] Saved seabird_dataset/beacon_debug/frame_317850.png
[beacon] Saved seabird_dataset/beacon_debug/frame_317880.png
[beacon] Saved seabird_dataset/beacon_debug/frame_317910.png
[beacon] Saved seabird_dataset/beacon_debug/frame_317940.png
[beacon] Saved seabird_dataset/beacon_debug/frame_317970.png
[beacon] Saved seabird_dataset/beacon_debug/frame_318000.png
[beacon] Saved seabird_dataset/beacon_debug/frame_318030.png
[beacon] Saved seabird_dataset/beacon_debug/frame_318060.png
[beacon] Saved seabird_dataset/beacon_debug/frame_318090.png
[beacon] Saved seabird_dataset/beacon_debug/frame_318120.png
[beacon] Saved seabird_dataset/beacon_debug/frame_318150.png
[beacon] Saved seabird_dataset/beacon_debug/frame_318180.png
[beacon] Saved seabird_dataset/beacon_debug/frame_318210.png
[beacon] Saved seabird_dataset/beacon_debug/frame_318240.png
[beacon] Saved seabird_dataset/beacon_debug/frame_318270.png
[beacon] Saved seabird_dataset/beacon_debug/frame_318300.png
[beacon] Saved seabird_dataset/beacon_debug/frame_318330.png
[beacon] Saved seabird_dataset/beacon_debug/frame_318360.png
[beacon] Saved seabird_dataset/beacon_debug/frame_318390.png
[beacon] Saved seabird_dataset/beacon_debug/frame_318420.png
[beacon] Saved seabird_dataset/beacon_debug/frame_318450.png
[beacon] Saved seabird_dataset/beacon_debug/frame_318480.png
[beacon] Saved seabird_dataset/beacon_debug/frame_318510.png
[beacon] Saved seabird_dataset/beacon_debug/frame_318540.png
[beacon] Saved seabird_dataset/beacon_debug/frame_318570.png
[beacon] Saved seabird_dataset/beacon_debug/frame_318600.png
[beacon] Saved seabird_dataset/beacon_debug/frame_318630.png
[beacon] Saved seabird_dataset/beacon_debug/frame_318660.png
[beacon] Saved seabird_dataset/beacon_debug/frame_318690.png
[beacon] Saved seabird_dataset/beacon_debug/frame_318720.png
[beacon] Saved seabird_dataset/beacon_debug/frame_318750.png
[beacon] Saved seabird_dataset/beacon_debug/frame_318780.png
[beacon] Saved seabird_dataset/beacon_debug/frame_318810.png
[beacon] Saved seabird_dataset/beacon_debug/frame_318840.png
[beacon] Saved seabird_dataset/beacon_debug/frame_318870.png
[beacon] Saved seabird_dataset/beacon_debug/frame_318900.png
[beacon] Saved seabird_dataset/beacon_debug/frame_318930.png
[beacon] Saved seabird_dataset/beacon_debug/frame_318960.png
[beacon] Saved seabird_dataset/beacon_debug/frame_318990.png
[beacon] Saved seabird_dataset/beacon_debug/frame_319020.png
[beacon] Saved seabird_dataset/beacon_debug/frame_319050.png
[beacon] Saved seabird_dataset/beacon_debug/frame_319080.png
[beacon] Saved seabird_dataset/beacon_debug/frame_319110.png
[beacon] Saved seabird_dataset/beacon_debug/frame_319140.png
[beacon] Saved seabird_dataset/beacon_debug/frame_319170.png
[beacon] Saved seabird_dataset/beacon_debug/frame_319200.png
[beacon] Saved seabird_dataset/beacon_debug/frame_319230.png
[beacon] Saved seabird_dataset/beacon_debug/frame_319260.png
[beacon] Saved seabird_dataset/beacon_debug/frame_319290.png
[beacon] Saved seabird_dataset/beacon_debug/frame_319320.png
[beacon] Saved seabird_dataset/beacon_debug/frame_319350.png
[beacon] Saved seabird_dataset/beacon_debug/frame_319380.png
[beacon] Saved seabird_dataset/beacon_debug/frame_319410.png
[beacon] Saved seabird_dataset/beacon_debug/frame_319440.png
[beacon] Saved seabird_dataset/beacon_debug/frame_319470.png
[beacon] Saved seabird_dataset/beacon_debug/frame_319500.png
[beacon] Saved seabird_dataset/beacon_debug/frame_319530.png
[beacon] Saved seabird_dataset/beacon_debug/frame_319560.png
[beacon] Saved seabird_dataset/beacon_debug/frame_319590.png
[beacon] Saved seabird_dataset/beacon_debug/frame_319620.png
[beacon] Saved seabird_dataset/beacon_debug/frame_319650.png
[beacon] Saved seabird_dataset/beacon_debug/frame_319680.png
[beacon] Saved seabird_dataset/beacon_debug/frame_319710.png
[beacon] Saved seabird_dataset/beacon_debug/frame_319740.png
[beacon] Saved seabird_dataset/beacon_debug/frame_319770.png
[beacon] Saved seabird_dataset/beacon_debug/frame_319800.png
[beacon] Saved seabird_dataset/beacon_debug/frame_319830.png
[beacon] Saved seabird_dataset/beacon_debug/frame_319860.png
[beacon] Saved seabird_dataset/beacon_debug/frame_319890.png
[beacon] Saved seabird_dataset/beacon_debug/frame_319920.png
[beacon] Saved seabird_dataset/beacon_debug/frame_319950.png
[beacon] Saved seabird_dataset/beacon_debug/frame_319980.png
[beacon] Saved seabird_dataset/beacon_debug/frame_320010.png
[beacon] Saved seabird_dataset/beacon_debug/frame_320040.png
[beacon] Saved seabird_dataset/beacon_debug/frame_320070.png
[beacon] Saved seabird_dataset/beacon_debug/frame_320100.png
[beacon] Saved seabird_dataset/beacon_debug/frame_320130.png
[beacon] Saved seabird_dataset/beacon_debug/frame_320160.png
[beacon] Saved seabird_dataset/beacon_debug/frame_320190.png
[beacon] Saved seabird_dataset/beacon_debug/frame_320220.png
[beacon] Saved seabird_dataset/beacon_debug/frame_320250.png
[beacon] Saved seabird_dataset/beacon_debug/frame_320280.png
[beacon] Saved seabird_dataset/beacon_debug/frame_320310.png
[beacon] Saved seabird_dataset/beacon_debug/frame_320340.png
[beacon] Saved seabird_dataset/beacon_debug/frame_320370.png
[beacon] Saved seabird_dataset/beacon_debug/frame_320400.png
[beacon] Saved seabird_dataset/beacon_debug/frame_320430.png
[beacon] Saved seabird_dataset/beacon_debug/frame_320460.png
[beacon] Saved seabird_dataset/beacon_debug/frame_320490.png
[beacon] Saved seabird_dataset/beacon_debug/frame_320520.png
[beacon] Saved seabird_dataset/beacon_debug/frame_320550.png
[beacon] Saved seabird_dataset/beacon_debug/frame_320580.png
[beacon] Saved seabird_dataset/beacon_debug/frame_320610.png
[beacon] Saved seabird_dataset/beacon_debug/frame_320640.png
[beacon] Saved seabird_dataset/beacon_debug/frame_320670.png
[beacon] Saved seabird_dataset/beacon_debug/frame_320700.png
[beacon] Saved seabird_dataset/beacon_debug/frame_320730.png
[beacon] Saved seabird_dataset/beacon_debug/frame_320760.png
[beacon] Saved seabird_dataset/beacon_debug/frame_320790.png
[beacon] Saved seabird_dataset/beacon_debug/frame_320820.png
[beacon] Saved seabird_dataset/beacon_debug/frame_320850.png
[beacon] Saved seabird_dataset/beacon_debug/frame_320880.png
[beacon] Saved seabird_dataset/beacon_debug/frame_320910.png
[beacon] Saved seabird_dataset/beacon_debug/frame_320940.png
[beacon] Saved seabird_dataset/beacon_debug/frame_320970.png
[beacon] Saved seabird_dataset/beacon_debug/frame_321000.png
[beacon] Saved seabird_dataset/beacon_debug/frame_321030.png
[beacon] Saved seabird_dataset/beacon_debug/frame_321060.png
[beacon] Saved seabird_dataset/beacon_debug/frame_321090.png
[beacon] Saved seabird_dataset/beacon_debug/frame_321120.png
[beacon] Saved seabird_dataset/beacon_debug/frame_321150.png
[beacon] Saved seabird_dataset/beacon_debug/frame_321180.png
[beacon] Saved seabird_dataset/beacon_debug/frame_321210.png
[beacon] Saved seabird_dataset/beacon_debug/frame_321240.png
[beacon] Saved seabird_dataset/beacon_debug/frame_321270.png
[beacon] Saved seabird_dataset/beacon_debug/frame_321300.png
[beacon] Saved seabird_dataset/beacon_debug/frame_321330.png
[beacon] Saved seabird_dataset/beacon_debug/frame_321360.png
[beacon] Saved seabird_dataset/beacon_debug/frame_321390.png
[beacon] Saved seabird_dataset/beacon_debug/frame_321420.png
[beacon] Saved seabird_dataset/beacon_debug/frame_321450.png
[beacon] Saved seabird_dataset/beacon_debug/frame_321480.png
[beacon] Saved seabird_dataset/beacon_debug/frame_321510.png
[beacon] Saved seabird_dataset/beacon_debug/frame_321540.png
[beacon] Saved seabird_dataset/beacon_debug/frame_321570.png
[beacon] Saved seabird_dataset/beacon_debug/frame_321600.png
[beacon] Saved seabird_dataset/beacon_debug/frame_321630.png
[beacon] Saved seabird_dataset/beacon_debug/frame_321660.png
[beacon] Saved seabird_dataset/beacon_debug/frame_321690.png
[beacon] Saved seabird_dataset/beacon_debug/frame_321720.png
[beacon] Saved seabird_dataset/beacon_debug/frame_321750.png
[beacon] Saved seabird_dataset/beacon_debug/frame_321780.png
[beacon] Saved seabird_dataset/beacon_debug/frame_321810.png
[beacon] Saved seabird_dataset/beacon_debug/frame_321840.png
[beacon] Saved seabird_dataset/beacon_debug/frame_321870.png
[beacon] Saved seabird_dataset/beacon_debug/frame_321900.png
[beacon] Saved seabird_dataset/beacon_debug/frame_321930.png
[beacon] Saved seabird_dataset/beacon_debug/frame_321960.png
[beacon] Saved seabird_dataset/beacon_debug/frame_321990.png
[beacon] Saved seabird_dataset/beacon_debug/frame_322020.png
[beacon] Saved seabird_dataset/beacon_debug/frame_322050.png
[beacon] Saved seabird_dataset/beacon_debug/frame_322080.png
[beacon] Saved seabird_dataset/beacon_debug/frame_322110.png
[beacon] Saved seabird_dataset/beacon_debug/frame_322140.png
[beacon] Saved seabird_dataset/beacon_debug/frame_322170.png
[beacon] Saved seabird_dataset/beacon_debug/frame_322200.png
[beacon] Saved seabird_dataset/beacon_debug/frame_322230.png
[beacon] Saved seabird_dataset/beacon_debug/frame_322260.png
[beacon] Saved seabird_dataset/beacon_debug/frame_322290.png
[beacon] Saved seabird_dataset/beacon_debug/frame_322320.png
[beacon] Saved seabird_dataset/beacon_debug/frame_322350.png
[beacon] Saved seabird_dataset/beacon_debug/frame_322380.png
[beacon] Saved seabird_dataset/beacon_debug/frame_322410.png
[beacon] Saved seabird_dataset/beacon_debug/frame_322440.png
[beacon] Saved seabird_dataset/beacon_debug/frame_322470.png
[beacon] Saved seabird_dataset/beacon_debug/frame_322500.png
[beacon] Saved seabird_dataset/beacon_debug/frame_322530.png
[beacon] Saved seabird_dataset/beacon_debug/frame_322560.png
[beacon] Saved seabird_dataset/beacon_debug/frame_322590.png
[beacon] Saved seabird_dataset/beacon_debug/frame_322620.png
[beacon] Saved seabird_dataset/beacon_debug/frame_322650.png
[beacon] Saved seabird_dataset/beacon_debug/frame_322680.png
[beacon] Saved seabird_dataset/beacon_debug/frame_322710.png
[beacon] Saved seabird_dataset/beacon_debug/frame_322740.png
[beacon] Saved seabird_dataset/beacon_debug/frame_322770.png
[beacon] Saved seabird_dataset/beacon_debug/frame_322800.png
[beacon] Saved seabird_dataset/beacon_debug/frame_322830.png
[beacon] Saved seabird_dataset/beacon_debug/frame_322860.png
[beacon] Saved seabird_dataset/beacon_debug/frame_322890.png
[beacon] Saved seabird_dataset/beacon_debug/frame_322920.png
[beacon] Saved seabird_dataset/beacon_debug/frame_322950.png
[beacon] Saved seabird_dataset/beacon_debug/frame_322980.png
[beacon] Saved seabird_dataset/beacon_debug/frame_323010.png
[beacon] Saved seabird_dataset/beacon_debug/frame_323040.png
[beacon] Saved seabird_dataset/beacon_debug/frame_323070.png
[beacon] Saved seabird_dataset/beacon_debug/frame_323100.png
[beacon] Saved seabird_dataset/beacon_debug/frame_323130.png
[beacon] Saved seabird_dataset/beacon_debug/frame_323160.png
[beacon] Saved seabird_dataset/beacon_debug/frame_323190.png
[beacon] Saved seabird_dataset/beacon_debug/frame_323220.png
[beacon] Saved seabird_dataset/beacon_debug/frame_323250.png
[beacon] Saved seabird_dataset/beacon_debug/frame_323280.png
[beacon] Saved seabird_dataset/beacon_debug/frame_323310.png
[beacon] Saved seabird_dataset/beacon_debug/frame_323340.png
[beacon] Saved seabird_dataset/beacon_debug/frame_323370.png
[beacon] Saved seabird_dataset/beacon_debug/frame_323400.png
[beacon] Saved seabird_dataset/beacon_debug/frame_323430.png
[beacon] Saved seabird_dataset/beacon_debug/frame_323460.png
[beacon] Saved seabird_dataset/beacon_debug/frame_323490.png
[beacon] Saved seabird_dataset/beacon_debug/frame_323520.png
[beacon] Saved seabird_dataset/beacon_debug/frame_323550.png
[beacon] Saved seabird_dataset/beacon_debug/frame_323580.png
[beacon] Saved seabird_dataset/beacon_debug/frame_323610.png
[beacon] Saved seabird_dataset/beacon_debug/frame_323640.png
[beacon] Saved seabird_dataset/beacon_debug/frame_323670.png
[beacon] Saved seabird_dataset/beacon_debug/frame_323700.png
[beacon] Saved seabird_dataset/beacon_debug/frame_323730.png
[beacon] Saved seabird_dataset/beacon_debug/frame_323760.png
[beacon] Saved seabird_dataset/beacon_debug/frame_323790.png
[beacon] Saved seabird_dataset/beacon_debug/frame_323820.png
[beacon] Saved seabird_dataset/beacon_debug/frame_323850.png
[beacon] Saved seabird_dataset/beacon_debug/frame_323880.png
[beacon] Saved seabird_dataset/beacon_debug/frame_323910.png
[beacon] Saved seabird_dataset/beacon_debug/frame_323940.png
[beacon] Saved seabird_dataset/beacon_debug/frame_323970.png
[beacon] Saved seabird_dataset/beacon_debug/frame_324000.png
[beacon] Saved seabird_dataset/beacon_debug/frame_324030.png
[beacon] Saved seabird_dataset/beacon_debug/frame_324060.png
[beacon] Saved seabird_dataset/beacon_debug/frame_324090.png
[beacon] Saved seabird_dataset/beacon_debug/frame_324120.png
[beacon] Saved seabird_dataset/beacon_debug/frame_324150.png
[beacon] Saved seabird_dataset/beacon_debug/frame_324180.png
[beacon] Saved seabird_dataset/beacon_debug/frame_324210.png
[beacon] Saved seabird_dataset/beacon_debug/frame_324240.png
[beacon] Saved seabird_dataset/beacon_debug/frame_324270.png
[beacon] Saved seabird_dataset/beacon_debug/frame_324300.png
[beacon] Saved seabird_dataset/beacon_debug/frame_324330.png
[beacon] Saved seabird_dataset/beacon_debug/frame_324360.png
[beacon] Saved seabird_dataset/beacon_debug/frame_324390.png
[beacon] Saved seabird_dataset/beacon_debug/frame_324420.png
[beacon] Saved seabird_dataset/beacon_debug/frame_324450.png
[beacon] Saved seabird_dataset/beacon_debug/frame_324480.png
[beacon] Saved seabird_dataset/beacon_debug/frame_324510.png
[beacon] Saved seabird_dataset/beacon_debug/frame_324540.png
[beacon] Saved seabird_dataset/beacon_debug/frame_324570.png
[beacon] Saved seabird_dataset/beacon_debug/frame_324600.png
[beacon] Saved seabird_dataset/beacon_debug/frame_324630.png
[beacon] Saved seabird_dataset/beacon_debug/frame_324660.png
[beacon] Saved seabird_dataset/beacon_debug/frame_324690.png
[beacon] Saved seabird_dataset/beacon_debug/frame_324720.png
[beacon] Saved seabird_dataset/beacon_debug/frame_324750.png
[beacon] Saved seabird_dataset/beacon_debug/frame_324780.png
[beacon] Saved seabird_dataset/beacon_debug/frame_324810.png
[beacon] Saved seabird_dataset/beacon_debug/frame_324840.png
[beacon] Saved seabird_dataset/beacon_debug/frame_324870.png
[beacon] Saved seabird_dataset/beacon_debug/frame_324900.png
[beacon] Saved seabird_dataset/beacon_debug/frame_324930.png
[beacon] Saved seabird_dataset/beacon_debug/frame_324960.png
[beacon] Saved seabird_dataset/beacon_debug/frame_324990.png
[beacon] Saved seabird_dataset/beacon_debug/frame_325020.png
[beacon] Saved seabird_dataset/beacon_debug/frame_325050.png
[beacon] Saved seabird_dataset/beacon_debug/frame_325080.png
[beacon] Saved seabird_dataset/beacon_debug/frame_325110.png
[beacon] Saved seabird_dataset/beacon_debug/frame_325140.png
[beacon] Saved seabird_dataset/beacon_debug/frame_325170.png
[beacon] Saved seabird_dataset/beacon_debug/frame_325200.png
[beacon] Saved seabird_dataset/beacon_debug/frame_325230.png
[beacon] Saved seabird_dataset/beacon_debug/frame_325260.png
[beacon] Saved seabird_dataset/beacon_debug/frame_325290.png
[beacon] Saved seabird_dataset/beacon_debug/frame_325320.png
[beacon] Saved seabird_dataset/beacon_debug/frame_325350.png
[beacon] Saved seabird_dataset/beacon_debug/frame_325380.png
[beacon] Saved seabird_dataset/beacon_debug/frame_325410.png
[beacon] Saved seabird_dataset/beacon_debug/frame_325440.png
[beacon] Saved seabird_dataset/beacon_debug/frame_325470.png
[beacon] Saved seabird_dataset/beacon_debug/frame_325500.png
[beacon] Saved seabird_dataset/beacon_debug/frame_325530.png
[beacon] Saved seabird_dataset/beacon_debug/frame_325560.png
[beacon] Saved seabird_dataset/beacon_debug/frame_325590.png
[beacon] Saved seabird_dataset/beacon_debug/frame_325620.png
[beacon] Saved seabird_dataset/beacon_debug/frame_325650.png
[beacon] Saved seabird_dataset/beacon_debug/frame_325680.png
[beacon] Saved seabird_dataset/beacon_debug/frame_325710.png
[beacon] Saved seabird_dataset/beacon_debug/frame_325740.png
[beacon] Saved seabird_dataset/beacon_debug/frame_325770.png
[beacon] Saved seabird_dataset/beacon_debug/frame_325800.png
[beacon] Saved seabird_dataset/beacon_debug/frame_325830.png
[beacon] Saved seabird_dataset/beacon_debug/frame_325860.png
[beacon] Saved seabird_dataset/beacon_debug/frame_325890.png
[beacon] Saved seabird_dataset/beacon_debug/frame_325920.png
[beacon] Saved seabird_dataset/beacon_debug/frame_325950.png
[beacon] Saved seabird_dataset/beacon_debug/frame_325980.png
[beacon] Saved seabird_dataset/beacon_debug/frame_326010.png
[beacon] Saved seabird_dataset/beacon_debug/frame_326040.png
[beacon] Saved seabird_dataset/beacon_debug/frame_326070.png
[beacon] Saved seabird_dataset/beacon_debug/frame_326100.png
[beacon] Saved seabird_dataset/beacon_debug/frame_326130.png
[beacon] Saved seabird_dataset/beacon_debug/frame_326160.png
[beacon] Saved seabird_dataset/beacon_debug/frame_326190.png
[beacon] Saved seabird_dataset/beacon_debug/frame_326220.png
[beacon] Saved seabird_dataset/beacon_debug/frame_326250.png
[beacon] Saved seabird_dataset/beacon_debug/frame_326280.png
[beacon] Saved seabird_dataset/beacon_debug/frame_326310.png
[beacon] Saved seabird_dataset/beacon_debug/frame_326340.png
[beacon] Saved seabird_dataset/beacon_debug/frame_326370.png
[beacon] Saved seabird_dataset/beacon_debug/frame_326400.png
[beacon] Saved seabird_dataset/beacon_debug/frame_326430.png
[beacon] Saved seabird_dataset/beacon_debug/frame_326460.png
[beacon] Saved seabird_dataset/beacon_debug/frame_326490.png
[beacon] Saved seabird_dataset/beacon_debug/frame_326520.png
[beacon] Saved seabird_dataset/beacon_debug/frame_326550.png
[beacon] Saved seabird_dataset/beacon_debug/frame_326580.png
[beacon] Saved seabird_dataset/beacon_debug/frame_326610.png
[beacon] Saved seabird_dataset/beacon_debug/frame_326640.png
[beacon] Saved seabird_dataset/beacon_debug/frame_326670.png
[beacon] Saved seabird_dataset/beacon_debug/frame_326700.png
[beacon] Saved seabird_dataset/beacon_debug/frame_326730.png
[beacon] Saved seabird_dataset/beacon_debug/frame_326760.png
[beacon] Saved seabird_dataset/beacon_debug/frame_326790.png
[beacon] Saved seabird_dataset/beacon_debug/frame_326820.png
[beacon] Saved seabird_dataset/beacon_debug/frame_326850.png
[beacon] Saved seabird_dataset/beacon_debug/frame_326880.png
[beacon] Saved seabird_dataset/beacon_debug/frame_326910.png
[beacon] Saved seabird_dataset/beacon_debug/frame_326940.png
[beacon] Saved seabird_dataset/beacon_debug/frame_326970.png
[beacon] Saved seabird_dataset/beacon_debug/frame_327000.png
[beacon] Saved seabird_dataset/beacon_debug/frame_327030.png
[beacon] Saved seabird_dataset/beacon_debug/frame_327060.png
[beacon] Saved seabird_dataset/beacon_debug/frame_327090.png
[beacon] Saved seabird_dataset/beacon_debug/frame_327120.png
[beacon] Saved seabird_dataset/beacon_debug/frame_327150.png
[beacon] Saved seabird_dataset/beacon_debug/frame_327180.png
[beacon] Saved seabird_dataset/beacon_debug/frame_327210.png
[beacon] Saved seabird_dataset/beacon_debug/frame_327240.png
[beacon] Saved seabird_dataset/beacon_debug/frame_327270.png
[beacon] Saved seabird_dataset/beacon_debug/frame_327300.png
[beacon] Saved seabird_dataset/beacon_debug/frame_327330.png
[beacon] Saved seabird_dataset/beacon_debug/frame_327360.png
[beacon] Saved seabird_dataset/beacon_debug/frame_327390.png
[beacon] Saved seabird_dataset/beacon_debug/frame_327420.png
[beacon] Saved seabird_dataset/beacon_debug/frame_327450.png
[beacon] Saved seabird_dataset/beacon_debug/frame_327480.png
[beacon] Saved seabird_dataset/beacon_debug/frame_327510.png
[beacon] Saved seabird_dataset/beacon_debug/frame_327540.png
[beacon] Saved seabird_dataset/beacon_debug/frame_327570.png
[beacon] Saved seabird_dataset/beacon_debug/frame_327600.png
[beacon] Saved seabird_dataset/beacon_debug/frame_327630.png
[beacon] Saved seabird_dataset/beacon_debug/frame_327660.png
[beacon] Saved seabird_dataset/beacon_debug/frame_327690.png
[beacon] Saved seabird_dataset/beacon_debug/frame_327720.png
[beacon] Saved seabird_dataset/beacon_debug/frame_327750.png
[beacon] Saved seabird_dataset/beacon_debug/frame_327780.png
[beacon] Saved seabird_dataset/beacon_debug/frame_327810.png
[beacon] Saved seabird_dataset/beacon_debug/frame_327840.png
[beacon] Saved seabird_dataset/beacon_debug/frame_327870.png
[beacon] Saved seabird_dataset/beacon_debug/frame_327900.png
[beacon] Saved seabird_dataset/beacon_debug/frame_327930.png
[beacon] Saved seabird_dataset/beacon_debug/frame_327960.png
[beacon] Saved seabird_dataset/beacon_debug/frame_327990.png
[beacon] Saved seabird_dataset/beacon_debug/frame_328020.png
[beacon] Saved seabird_dataset/beacon_debug/frame_328050.png
[beacon] Saved seabird_dataset/beacon_debug/frame_328080.png
[beacon] Saved seabird_dataset/beacon_debug/frame_328110.png
[beacon] Saved seabird_dataset/beacon_debug/frame_328140.png
[beacon] Saved seabird_dataset/beacon_debug/frame_328170.png
[beacon] Saved seabird_dataset/beacon_debug/frame_328200.png
[beacon] Saved seabird_dataset/beacon_debug/frame_328230.png
[beacon] Saved seabird_dataset/beacon_debug/frame_328260.png
[beacon] Saved seabird_dataset/beacon_debug/frame_328290.png
[beacon] Saved seabird_dataset/beacon_debug/frame_328320.png
[beacon] Saved seabird_dataset/beacon_debug/frame_328350.png
[beacon] Saved seabird_dataset/beacon_debug/frame_328380.png
[beacon] Saved seabird_dataset/beacon_debug/frame_328410.png
[beacon] Saved seabird_dataset/beacon_debug/frame_328440.png
[beacon] Saved seabird_dataset/beacon_debug/frame_328470.png
[beacon] Saved seabird_dataset/beacon_debug/frame_328500.png
[beacon] Saved seabird_dataset/beacon_debug/frame_328530.png
[beacon] Saved seabird_dataset/beacon_debug/frame_328560.png
[beacon] Saved seabird_dataset/beacon_debug/frame_328590.png
[beacon] Saved seabird_dataset/beacon_debug/frame_328620.png
[beacon] Saved seabird_dataset/beacon_debug/frame_328650.png
[beacon] Saved seabird_dataset/beacon_debug/frame_328680.png
[beacon] Saved seabird_dataset/beacon_debug/frame_328710.png
[beacon] Saved seabird_dataset/beacon_debug/frame_328740.png
[beacon] Saved seabird_dataset/beacon_debug/frame_328770.png
[beacon] Saved seabird_dataset/beacon_debug/frame_328800.png
[beacon] Saved seabird_dataset/beacon_debug/frame_328830.png
[beacon] Saved seabird_dataset/beacon_debug/frame_328860.png
[beacon] Saved seabird_dataset/beacon_debug/frame_328890.png
[beacon] Saved seabird_dataset/beacon_debug/frame_328920.png
[beacon] Saved seabird_dataset/beacon_debug/frame_328950.png
[beacon] Saved seabird_dataset/beacon_debug/frame_328980.png
[beacon] Saved seabird_dataset/beacon_debug/frame_329010.png
[beacon] Saved seabird_dataset/beacon_debug/frame_329040.png
[beacon] Saved seabird_dataset/beacon_debug/frame_329070.png
[beacon] Saved seabird_dataset/beacon_debug/frame_329100.png
[beacon] Saved seabird_dataset/beacon_debug/frame_329130.png
[beacon] Saved seabird_dataset/beacon_debug/frame_329160.png
[beacon] Saved seabird_dataset/beacon_debug/frame_329190.png
[beacon] Saved seabird_dataset/beacon_debug/frame_329220.png
[beacon] Saved seabird_dataset/beacon_debug/frame_329250.png
[beacon] Saved seabird_dataset/beacon_debug/frame_329280.png
[beacon] Saved seabird_dataset/beacon_debug/frame_329310.png
[beacon] Saved seabird_dataset/beacon_debug/frame_329340.png
[beacon] Saved seabird_dataset/beacon_debug/frame_329370.png
[beacon] Saved seabird_dataset/beacon_debug/frame_329400.png
[beacon] Saved seabird_dataset/beacon_debug/frame_329430.png
[beacon] Saved seabird_dataset/beacon_debug/frame_329460.png
[beacon] Saved seabird_dataset/beacon_debug/frame_329490.png
No beacon top detected
[beacon] Saved seabird_dataset/beacon_debug/frame_329520.png
  intensity=0.5602  hue  median=108°  mean=108°  mode=98° min=98°  max=123°  n=14 variance=74
[beacon] beacon [blue] conf=0.51 int=0.56 r=0% g=0% b=64% blink=? dist=3.04m
[beacon] GPS status: NO DATA — no publisher visible for /fmu/out/vehicle_gps_position; topic doesn't exist or isn't reachable from this process (check DDS domain/bridge/build)
[beacon] Height status: NO DATA — no publisher visible for /fmu/out/vehicle_local_position (source=px4_local_position); topic doesn't exist or isn't reachable from this process
  intensity=0.5368  hue  median=113°  mean=110°  mode=113° min=98°  max=119°  n=18 variance=59
[beacon] beacon [blue] conf=0.53 int=0.54 r=0% g=0% b=72% blink=? dist=3.12m
[beacon] GPS status: NO DATA — no publisher visible for /fmu/out/vehicle_gps_position; topic doesn't exist or isn't reachable from this process (check DDS domain/bridge/build)
[beacon] Height status: NO DATA — no publisher visible for /fmu/out/vehicle_local_position (source=px4_local_position); topic doesn't exist or isn't reachable from this process
  intensity=0.5363  hue  median=112°  mean=111°  mode=112° min=101°  max=118°  n=12 variance=26
[beacon] beacon [blue] conf=0.50 int=0.54 r=0% g=0% b=83% blink=? dist=2.97m
[beacon] GPS status: NO DATA — no publisher visible for /fmu/out/vehicle_gps_position; topic doesn't exist or isn't reachable from this process (check DDS domain/bridge/build)
[beacon] Height status: NO DATA — no publisher visible for /fmu/out/vehicle_local_position (source=px4_local_position); topic doesn't exist or isn't reachable from this process
[beacon] Saved seabird_dataset/beacon_debug/frame_329550.png
[beacon] Saved seabird_dataset/beacon_debug/frame_329580.png
[beacon] Saved seabird_dataset/beacon_debug/frame_329610.png
[beacon] Saved seabird_dataset/beacon_debug/frame_329640.png
[beacon] Saved seabird_dataset/beacon_debug/frame_329670.png
[beacon] Saved seabird_dataset/beacon_debug/frame_329700.png
  intensity=0.6047  hue  median=112°  mean=111°  mode=112° min=94°  max=120°  n=20 variance=51
[beacon] beacon [blue] conf=0.51 int=0.60 r=0% g=5% b=85% blink=? dist=2.97m
[beacon] GPS status: NO DATA — no publisher visible for /fmu/out/vehicle_gps_position; topic doesn't exist or isn't reachable from this process (check DDS domain/bridge/build)
[beacon] Height status: NO DATA — no publisher visible for /fmu/out/vehicle_local_position (source=px4_local_position); topic doesn't exist or isn't reachable from this process
[beacon] Saved seabird_dataset/beacon_debug/frame_329730.png
No beacon top detected
[beacon] Saved seabird_dataset/beacon_debug/frame_329760.png
[beacon] Saved seabird_dataset/beacon_debug/frame_329790.png
[beacon] Saved seabird_dataset/beacon_debug/frame_329820.png
[beacon] Saved seabird_dataset/beacon_debug/frame_329850.png
[beacon] Saved seabird_dataset/beacon_debug/frame_329880.png
[beacon] Saved seabird_dataset/beacon_debug/frame_329910.png
[beacon] Saved seabird_dataset/beacon_debug/frame_329940.png
[beacon] Saved seabird_dataset/beacon_debug/frame_329970.png
[beacon] Saved seabird_dataset/beacon_debug/frame_330000.png
[beacon] Saved seabird_dataset/beacon_debug/frame_330030.png
[beacon] Saved seabird_dataset/beacon_debug/frame_330060.png
[beacon] Saved seabird_dataset/beacon_debug/frame_330090.png
[beacon] Saved seabird_dataset/beacon_debug/frame_330120.png
[beacon] Saved seabird_dataset/beacon_debug/frame_330150.png
[beacon] Saved seabird_dataset/beacon_debug/frame_330180.png
[beacon] Saved seabird_dataset/beacon_debug/frame_330210.png
[beacon] Saved seabird_dataset/beacon_debug/frame_330240.png
[beacon] Saved seabird_dataset/beacon_debug/frame_330270.png
[beacon] Saved seabird_dataset/beacon_debug/frame_330300.png
[beacon] Saved seabird_dataset/beacon_debug/frame_330330.png
[beacon] Saved seabird_dataset/beacon_debug/frame_330360.png
[beacon] Saved seabird_dataset/beacon_debug/frame_330390.png
[beacon] Saved seabird_dataset/beacon_debug/frame_330420.png
[beacon] Saved seabird_dataset/beacon_debug/frame_330450.png
[beacon] Saved seabird_dataset/beacon_debug/frame_330480.png
[beacon] Saved seabird_dataset/beacon_debug/frame_330510.png
[beacon] Saved seabird_dataset/beacon_debug/frame_330540.png
[beacon] Saved seabird_dataset/beacon_debug/frame_330570.png
[beacon] Saved seabird_dataset/beacon_debug/frame_330600.png
[beacon] Saved seabird_dataset/beacon_debug/frame_330630.png
[beacon] Saved seabird_dataset/beacon_debug/frame_330660.png
[beacon] Saved seabird_dataset/beacon_debug/frame_330690.png
[beacon] Saved seabird_dataset/beacon_debug/frame_330720.png
[beacon] Saved seabird_dataset/beacon_debug/frame_330750.png
[beacon] Saved seabird_dataset/beacon_debug/frame_330780.png
[beacon] Saved seabird_dataset/beacon_debug/frame_330810.png
[beacon] Saved seabird_dataset/beacon_debug/frame_330840.png
[beacon] Saved seabird_dataset/beacon_debug/frame_330870.png
[beacon] Saved seabird_dataset/beacon_debug/frame_330900.png
[beacon] Saved seabird_dataset/beacon_debug/frame_330930.png
[beacon] Saved seabird_dataset/beacon_debug/frame_330960.png
[beacon] Saved seabird_dataset/beacon_debug/frame_330990.png
[beacon] Saved seabird_dataset/beacon_debug/frame_331020.png
[beacon] Saved seabird_dataset/beacon_debug/frame_331050.png
[beacon] Saved seabird_dataset/beacon_debug/frame_331080.png
[beacon] Saved seabird_dataset/beacon_debug/frame_331110.png
[beacon] Saved seabird_dataset/beacon_debug/frame_331140.png
[beacon] Saved seabird_dataset/beacon_debug/frame_331170.png
[beacon] Saved seabird_dataset/beacon_debug/frame_331200.png
[beacon] Saved seabird_dataset/beacon_debug/frame_331230.png
[beacon] Saved seabird_dataset/beacon_debug/frame_331260.png
[beacon] Saved seabird_dataset/beacon_debug/frame_331290.png
[beacon] Saved seabird_dataset/beacon_debug/frame_331320.png
[beacon] Saved seabird_dataset/beacon_debug/frame_331350.png
[beacon] Saved seabird_dataset/beacon_debug/frame_331380.png
[beacon] Saved seabird_dataset/beacon_debug/frame_331410.png
[beacon] Saved seabird_dataset/beacon_debug/frame_331440.png
[beacon] Saved seabird_dataset/beacon_debug/frame_331470.png
[beacon] Saved seabird_dataset/beacon_debug/frame_331500.png
[beacon] Saved seabird_dataset/beacon_debug/frame_331530.png
[beacon] Saved seabird_dataset/beacon_debug/frame_331560.png
[beacon] Saved seabird_dataset/beacon_debug/frame_331590.png
[beacon] Saved seabird_dataset/beacon_debug/frame_331620.png
[beacon] Saved seabird_dataset/beacon_debug/frame_331650.png
[beacon] Saved seabird_dataset/beacon_debug/frame_331680.png
[beacon] Saved seabird_dataset/beacon_debug/frame_331710.png
[beacon] Saved seabird_dataset/beacon_debug/frame_331740.png
[beacon] Saved seabird_dataset/beacon_debug/frame_331770.png
[beacon] Saved seabird_dataset/beacon_debug/frame_331800.png
[beacon] Saved seabird_dataset/beacon_debug/frame_331830.png
[beacon] Saved seabird_dataset/beacon_debug/frame_331860.png
[beacon] Saved seabird_dataset/beacon_debug/frame_331890.png
[beacon] Saved seabird_dataset/beacon_debug/frame_331920.png
[beacon] Saved seabird_dataset/beacon_debug/frame_331950.png
[beacon] Saved seabird_dataset/beacon_debug/frame_331980.png
[beacon] Saved seabird_dataset/beacon_debug/frame_332010.png
[beacon] Saved seabird_dataset/beacon_debug/frame_332040.png
[beacon] Saved seabird_dataset/beacon_debug/frame_332070.png
[beacon] Saved seabird_dataset/beacon_debug/frame_332100.png
[beacon] Saved seabird_dataset/beacon_debug/frame_332130.png
[beacon] Saved seabird_dataset/beacon_debug/frame_332160.png
[beacon] Saved seabird_dataset/beacon_debug/frame_332190.png
[beacon] Saved seabird_dataset/beacon_debug/frame_332220.png
[beacon] Saved seabird_dataset/beacon_debug/frame_332250.png
[beacon] Saved seabird_dataset/beacon_debug/frame_332280.png
[beacon] Saved seabird_dataset/beacon_debug/frame_332310.png
[beacon] Saved seabird_dataset/beacon_debug/frame_332340.png
[beacon] Saved seabird_dataset/beacon_debug/frame_332370.png
[beacon] Saved seabird_dataset/beacon_debug/frame_332400.png
[beacon] Saved seabird_dataset/beacon_debug/frame_332430.png
[beacon] Saved seabird_dataset/beacon_debug/frame_332460.png
[beacon] Saved seabird_dataset/beacon_debug/frame_332490.png
[beacon] Saved seabird_dataset/beacon_debug/frame_332520.png
[beacon] Saved seabird_dataset/beacon_debug/frame_332550.png
[beacon] Saved seabird_dataset/beacon_debug/frame_332580.png
[beacon] Saved seabird_dataset/beacon_debug/frame_332610.png
[beacon] Saved seabird_dataset/beacon_debug/frame_332640.png
[beacon] Saved seabird_dataset/beacon_debug/frame_332670.png
[beacon] Saved seabird_dataset/beacon_debug/frame_332700.png
[beacon] Saved seabird_dataset/beacon_debug/frame_332730.png
[beacon] Saved seabird_dataset/beacon_debug/frame_332760.png
[beacon] Saved seabird_dataset/beacon_debug/frame_332790.png
[beacon] Saved seabird_dataset/beacon_debug/frame_332820.png
[beacon] Saved seabird_dataset/beacon_debug/frame_332850.png
[beacon] Saved seabird_dataset/beacon_debug/frame_332880.png
[beacon] Saved seabird_dataset/beacon_debug/frame_332910.png
[beacon] Saved seabird_dataset/beacon_debug/frame_332940.png
[beacon] Saved seabird_dataset/beacon_debug/frame_332970.png
[beacon] Saved seabird_dataset/beacon_debug/frame_333000.png
[beacon] Saved seabird_dataset/beacon_debug/frame_333030.png
[beacon] Saved seabird_dataset/beacon_debug/frame_333060.png
[beacon] Saved seabird_dataset/beacon_debug/frame_333090.png
[beacon] Saved seabird_dataset/beacon_debug/frame_333120.png
[beacon] Saved seabird_dataset/beacon_debug/frame_333150.png
[beacon] Saved seabird_dataset/beacon_debug/frame_333180.png
[beacon] Saved seabird_dataset/beacon_debug/frame_333210.png
[beacon] Saved seabird_dataset/beacon_debug/frame_333240.png
[beacon] Saved seabird_dataset/beacon_debug/frame_333270.png
[beacon] Saved seabird_dataset/beacon_debug/frame_333300.png
[beacon] Saved seabird_dataset/beacon_debug/frame_333330.png
[beacon] Saved seabird_dataset/beacon_debug/frame_333360.png
[beacon] Saved seabird_dataset/beacon_debug/frame_333390.png
[beacon] Saved seabird_dataset/beacon_debug/frame_333420.png
[beacon] Saved seabird_dataset/beacon_debug/frame_333450.png
[beacon] Saved seabird_dataset/beacon_debug/frame_333480.png
[beacon] Saved seabird_dataset/beacon_debug/frame_333510.png
[beacon] Saved seabird_dataset/beacon_debug/frame_333540.png
[beacon] Saved seabird_dataset/beacon_debug/frame_333570.png
[beacon] Saved seabird_dataset/beacon_debug/frame_333600.png
[beacon] Saved seabird_dataset/beacon_debug/frame_333630.png
[beacon] Saved seabird_dataset/beacon_debug/frame_333660.png
[beacon] Saved seabird_dataset/beacon_debug/frame_333690.png
[beacon] Saved seabird_dataset/beacon_debug/frame_333720.png
[beacon] Saved seabird_dataset/beacon_debug/frame_333750.png
[beacon] Saved seabird_dataset/beacon_debug/frame_333780.png
[beacon] Saved seabird_dataset/beacon_debug/frame_333810.png
[beacon] Saved seabird_dataset/beacon_debug/frame_333840.png
[beacon] Saved seabird_dataset/beacon_debug/frame_333870.png
[beacon] Saved seabird_dataset/beacon_debug/frame_333900.png
[beacon] Saved seabird_dataset/beacon_debug/frame_333930.png
[beacon] Saved seabird_dataset/beacon_debug/frame_333960.png
[beacon] Saved seabird_dataset/beacon_debug/frame_333990.png
[beacon] Saved seabird_dataset/beacon_debug/frame_334020.png
[beacon] Saved seabird_dataset/beacon_debug/frame_334050.png
[beacon] Saved seabird_dataset/beacon_debug/frame_334080.png
[beacon] Saved seabird_dataset/beacon_debug/frame_334110.png
[beacon] Saved seabird_dataset/beacon_debug/frame_334140.png
[beacon] Saved seabird_dataset/beacon_debug/frame_334170.png
[beacon] Saved seabird_dataset/beacon_debug/frame_334200.png
[beacon] Saved seabird_dataset/beacon_debug/frame_334230.png
[beacon] Saved seabird_dataset/beacon_debug/frame_334260.png
[beacon] Saved seabird_dataset/beacon_debug/frame_334290.png
[beacon] Saved seabird_dataset/beacon_debug/frame_334320.png
[beacon] Saved seabird_dataset/beacon_debug/frame_334350.png
[beacon] Saved seabird_dataset/beacon_debug/frame_334380.png
[beacon] Saved seabird_dataset/beacon_debug/frame_334410.png
[beacon] Saved seabird_dataset/beacon_debug/frame_334440.png
[beacon] Saved seabird_dataset/beacon_debug/frame_334470.png
[beacon] Saved seabird_dataset/beacon_debug/frame_334500.png
[beacon] Saved seabird_dataset/beacon_debug/frame_334530.png
[beacon] Saved seabird_dataset/beacon_debug/frame_334560.png
[beacon] Saved seabird_dataset/beacon_debug/frame_334590.png
[beacon] Saved seabird_dataset/beacon_debug/frame_334620.png
[beacon] Saved seabird_dataset/beacon_debug/frame_334650.png
[beacon] Saved seabird_dataset/beacon_debug/frame_334680.png
[beacon] Saved seabird_dataset/beacon_debug/frame_334710.png
[beacon] Saved seabird_dataset/beacon_debug/frame_334740.png
[beacon] Saved seabird_dataset/beacon_debug/frame_334770.png
[beacon] Saved seabird_dataset/beacon_debug/frame_334800.png
[beacon] Saved seabird_dataset/beacon_debug/frame_334830.png
[beacon] Saved seabird_dataset/beacon_debug/frame_334860.png
[beacon] Saved seabird_dataset/beacon_debug/frame_334890.png
[beacon] Saved seabird_dataset/beacon_debug/frame_334920.png
[beacon] Saved seabird_dataset/beacon_debug/frame_334950.png
[beacon] Saved seabird_dataset/beacon_debug/frame_334980.png
[beacon] Saved seabird_dataset/beacon_debug/frame_335010.png
[beacon] Saved seabird_dataset/beacon_debug/frame_335040.png
[beacon] Saved seabird_dataset/beacon_debug/frame_335070.png
[beacon] Saved seabird_dataset/beacon_debug/frame_335100.png
[beacon] Saved seabird_dataset/beacon_debug/frame_335130.png
[beacon] Saved seabird_dataset/beacon_debug/frame_335160.png
[beacon] Saved seabird_dataset/beacon_debug/frame_335190.png
[beacon] Saved seabird_dataset/beacon_debug/frame_335220.png
[beacon] Saved seabird_dataset/beacon_debug/frame_335250.png
[beacon] Saved seabird_dataset/beacon_debug/frame_335280.png
[beacon] Saved seabird_dataset/beacon_debug/frame_335310.png
[beacon] Saved seabird_dataset/beacon_debug/frame_335340.png
[beacon] Saved seabird_dataset/beacon_debug/frame_335370.png
[beacon] Saved seabird_dataset/beacon_debug/frame_335400.png
[beacon] Saved seabird_dataset/beacon_debug/frame_335430.png
[beacon] Saved seabird_dataset/beacon_debug/frame_335460.png
[beacon] Saved seabird_dataset/beacon_debug/frame_335490.png
[beacon] Saved seabird_dataset/beacon_debug/frame_335520.png
[beacon] Saved seabird_dataset/beacon_debug/frame_335550.png
[beacon] Saved seabird_dataset/beacon_debug/frame_335580.png
[beacon] Saved seabird_dataset/beacon_debug/frame_335610.png
[beacon] Saved seabird_dataset/beacon_debug/frame_335640.png
[beacon] Saved seabird_dataset/beacon_debug/frame_335670.png
[beacon] Saved seabird_dataset/beacon_debug/frame_335700.png
[beacon] Saved seabird_dataset/beacon_debug/frame_335730.png
[beacon] Saved seabird_dataset/beacon_debug/frame_335760.png
[beacon] Saved seabird_dataset/beacon_debug/frame_335790.png
[beacon] Saved seabird_dataset/beacon_debug/frame_335820.png
[beacon] Saved seabird_dataset/beacon_debug/frame_335850.png
[beacon] Saved seabird_dataset/beacon_debug/frame_335880.png
[beacon] Saved seabird_dataset/beacon_debug/frame_335910.png
[beacon] Saved seabird_dataset/beacon_debug/frame_335940.png
[beacon] Saved seabird_dataset/beacon_debug/frame_335970.png
[beacon] Saved seabird_dataset/beacon_debug/frame_336000.png
[beacon] Saved seabird_dataset/beacon_debug/frame_336030.png
[beacon] Saved seabird_dataset/beacon_debug/frame_336060.png
[beacon] Saved seabird_dataset/beacon_debug/frame_336090.png
[beacon] Saved seabird_dataset/beacon_debug/frame_336120.png
[beacon] Saved seabird_dataset/beacon_debug/frame_336150.png
[beacon] Saved seabird_dataset/beacon_debug/frame_336180.png
[beacon] Saved seabird_dataset/beacon_debug/frame_336210.png
[beacon] Saved seabird_dataset/beacon_debug/frame_336240.png
[beacon] Saved seabird_dataset/beacon_debug/frame_336270.png
[beacon] Saved seabird_dataset/beacon_debug/frame_336300.png
[beacon] Saved seabird_dataset/beacon_debug/frame_336330.png
[beacon] Saved seabird_dataset/beacon_debug/frame_336360.png
[beacon] Saved seabird_dataset/beacon_debug/frame_336390.png
[beacon] Saved seabird_dataset/beacon_debug/frame_336420.png
[beacon] Saved seabird_dataset/beacon_debug/frame_336450.png
[beacon] Saved seabird_dataset/beacon_debug/frame_336480.png
[beacon] Saved seabird_dataset/beacon_debug/frame_336510.png
[beacon] Saved seabird_dataset/beacon_debug/frame_336540.png
[beacon] Saved seabird_dataset/beacon_debug/frame_336570.png
[beacon] Saved seabird_dataset/beacon_debug/frame_336600.png
[beacon] Saved seabird_dataset/beacon_debug/frame_336630.png
[beacon] Saved seabird_dataset/beacon_debug/frame_336660.png
[beacon] Saved seabird_dataset/beacon_debug/frame_336690.png
[beacon] Saved seabird_dataset/beacon_debug/frame_336720.png
[beacon] Saved seabird_dataset/beacon_debug/frame_336750.png
[beacon] Saved seabird_dataset/beacon_debug/frame_336780.png
[beacon] Saved seabird_dataset/beacon_debug/frame_336810.png
[beacon] Saved seabird_dataset/beacon_debug/frame_336840.png
[beacon] Saved seabird_dataset/beacon_debug/frame_336870.png
[beacon] Saved seabird_dataset/beacon_debug/frame_336900.png
[beacon] Saved seabird_dataset/beacon_debug/frame_336930.png
[beacon] Saved seabird_dataset/beacon_debug/frame_336960.png
[beacon] Saved seabird_dataset/beacon_debug/frame_336990.png
[beacon] Saved seabird_dataset/beacon_debug/frame_337020.png
[beacon] Saved seabird_dataset/beacon_debug/frame_337050.png
[beacon] Saved seabird_dataset/beacon_debug/frame_337080.png
[beacon] Saved seabird_dataset/beacon_debug/frame_337110.png
[beacon] Saved seabird_dataset/beacon_debug/frame_337140.png
[beacon] Saved seabird_dataset/beacon_debug/frame_337170.png
[beacon] Saved seabird_dataset/beacon_debug/frame_337200.png
[beacon] Saved seabird_dataset/beacon_debug/frame_337230.png
[beacon] Saved seabird_dataset/beacon_debug/frame_337260.png
[beacon] Saved seabird_dataset/beacon_debug/frame_337290.png
[beacon] Saved seabird_dataset/beacon_debug/frame_337320.png
[beacon] Saved seabird_dataset/beacon_debug/frame_337350.png
[beacon] Saved seabird_dataset/beacon_debug/frame_337380.png
[beacon] Saved seabird_dataset/beacon_debug/frame_337410.png
[beacon] Saved seabird_dataset/beacon_debug/frame_337440.png
[beacon] Saved seabird_dataset/beacon_debug/frame_337470.png
[beacon] Saved seabird_dataset/beacon_debug/frame_337500.png
[beacon] Saved seabird_dataset/beacon_debug/frame_337530.png
[beacon] Saved seabird_dataset/beacon_debug/frame_337560.png
[beacon] Saved seabird_dataset/beacon_debug/frame_337590.png
[beacon] Saved seabird_dataset/beacon_debug/frame_337620.png
[beacon] Saved seabird_dataset/beacon_debug/frame_337650.png
[beacon] Saved seabird_dataset/beacon_debug/frame_337680.png
[beacon] Saved seabird_dataset/beacon_debug/frame_337710.png
[beacon] Saved seabird_dataset/beacon_debug/frame_337740.png
[beacon] Saved seabird_dataset/beacon_debug/frame_337770.png
[beacon] Saved seabird_dataset/beacon_debug/frame_337800.png
[beacon] Saved seabird_dataset/beacon_debug/frame_337830.png
[beacon] Saved seabird_dataset/beacon_debug/frame_337860.png
[beacon] Saved seabird_dataset/beacon_debug/frame_337890.png
[beacon] Saved seabird_dataset/beacon_debug/frame_337920.png
[beacon] Saved seabird_dataset/beacon_debug/frame_337950.png
[beacon] Saved seabird_dataset/beacon_debug/frame_337980.png
[beacon] Saved seabird_dataset/beacon_debug/frame_338010.png
[beacon] Saved seabird_dataset/beacon_debug/frame_338040.png
[beacon] Saved seabird_dataset/beacon_debug/frame_338070.png
[beacon] Saved seabird_dataset/beacon_debug/frame_338100.png
[beacon] Saved seabird_dataset/beacon_debug/frame_338130.png
[beacon] Saved seabird_dataset/beacon_debug/frame_338160.png
[beacon] Saved seabird_dataset/beacon_debug/frame_338190.png
[beacon] Saved seabird_dataset/beacon_debug/frame_338220.png
[beacon] Saved seabird_dataset/beacon_debug/frame_338250.png
[beacon] Saved seabird_dataset/beacon_debug/frame_338280.png
[beacon] Saved seabird_dataset/beacon_debug/frame_338310.png
[beacon] Saved seabird_dataset/beacon_debug/frame_338340.png
[beacon] Saved seabird_dataset/beacon_debug/frame_338370.png
[beacon] Saved seabird_dataset/beacon_debug/frame_338400.png
[beacon] Saved seabird_dataset/beacon_debug/frame_338430.png
[beacon] Saved seabird_dataset/beacon_debug/frame_338460.png
[beacon] Saved seabird_dataset/beacon_debug/frame_338490.png
[beacon] Saved seabird_dataset/beacon_debug/frame_338520.png
[beacon] Saved seabird_dataset/beacon_debug/frame_338550.png
[beacon] Saved seabird_dataset/beacon_debug/frame_338580.png
[beacon] Saved seabird_dataset/beacon_debug/frame_338610.png
[beacon] Saved seabird_dataset/beacon_debug/frame_338640.png
[beacon] Saved seabird_dataset/beacon_debug/frame_338670.png
[beacon] Saved seabird_dataset/beacon_debug/frame_338700.png
[beacon] Saved seabird_dataset/beacon_debug/frame_338730.png
[beacon] Saved seabird_dataset/beacon_debug/frame_338760.png
[beacon] Saved seabird_dataset/beacon_debug/frame_338790.png
[beacon] Saved seabird_dataset/beacon_debug/frame_338820.png
[beacon] Saved seabird_dataset/beacon_debug/frame_338850.png
[beacon] Saved seabird_dataset/beacon_debug/frame_338880.png
[beacon] Saved seabird_dataset/beacon_debug/frame_338910.png
[beacon] Saved seabird_dataset/beacon_debug/frame_338940.png
[beacon] Saved seabird_dataset/beacon_debug/frame_338970.png
[beacon] Saved seabird_dataset/beacon_debug/frame_339000.png
[beacon] Saved seabird_dataset/beacon_debug/frame_339030.png
[beacon] Saved seabird_dataset/beacon_debug/frame_339060.png
[beacon] Saved seabird_dataset/beacon_debug/frame_339090.png
[beacon] Saved seabird_dataset/beacon_debug/frame_339120.png
[beacon] Saved seabird_dataset/beacon_debug/frame_339150.png
[beacon] Saved seabird_dataset/beacon_debug/frame_339180.png
[beacon] Saved seabird_dataset/beacon_debug/frame_339210.png
[beacon] Saved seabird_dataset/beacon_debug/frame_339240.png
[beacon] Saved seabird_dataset/beacon_debug/frame_339270.png
[beacon] Saved seabird_dataset/beacon_debug/frame_339300.png
[beacon] Saved seabird_dataset/beacon_debug/frame_339330.png
[beacon] Saved seabird_dataset/beacon_debug/frame_339360.png
[beacon] Saved seabird_dataset/beacon_debug/frame_339390.png
[beacon] Saved seabird_dataset/beacon_debug/frame_339420.png
[beacon] Saved seabird_dataset/beacon_debug/frame_339450.png
[beacon] Saved seabird_dataset/beacon_debug/frame_339480.png
[beacon] Saved seabird_dataset/beacon_debug/frame_339510.png
[beacon] Saved seabird_dataset/beacon_debug/frame_339540.png
[beacon] Saved seabird_dataset/beacon_debug/frame_339570.png
[beacon] Saved seabird_dataset/beacon_debug/frame_339600.png
[beacon] Saved seabird_dataset/beacon_debug/frame_339630.png
[beacon] Saved seabird_dataset/beacon_debug/frame_339660.png
[beacon] Saved seabird_dataset/beacon_debug/frame_339690.png
[beacon] Saved seabird_dataset/beacon_debug/frame_339720.png
[beacon] Saved seabird_dataset/beacon_debug/frame_339750.png
[beacon] Saved seabird_dataset/beacon_debug/frame_339780.png
[beacon] Saved seabird_dataset/beacon_debug/frame_339810.png
[beacon] Saved seabird_dataset/beacon_debug/frame_339840.png
[beacon] Saved seabird_dataset/beacon_debug/frame_339870.png
[beacon] Saved seabird_dataset/beacon_debug/frame_339900.png
[beacon] Saved seabird_dataset/beacon_debug/frame_339930.png
[beacon] Saved seabird_dataset/beacon_debug/frame_339960.png
[beacon] Saved seabird_dataset/beacon_debug/frame_339990.png
[beacon] Saved seabird_dataset/beacon_debug/frame_340020.png
[beacon] Saved seabird_dataset/beacon_debug/frame_340050.png
[beacon] Saved seabird_dataset/beacon_debug/frame_340080.png
[beacon] Saved seabird_dataset/beacon_debug/frame_340110.png
[beacon] Saved seabird_dataset/beacon_debug/frame_340140.png
[beacon] Saved seabird_dataset/beacon_debug/frame_340170.png
[beacon] Saved seabird_dataset/beacon_debug/frame_340200.png
[beacon] Saved seabird_dataset/beacon_debug/frame_340230.png
[beacon] Saved seabird_dataset/beacon_debug/frame_340260.png
[beacon] Saved seabird_dataset/beacon_debug/frame_340290.png
[beacon] Saved seabird_dataset/beacon_debug/frame_340320.png
[beacon] Saved seabird_dataset/beacon_debug/frame_340350.png
[beacon] Saved seabird_dataset/beacon_debug/frame_340380.png
[beacon] Saved seabird_dataset/beacon_debug/frame_340410.png
[beacon] Saved seabird_dataset/beacon_debug/frame_340440.png
[beacon] Saved seabird_dataset/beacon_debug/frame_340470.png
[beacon] Saved seabird_dataset/beacon_debug/frame_340500.png
[beacon] Saved seabird_dataset/beacon_debug/frame_340530.png
[beacon] Saved seabird_dataset/beacon_debug/frame_340560.png
[beacon] Saved seabird_dataset/beacon_debug/frame_340590.png
[beacon] Saved seabird_dataset/beacon_debug/frame_340620.png
[beacon] Saved seabird_dataset/beacon_debug/frame_340650.png
[beacon] Saved seabird_dataset/beacon_debug/frame_340680.png
[beacon] Saved seabird_dataset/beacon_debug/frame_340710.png
[beacon] Saved seabird_dataset/beacon_debug/frame_340740.png
[beacon] Saved seabird_dataset/beacon_debug/frame_340770.png
[beacon] Saved seabird_dataset/beacon_debug/frame_340800.png
[beacon] Saved seabird_dataset/beacon_debug/frame_340830.png
[beacon] Saved seabird_dataset/beacon_debug/frame_340860.png
[beacon] Saved seabird_dataset/beacon_debug/frame_340890.png
[beacon] Saved seabird_dataset/beacon_debug/frame_340920.png
[beacon] Saved seabird_dataset/beacon_debug/frame_340950.png
[beacon] Saved seabird_dataset/beacon_debug/frame_340980.png
[beacon] Saved seabird_dataset/beacon_debug/frame_341010.png
[beacon] Saved seabird_dataset/beacon_debug/frame_341040.png
[beacon] Saved seabird_dataset/beacon_debug/frame_341070.png
[beacon] Saved seabird_dataset/beacon_debug/frame_341100.png
[beacon] Saved seabird_dataset/beacon_debug/frame_341130.png
[beacon] Saved seabird_dataset/beacon_debug/frame_341160.png
[beacon] Saved seabird_dataset/beacon_debug/frame_341190.png
[beacon] Saved seabird_dataset/beacon_debug/frame_341220.png
[beacon] Saved seabird_dataset/beacon_debug/frame_341250.png
[beacon] Saved seabird_dataset/beacon_debug/frame_341280.png
[beacon] Saved seabird_dataset/beacon_debug/frame_341310.png
[beacon] Saved seabird_dataset/beacon_debug/frame_341340.png
[beacon] Saved seabird_dataset/beacon_debug/frame_341370.png
[beacon] Saved seabird_dataset/beacon_debug/frame_341400.png
[beacon] Saved seabird_dataset/beacon_debug/frame_341430.png
[beacon] Saved seabird_dataset/beacon_debug/frame_341460.png
[beacon] Saved seabird_dataset/beacon_debug/frame_341490.png
[beacon] Saved seabird_dataset/beacon_debug/frame_341520.png
[beacon] Saved seabird_dataset/beacon_debug/frame_341550.png
[beacon] Saved seabird_dataset/beacon_debug/frame_341580.png
[beacon] Saved seabird_dataset/beacon_debug/frame_341610.png
[beacon] Saved seabird_dataset/beacon_debug/frame_341640.png
[beacon] Saved seabird_dataset/beacon_debug/frame_341670.png
[beacon] Saved seabird_dataset/beacon_debug/frame_341700.png
[beacon] Saved seabird_dataset/beacon_debug/frame_341730.png
[beacon] Saved seabird_dataset/beacon_debug/frame_341760.png
[beacon] Saved seabird_dataset/beacon_debug/frame_341790.png
[beacon] Saved seabird_dataset/beacon_debug/frame_341820.png
[beacon] Saved seabird_dataset/beacon_debug/frame_341850.png
[beacon] Saved seabird_dataset/beacon_debug/frame_341880.png
[beacon] Saved seabird_dataset/beacon_debug/frame_341910.png
[beacon] Saved seabird_dataset/beacon_debug/frame_341940.png
[beacon] Saved seabird_dataset/beacon_debug/frame_341970.png
[beacon] Saved seabird_dataset/beacon_debug/frame_342000.png
[beacon] Saved seabird_dataset/beacon_debug/frame_342030.png
[beacon] Saved seabird_dataset/beacon_debug/frame_342060.png
[beacon] Saved seabird_dataset/beacon_debug/frame_342090.png
[beacon] Saved seabird_dataset/beacon_debug/frame_342120.png
[beacon] Saved seabird_dataset/beacon_debug/frame_342150.png
[beacon] Saved seabird_dataset/beacon_debug/frame_342180.png
[beacon] Saved seabird_dataset/beacon_debug/frame_342210.png
[beacon] Saved seabird_dataset/beacon_debug/frame_342240.png
[beacon] Saved seabird_dataset/beacon_debug/frame_342270.png
[beacon] Saved seabird_dataset/beacon_debug/frame_342300.png
[beacon] Saved seabird_dataset/beacon_debug/frame_342330.png
[beacon] Saved seabird_dataset/beacon_debug/frame_342360.png
[beacon] Saved seabird_dataset/beacon_debug/frame_342390.png
[beacon] Saved seabird_dataset/beacon_debug/frame_342420.png
[beacon] Saved seabird_dataset/beacon_debug/frame_342450.png
[beacon] Saved seabird_dataset/beacon_debug/frame_342480.png
[beacon] Saved seabird_dataset/beacon_debug/frame_342510.png
[beacon] Saved seabird_dataset/beacon_debug/frame_342540.png
[beacon] Saved seabird_dataset/beacon_debug/frame_342570.png
[beacon] Saved seabird_dataset/beacon_debug/frame_342600.png
[beacon] Saved seabird_dataset/beacon_debug/frame_342630.png
[beacon] Saved seabird_dataset/beacon_debug/frame_342660.png
[beacon] Saved seabird_dataset/beacon_debug/frame_342690.png
[beacon] Saved seabird_dataset/beacon_debug/frame_342720.png
[beacon] Saved seabird_dataset/beacon_debug/frame_342750.png
[beacon] Saved seabird_dataset/beacon_debug/frame_342780.png
[beacon] Saved seabird_dataset/beacon_debug/frame_342810.png
[beacon] Saved seabird_dataset/beacon_debug/frame_342840.png
[beacon] Saved seabird_dataset/beacon_debug/frame_342870.png
[beacon] Saved seabird_dataset/beacon_debug/frame_342900.png
[beacon] Saved seabird_dataset/beacon_debug/frame_342930.png
[beacon] Saved seabird_dataset/beacon_debug/frame_342960.png
[beacon] Saved seabird_dataset/beacon_debug/frame_342990.png
[beacon] Saved seabird_dataset/beacon_debug/frame_343020.png
[beacon] Saved seabird_dataset/beacon_debug/frame_343050.png
[beacon] Saved seabird_dataset/beacon_debug/frame_343080.png
[beacon] Saved seabird_dataset/beacon_debug/frame_343110.png
[beacon] Saved seabird_dataset/beacon_debug/frame_343140.png
[beacon] Saved seabird_dataset/beacon_debug/frame_343170.png
[beacon] Saved seabird_dataset/beacon_debug/frame_343200.png
[beacon] Saved seabird_dataset/beacon_debug/frame_343230.png
[beacon] Saved seabird_dataset/beacon_debug/frame_343260.png
[beacon] Saved seabird_dataset/beacon_debug/frame_343290.png
[beacon] Saved seabird_dataset/beacon_debug/frame_343320.png
[beacon] Saved seabird_dataset/beacon_debug/frame_343350.png
[beacon] Saved seabird_dataset/beacon_debug/frame_343380.png
[beacon] Saved seabird_dataset/beacon_debug/frame_343410.png
[beacon] Saved seabird_dataset/beacon_debug/frame_343440.png
[beacon] Saved seabird_dataset/beacon_debug/frame_343470.png
[beacon] Saved seabird_dataset/beacon_debug/frame_343500.png
[beacon] Saved seabird_dataset/beacon_debug/frame_343530.png
[beacon] Saved seabird_dataset/beacon_debug/frame_343560.png
[beacon] Saved seabird_dataset/beacon_debug/frame_343590.png
[beacon] Saved seabird_dataset/beacon_debug/frame_343620.png
[beacon] Saved seabird_dataset/beacon_debug/frame_343650.png
[beacon] Saved seabird_dataset/beacon_debug/frame_343680.png
[beacon] Saved seabird_dataset/beacon_debug/frame_343710.png
[beacon] Saved seabird_dataset/beacon_debug/frame_343740.png
[beacon] Saved seabird_dataset/beacon_debug/frame_343770.png
[beacon] Saved seabird_dataset/beacon_debug/frame_343800.png
[beacon] Saved seabird_dataset/beacon_debug/frame_343830.png
[beacon] Saved seabird_dataset/beacon_debug/frame_343860.png
[beacon] Saved seabird_dataset/beacon_debug/frame_343890.png
[beacon] Saved seabird_dataset/beacon_debug/frame_343920.png
[beacon] Saved seabird_dataset/beacon_debug/frame_343950.png
[beacon] Saved seabird_dataset/beacon_debug/frame_343980.png
[beacon] Saved seabird_dataset/beacon_debug/frame_344010.png
[beacon] Saved seabird_dataset/beacon_debug/frame_344040.png
[beacon] Saved seabird_dataset/beacon_debug/frame_344070.png
[beacon] Saved seabird_dataset/beacon_debug/frame_344100.png
[beacon] Saved seabird_dataset/beacon_debug/frame_344130.png
[beacon] Saved seabird_dataset/beacon_debug/frame_344160.png
[beacon] Saved seabird_dataset/beacon_debug/frame_344190.png
[beacon] Saved seabird_dataset/beacon_debug/frame_344220.png
[beacon] Saved seabird_dataset/beacon_debug/frame_344250.png
[beacon] Saved seabird_dataset/beacon_debug/frame_344280.png
[beacon] Saved seabird_dataset/beacon_debug/frame_344310.png
[beacon] Saved seabird_dataset/beacon_debug/frame_344340.png
[beacon] Saved seabird_dataset/beacon_debug/frame_344370.png
[beacon] Saved seabird_dataset/beacon_debug/frame_344400.png
[beacon] Saved seabird_dataset/beacon_debug/frame_344430.png
[beacon] Saved seabird_dataset/beacon_debug/frame_344460.png
[beacon] Saved seabird_dataset/beacon_debug/frame_344490.png
[beacon] Saved seabird_dataset/beacon_debug/frame_344520.png
[beacon] Saved seabird_dataset/beacon_debug/frame_344550.png
[beacon] Saved seabird_dataset/beacon_debug/frame_344580.png
[beacon] Saved seabird_dataset/beacon_debug/frame_344610.png
[beacon] Saved seabird_dataset/beacon_debug/frame_344640.png
[beacon] Saved seabird_dataset/beacon_debug/frame_344670.png
[beacon] Saved seabird_dataset/beacon_debug/frame_344700.png
[beacon] Saved seabird_dataset/beacon_debug/frame_344730.png
[beacon] Saved seabird_dataset/beacon_debug/frame_344760.png
[beacon] Saved seabird_dataset/beacon_debug/frame_344790.png
[beacon] Saved seabird_dataset/beacon_debug/frame_344820.png
[beacon] Saved seabird_dataset/beacon_debug/frame_344850.png
[beacon] Saved seabird_dataset/beacon_debug/frame_344880.png
[beacon] Saved seabird_dataset/beacon_debug/frame_344910.png
[beacon] Saved seabird_dataset/beacon_debug/frame_344940.png
[beacon] Saved seabird_dataset/beacon_debug/frame_344970.png
[beacon] Saved seabird_dataset/beacon_debug/frame_345000.png
[beacon] Saved seabird_dataset/beacon_debug/frame_345030.png
[beacon] Saved seabird_dataset/beacon_debug/frame_345060.png
[beacon] Saved seabird_dataset/beacon_debug/frame_345090.png
[beacon] Saved seabird_dataset/beacon_debug/frame_345120.png
[beacon] Saved seabird_dataset/beacon_debug/frame_345150.png
[beacon] Saved seabird_dataset/beacon_debug/frame_345180.png
[beacon] Saved seabird_dataset/beacon_debug/frame_345210.png
[beacon] Saved seabird_dataset/beacon_debug/frame_345240.png
[beacon] Saved seabird_dataset/beacon_debug/frame_345270.png
[beacon] Saved seabird_dataset/beacon_debug/frame_345300.png
[beacon] Saved seabird_dataset/beacon_debug/frame_345330.png
[beacon] Saved seabird_dataset/beacon_debug/frame_345360.png
[beacon] Saved seabird_dataset/beacon_debug/frame_345390.png
[beacon] Saved seabird_dataset/beacon_debug/frame_345420.png
[beacon] Saved seabird_dataset/beacon_debug/frame_345450.png
[beacon] Saved seabird_dataset/beacon_debug/frame_345480.png
[beacon] Saved seabird_dataset/beacon_debug/frame_345510.png
[beacon] Saved seabird_dataset/beacon_debug/frame_345540.png
[beacon] Saved seabird_dataset/beacon_debug/frame_345570.png
[beacon] Saved seabird_dataset/beacon_debug/frame_345600.png
[beacon] Saved seabird_dataset/beacon_debug/frame_345630.png
[beacon] Saved seabird_dataset/beacon_debug/frame_345660.png
[beacon] Saved seabird_dataset/beacon_debug/frame_345690.png
[beacon] Saved seabird_dataset/beacon_debug/frame_345720.png
[beacon] Saved seabird_dataset/beacon_debug/frame_345750.png
[beacon] Saved seabird_dataset/beacon_debug/frame_345780.png
[beacon] Saved seabird_dataset/beacon_debug/frame_345810.png
[beacon] Saved seabird_dataset/beacon_debug/frame_345840.png
[beacon] Saved seabird_dataset/beacon_debug/frame_345870.png
[beacon] Saved seabird_dataset/beacon_debug/frame_345900.png
[beacon] Saved seabird_dataset/beacon_debug/frame_345930.png
[beacon] Saved seabird_dataset/beacon_debug/frame_345960.png
[beacon] Saved seabird_dataset/beacon_debug/frame_345990.png
[beacon] Saved seabird_dataset/beacon_debug/frame_346020.png
[beacon] Saved seabird_dataset/beacon_debug/frame_346050.png
[beacon] Saved seabird_dataset/beacon_debug/frame_346080.png
[beacon] Saved seabird_dataset/beacon_debug/frame_346110.png
[beacon] Saved seabird_dataset/beacon_debug/frame_346140.png
[beacon] Saved seabird_dataset/beacon_debug/frame_346170.png
[beacon] Saved seabird_dataset/beacon_debug/frame_346200.png
[beacon] Saved seabird_dataset/beacon_debug/frame_346230.png
[beacon] Saved seabird_dataset/beacon_debug/frame_346260.png
[beacon] Saved seabird_dataset/beacon_debug/frame_346290.png
[beacon] Saved seabird_dataset/beacon_debug/frame_346320.png
[beacon] Saved seabird_dataset/beacon_debug/frame_346350.png
[beacon] Saved seabird_dataset/beacon_debug/frame_346380.png
[beacon] Saved seabird_dataset/beacon_debug/frame_346410.png
[beacon] Saved seabird_dataset/beacon_debug/frame_346440.png
[beacon] Saved seabird_dataset/beacon_debug/frame_346470.png
[beacon] Saved seabird_dataset/beacon_debug/frame_346500.png
[beacon] Saved seabird_dataset/beacon_debug/frame_346530.png
[beacon] Saved seabird_dataset/beacon_debug/frame_346560.png
[beacon] Saved seabird_dataset/beacon_debug/frame_346590.png
[beacon] Saved seabird_dataset/beacon_debug/frame_346620.png
[beacon] Saved seabird_dataset/beacon_debug/frame_346650.png
[beacon] Saved seabird_dataset/beacon_debug/frame_346680.png
[beacon] Saved seabird_dataset/beacon_debug/frame_346710.png
[beacon] Saved seabird_dataset/beacon_debug/frame_346740.png
[beacon] Saved seabird_dataset/beacon_debug/frame_346770.png
[beacon] Saved seabird_dataset/beacon_debug/frame_346800.png
[beacon] Saved seabird_dataset/beacon_debug/frame_346830.png
[beacon] Saved seabird_dataset/beacon_debug/frame_346860.png
[beacon] Saved seabird_dataset/beacon_debug/frame_346890.png
[beacon] Saved seabird_dataset/beacon_debug/frame_346920.png
[beacon] Saved seabird_dataset/beacon_debug/frame_346950.png
[beacon] Saved seabird_dataset/beacon_debug/frame_346980.png
[beacon] Saved seabird_dataset/beacon_debug/frame_347010.png
[beacon] Saved seabird_dataset/beacon_debug/frame_347040.png
[beacon] Saved seabird_dataset/beacon_debug/frame_347070.png
[beacon] Saved seabird_dataset/beacon_debug/frame_347100.png
[beacon] Saved seabird_dataset/beacon_debug/frame_347130.png
[beacon] Saved seabird_dataset/beacon_debug/frame_347160.png
[beacon] Saved seabird_dataset/beacon_debug/frame_347190.png
[beacon] Saved seabird_dataset/beacon_debug/frame_347220.png
[beacon] Saved seabird_dataset/beacon_debug/frame_347250.png
[beacon] Saved seabird_dataset/beacon_debug/frame_347280.png
[beacon] Saved seabird_dataset/beacon_debug/frame_347310.png
[beacon] Saved seabird_dataset/beacon_debug/frame_347340.png
[beacon] Saved seabird_dataset/beacon_debug/frame_347370.png
[beacon] Saved seabird_dataset/beacon_debug/frame_347400.png
[beacon] Saved seabird_dataset/beacon_debug/frame_347430.png
[beacon] Saved seabird_dataset/beacon_debug/frame_347460.png
[beacon] Saved seabird_dataset/beacon_debug/frame_347490.png
[beacon] Saved seabird_dataset/beacon_debug/frame_347520.png
[beacon] Saved seabird_dataset/beacon_debug/frame_347550.png
[beacon] Saved seabird_dataset/beacon_debug/frame_347580.png
[beacon] Saved seabird_dataset/beacon_debug/frame_347610.png
[beacon] Saved seabird_dataset/beacon_debug/frame_347640.png
[beacon] Saved seabird_dataset/beacon_debug/frame_347670.png
[beacon] Saved seabird_dataset/beacon_debug/frame_347700.png
[beacon] Saved seabird_dataset/beacon_debug/frame_347730.png
[beacon] Saved seabird_dataset/beacon_debug/frame_347760.png
[beacon] Saved seabird_dataset/beacon_debug/frame_347790.png
[beacon] Saved seabird_dataset/beacon_debug/frame_347820.png
[beacon] Saved seabird_dataset/beacon_debug/frame_347850.png
[beacon] Saved seabird_dataset/beacon_debug/frame_347880.png
[beacon] Saved seabird_dataset/beacon_debug/frame_347910.png
[beacon] Saved seabird_dataset/beacon_debug/frame_347940.png
[beacon] Saved seabird_dataset/beacon_debug/frame_347970.png
[beacon] Saved seabird_dataset/beacon_debug/frame_348000.png
[beacon] Saved seabird_dataset/beacon_debug/frame_348030.png
[beacon] Saved seabird_dataset/beacon_debug/frame_348060.png
[beacon] Saved seabird_dataset/beacon_debug/frame_348090.png
[beacon] Saved seabird_dataset/beacon_debug/frame_348120.png
[beacon] Saved seabird_dataset/beacon_debug/frame_348150.png
[beacon] Saved seabird_dataset/beacon_debug/frame_348180.png
[beacon] Saved seabird_dataset/beacon_debug/frame_348210.png
[beacon] Saved seabird_dataset/beacon_debug/frame_348240.png
[beacon] Saved seabird_dataset/beacon_debug/frame_348270.png
[beacon] Saved seabird_dataset/beacon_debug/frame_348300.png
[beacon] Saved seabird_dataset/beacon_debug/frame_348330.png
[beacon] Saved seabird_dataset/beacon_debug/frame_348360.png
[beacon] Saved seabird_dataset/beacon_debug/frame_348390.png
[beacon] Saved seabird_dataset/beacon_debug/frame_348420.png
[beacon] Saved seabird_dataset/beacon_debug/frame_348450.png
[beacon] Saved seabird_dataset/beacon_debug/frame_348480.png
[beacon] Saved seabird_dataset/beacon_debug/frame_348510.png
[beacon] Saved seabird_dataset/beacon_debug/frame_348540.png
[beacon] Saved seabird_dataset/beacon_debug/frame_348570.png
[beacon] Saved seabird_dataset/beacon_debug/frame_348600.png
[beacon] Saved seabird_dataset/beacon_debug/frame_348630.png
[beacon] Saved seabird_dataset/beacon_debug/frame_348660.png
[beacon] Saved seabird_dataset/beacon_debug/frame_348690.png
[beacon] Saved seabird_dataset/beacon_debug/frame_348720.png
[beacon] Saved seabird_dataset/beacon_debug/frame_348750.png
[beacon] Saved seabird_dataset/beacon_debug/frame_348780.png
[beacon] Saved seabird_dataset/beacon_debug/frame_348810.png
[beacon] Saved seabird_dataset/beacon_debug/frame_348840.png
[beacon] Saved seabird_dataset/beacon_debug/frame_348870.png
[beacon] Saved seabird_dataset/beacon_debug/frame_348900.png
[beacon] Saved seabird_dataset/beacon_debug/frame_348930.png
[beacon] Saved seabird_dataset/beacon_debug/frame_348960.png
[beacon] Saved seabird_dataset/beacon_debug/frame_348990.png
[beacon] Saved seabird_dataset/beacon_debug/frame_349020.png
[beacon] Saved seabird_dataset/beacon_debug/frame_349050.png
[beacon] Saved seabird_dataset/beacon_debug/frame_349080.png
[beacon] Saved seabird_dataset/beacon_debug/frame_349110.png
[beacon] Saved seabird_dataset/beacon_debug/frame_349140.png
[beacon] Saved seabird_dataset/beacon_debug/frame_349170.png
[beacon] Saved seabird_dataset/beacon_debug/frame_349200.png
[beacon] Saved seabird_dataset/beacon_debug/frame_349230.png
[beacon] Saved seabird_dataset/beacon_debug/frame_349260.png
[beacon] Saved seabird_dataset/beacon_debug/frame_349290.png
[beacon] Saved seabird_dataset/beacon_debug/frame_349320.png
[beacon] Saved seabird_dataset/beacon_debug/frame_349350.png
[beacon] Saved seabird_dataset/beacon_debug/frame_349380.png
[beacon] Saved seabird_dataset/beacon_debug/frame_349410.png
[beacon] Saved seabird_dataset/beacon_debug/frame_349440.png
[beacon] Saved seabird_dataset/beacon_debug/frame_349470.png
[beacon] Saved seabird_dataset/beacon_debug/frame_349500.png
[beacon] Saved seabird_dataset/beacon_debug/frame_349530.png
[beacon] Saved seabird_dataset/beacon_debug/frame_349560.png
[beacon] Saved seabird_dataset/beacon_debug/frame_349590.png
[beacon] Saved seabird_dataset/beacon_debug/frame_349620.png
[beacon] Saved seabird_dataset/beacon_debug/frame_349650.png
[beacon] Saved seabird_dataset/beacon_debug/frame_349680.png
[beacon] Saved seabird_dataset/beacon_debug/frame_349710.png
[beacon] Saved seabird_dataset/beacon_debug/frame_349740.png
[beacon] Saved seabird_dataset/beacon_debug/frame_349770.png
[beacon] Saved seabird_dataset/beacon_debug/frame_349800.png
[beacon] Saved seabird_dataset/beacon_debug/frame_349830.png
[beacon] Saved seabird_dataset/beacon_debug/frame_349860.png
[beacon] Saved seabird_dataset/beacon_debug/frame_349890.png
[beacon] Saved seabird_dataset/beacon_debug/frame_349920.png
[beacon] Saved seabird_dataset/beacon_debug/frame_349950.png
[beacon] Saved seabird_dataset/beacon_debug/frame_349980.png
[beacon] Saved seabird_dataset/beacon_debug/frame_350010.png
[beacon] Saved seabird_dataset/beacon_debug/frame_350040.png
[beacon] Saved seabird_dataset/beacon_debug/frame_350070.png
[beacon] Saved seabird_dataset/beacon_debug/frame_350100.png
[beacon] Saved seabird_dataset/beacon_debug/frame_350130.png
[beacon] Saved seabird_dataset/beacon_debug/frame_350160.png
[beacon] Saved seabird_dataset/beacon_debug/frame_350190.png
[beacon] Saved seabird_dataset/beacon_debug/frame_350220.png
[beacon] Saved seabird_dataset/beacon_debug/frame_350250.png
[beacon] Saved seabird_dataset/beacon_debug/frame_350280.png
[beacon] Saved seabird_dataset/beacon_debug/frame_350310.png
[beacon] Saved seabird_dataset/beacon_debug/frame_350340.png
[beacon] Saved seabird_dataset/beacon_debug/frame_350370.png
[beacon] Saved seabird_dataset/beacon_debug/frame_350400.png
[beacon] Saved seabird_dataset/beacon_debug/frame_350430.png
[beacon] Saved seabird_dataset/beacon_debug/frame_350460.png
[beacon] Saved seabird_dataset/beacon_debug/frame_350490.png
[beacon] Saved seabird_dataset/beacon_debug/frame_350520.png
[beacon] Saved seabird_dataset/beacon_debug/frame_350550.png
[beacon] Saved seabird_dataset/beacon_debug/frame_350580.png
[beacon] Saved seabird_dataset/beacon_debug/frame_350610.png
[beacon] Saved seabird_dataset/beacon_debug/frame_350640.png
[beacon] Saved seabird_dataset/beacon_debug/frame_350670.png
[beacon] Saved seabird_dataset/beacon_debug/frame_350700.png
[beacon] Saved seabird_dataset/beacon_debug/frame_350730.png
[beacon] Saved seabird_dataset/beacon_debug/frame_350760.png
[beacon] Saved seabird_dataset/beacon_debug/frame_350790.png
[beacon] Saved seabird_dataset/beacon_debug/frame_350820.png
[beacon] Saved seabird_dataset/beacon_debug/frame_350850.png
[beacon] Saved seabird_dataset/beacon_debug/frame_350880.png
[beacon] Saved seabird_dataset/beacon_debug/frame_350910.png
[beacon] Saved seabird_dataset/beacon_debug/frame_350940.png
[beacon] Saved seabird_dataset/beacon_debug/frame_350970.png
[beacon] Saved seabird_dataset/beacon_debug/frame_351000.png
[beacon] Saved seabird_dataset/beacon_debug/frame_351030.png
[beacon] Saved seabird_dataset/beacon_debug/frame_351060.png
[beacon] Saved seabird_dataset/beacon_debug/frame_351090.png
[beacon] Saved seabird_dataset/beacon_debug/frame_351120.png
[beacon] Saved seabird_dataset/beacon_debug/frame_351150.png
[beacon] Saved seabird_dataset/beacon_debug/frame_351180.png
[beacon] Saved seabird_dataset/beacon_debug/frame_351210.png
[beacon] Saved seabird_dataset/beacon_debug/frame_351240.png
[beacon] Saved seabird_dataset/beacon_debug/frame_351270.png
[beacon] Saved seabird_dataset/beacon_debug/frame_351300.png
[beacon] Saved seabird_dataset/beacon_debug/frame_351330.png
[beacon] Saved seabird_dataset/beacon_debug/frame_351360.png
[beacon] Saved seabird_dataset/beacon_debug/frame_351390.png
[beacon] Saved seabird_dataset/beacon_debug/frame_351420.png
[beacon] Saved seabird_dataset/beacon_debug/frame_351450.png
[beacon] Saved seabird_dataset/beacon_debug/frame_351480.png
[beacon] Saved seabird_dataset/beacon_debug/frame_351510.png
[beacon] Saved seabird_dataset/beacon_debug/frame_351540.png
[beacon] Saved seabird_dataset/beacon_debug/frame_351570.png
[beacon] Saved seabird_dataset/beacon_debug/frame_351600.png
[beacon] Saved seabird_dataset/beacon_debug/frame_351630.png
[beacon] Saved seabird_dataset/beacon_debug/frame_351660.png
[beacon] Saved seabird_dataset/beacon_debug/frame_351690.png
[beacon] Saved seabird_dataset/beacon_debug/frame_351720.png
[beacon] Saved seabird_dataset/beacon_debug/frame_351750.png
[beacon] Saved seabird_dataset/beacon_debug/frame_351780.png
[beacon] Saved seabird_dataset/beacon_debug/frame_351810.png
[beacon] Saved seabird_dataset/beacon_debug/frame_351840.png
[beacon] Saved seabird_dataset/beacon_debug/frame_351870.png
[beacon] Saved seabird_dataset/beacon_debug/frame_351900.png
[beacon] Saved seabird_dataset/beacon_debug/frame_351930.png
[beacon] Saved seabird_dataset/beacon_debug/frame_351960.png
[beacon] Saved seabird_dataset/beacon_debug/frame_351990.png
[beacon] Saved seabird_dataset/beacon_debug/frame_352020.png
[beacon] Saved seabird_dataset/beacon_debug/frame_352050.png
[beacon] Saved seabird_dataset/beacon_debug/frame_352080.png
[beacon] Saved seabird_dataset/beacon_debug/frame_352110.png
[beacon] Saved seabird_dataset/beacon_debug/frame_352140.png
[beacon] Saved seabird_dataset/beacon_debug/frame_352170.png
[beacon] Saved seabird_dataset/beacon_debug/frame_352200.png
[beacon] Saved seabird_dataset/beacon_debug/frame_352230.png
[beacon] Saved seabird_dataset/beacon_debug/frame_352260.png
[beacon] Saved seabird_dataset/beacon_debug/frame_352290.png
[beacon] Saved seabird_dataset/beacon_debug/frame_352320.png
[beacon] Saved seabird_dataset/beacon_debug/frame_352350.png
[beacon] Saved seabird_dataset/beacon_debug/frame_352380.png
[beacon] Saved seabird_dataset/beacon_debug/frame_352410.png
[beacon] Saved seabird_dataset/beacon_debug/frame_352440.png
[beacon] Saved seabird_dataset/beacon_debug/frame_352470.png
[beacon] Saved seabird_dataset/beacon_debug/frame_352500.png
[beacon] Saved seabird_dataset/beacon_debug/frame_352530.png
[beacon] Saved seabird_dataset/beacon_debug/frame_352560.png
[beacon] Saved seabird_dataset/beacon_debug/frame_352590.png
[beacon] Saved seabird_dataset/beacon_debug/frame_352620.png
[beacon] Saved seabird_dataset/beacon_debug/frame_352650.png
[beacon] Saved seabird_dataset/beacon_debug/frame_352680.png
[beacon] Saved seabird_dataset/beacon_debug/frame_352710.png
[beacon] Saved seabird_dataset/beacon_debug/frame_352740.png
[beacon] Saved seabird_dataset/beacon_debug/frame_352770.png
[beacon] Saved seabird_dataset/beacon_debug/frame_352800.png
[beacon] Saved seabird_dataset/beacon_debug/frame_352830.png
[beacon] Saved seabird_dataset/beacon_debug/frame_352860.png
[beacon] Saved seabird_dataset/beacon_debug/frame_352890.png
[beacon] Saved seabird_dataset/beacon_debug/frame_352920.png
[beacon] Saved seabird_dataset/beacon_debug/frame_352950.png
[beacon] Saved seabird_dataset/beacon_debug/frame_352980.png
[beacon] Saved seabird_dataset/beacon_debug/frame_353010.png
[beacon] Saved seabird_dataset/beacon_debug/frame_353040.png
[beacon] Saved seabird_dataset/beacon_debug/frame_353070.png
[beacon] Saved seabird_dataset/beacon_debug/frame_353100.png
[beacon] Saved seabird_dataset/beacon_debug/frame_353130.png
[beacon] Saved seabird_dataset/beacon_debug/frame_353160.png
[beacon] Saved seabird_dataset/beacon_debug/frame_353190.png
[beacon] Saved seabird_dataset/beacon_debug/frame_353220.png
[beacon] Saved seabird_dataset/beacon_debug/frame_353250.png
[beacon] Saved seabird_dataset/beacon_debug/frame_353280.png
[beacon] Saved seabird_dataset/beacon_debug/frame_353310.png
[beacon] Saved seabird_dataset/beacon_debug/frame_353340.png
[beacon] Saved seabird_dataset/beacon_debug/frame_353370.png
[beacon] Saved seabird_dataset/beacon_debug/frame_353400.png
[beacon] Saved seabird_dataset/beacon_debug/frame_353430.png
[beacon] Saved seabird_dataset/beacon_debug/frame_353460.png
[beacon] Saved seabird_dataset/beacon_debug/frame_353490.png
[beacon] Saved seabird_dataset/beacon_debug/frame_353520.png
[beacon] Saved seabird_dataset/beacon_debug/frame_353550.png
[beacon] Saved seabird_dataset/beacon_debug/frame_353580.png
[beacon] Saved seabird_dataset/beacon_debug/frame_353610.png
[beacon] Saved seabird_dataset/beacon_debug/frame_353640.png
[beacon] Saved seabird_dataset/beacon_debug/frame_353670.png
[beacon] Saved seabird_dataset/beacon_debug/frame_353700.png
[beacon] Saved seabird_dataset/beacon_debug/frame_353730.png
[beacon] Saved seabird_dataset/beacon_debug/frame_353760.png
[beacon] Saved seabird_dataset/beacon_debug/frame_353790.png
[beacon] Saved seabird_dataset/beacon_debug/frame_353820.png
[beacon] Saved seabird_dataset/beacon_debug/frame_353850.png
[beacon] Saved seabird_dataset/beacon_debug/frame_353880.png
[beacon] Saved seabird_dataset/beacon_debug/frame_353910.png
[beacon] Saved seabird_dataset/beacon_debug/frame_353940.png
[beacon] Saved seabird_dataset/beacon_debug/frame_353970.png
[beacon] Saved seabird_dataset/beacon_debug/frame_354000.png
[beacon] Saved seabird_dataset/beacon_debug/frame_354030.png
[beacon] Saved seabird_dataset/beacon_debug/frame_354060.png
[beacon] Saved seabird_dataset/beacon_debug/frame_354090.png
[beacon] Saved seabird_dataset/beacon_debug/frame_354120.png
[beacon] Saved seabird_dataset/beacon_debug/frame_354150.png
[beacon] Saved seabird_dataset/beacon_debug/frame_354180.png
[beacon] Saved seabird_dataset/beacon_debug/frame_354210.png
[beacon] Saved seabird_dataset/beacon_debug/frame_354240.png
[beacon] Saved seabird_dataset/beacon_debug/frame_354270.png
[beacon] Saved seabird_dataset/beacon_debug/frame_354300.png
[beacon] Saved seabird_dataset/beacon_debug/frame_354330.png
[beacon] Saved seabird_dataset/beacon_debug/frame_354360.png
[beacon] Saved seabird_dataset/beacon_debug/frame_354390.png
[beacon] Saved seabird_dataset/beacon_debug/frame_354420.png
[beacon] Saved seabird_dataset/beacon_debug/frame_354450.png
[beacon] Saved seabird_dataset/beacon_debug/frame_354480.png
[beacon] Saved seabird_dataset/beacon_debug/frame_354510.png
[beacon] Saved seabird_dataset/beacon_debug/frame_354540.png
[beacon] Saved seabird_dataset/beacon_debug/frame_354570.png
[beacon] Saved seabird_dataset/beacon_debug/frame_354600.png
[beacon] Saved seabird_dataset/beacon_debug/frame_354630.png
[beacon] Saved seabird_dataset/beacon_debug/frame_354660.png
[beacon] Saved seabird_dataset/beacon_debug/frame_354690.png
[beacon] Saved seabird_dataset/beacon_debug/frame_354720.png
[beacon] Saved seabird_dataset/beacon_debug/frame_354750.png
[beacon] Saved seabird_dataset/beacon_debug/frame_354780.png
[beacon] Saved seabird_dataset/beacon_debug/frame_354810.png
[beacon] Saved seabird_dataset/beacon_debug/frame_354840.png
[beacon] Saved seabird_dataset/beacon_debug/frame_354870.png
[beacon] Saved seabird_dataset/beacon_debug/frame_354900.png
[beacon] Saved seabird_dataset/beacon_debug/frame_354930.png
[beacon] Saved seabird_dataset/beacon_debug/frame_354960.png
[beacon] Saved seabird_dataset/beacon_debug/frame_354990.png
[beacon] Saved seabird_dataset/beacon_debug/frame_355020.png
[beacon] Saved seabird_dataset/beacon_debug/frame_355050.png
[beacon] Saved seabird_dataset/beacon_debug/frame_355080.png
[beacon] Saved seabird_dataset/beacon_debug/frame_355110.png
[beacon] Saved seabird_dataset/beacon_debug/frame_355140.png
[beacon] Saved seabird_dataset/beacon_debug/frame_355170.png
[beacon] Saved seabird_dataset/beacon_debug/frame_355200.png
[beacon] Saved seabird_dataset/beacon_debug/frame_355230.png
[beacon] Saved seabird_dataset/beacon_debug/frame_355260.png
[beacon] Saved seabird_dataset/beacon_debug/frame_355290.png
[beacon] Saved seabird_dataset/beacon_debug/frame_355320.png
[beacon] Saved seabird_dataset/beacon_debug/frame_355350.png
[beacon] Saved seabird_dataset/beacon_debug/frame_355380.png
[beacon] Saved seabird_dataset/beacon_debug/frame_355410.png
[beacon] Saved seabird_dataset/beacon_debug/frame_355440.png
[beacon] Saved seabird_dataset/beacon_debug/frame_355470.png
[beacon] Saved seabird_dataset/beacon_debug/frame_355500.png
[beacon] Saved seabird_dataset/beacon_debug/frame_355530.png
[beacon] Saved seabird_dataset/beacon_debug/frame_355560.png
[beacon] Saved seabird_dataset/beacon_debug/frame_355590.png
[beacon] Saved seabird_dataset/beacon_debug/frame_355620.png
[beacon] Saved seabird_dataset/beacon_debug/frame_355650.png
[beacon] Saved seabird_dataset/beacon_debug/frame_355680.png
[beacon] Saved seabird_dataset/beacon_debug/frame_355710.png
[beacon] Saved seabird_dataset/beacon_debug/frame_355740.png
[beacon] Saved seabird_dataset/beacon_debug/frame_355770.png
[beacon] Saved seabird_dataset/beacon_debug/frame_355800.png
[beacon] Saved seabird_dataset/beacon_debug/frame_355830.png
[beacon] Saved seabird_dataset/beacon_debug/frame_355860.png
[beacon] Saved seabird_dataset/beacon_debug/frame_355890.png
[beacon] Saved seabird_dataset/beacon_debug/frame_355920.png
[beacon] Saved seabird_dataset/beacon_debug/frame_355950.png
[beacon] Saved seabird_dataset/beacon_debug/frame_355980.png
[beacon] Saved seabird_dataset/beacon_debug/frame_356010.png
[beacon] Saved seabird_dataset/beacon_debug/frame_356040.png
[beacon] Saved seabird_dataset/beacon_debug/frame_356070.png
[beacon] Saved seabird_dataset/beacon_debug/frame_356100.png
[beacon] Saved seabird_dataset/beacon_debug/frame_356130.png
[beacon] Saved seabird_dataset/beacon_debug/frame_356160.png
[beacon] Saved seabird_dataset/beacon_debug/frame_356190.png
[beacon] Saved seabird_dataset/beacon_debug/frame_356220.png
[beacon] Saved seabird_dataset/beacon_debug/frame_356250.png
[beacon] Saved seabird_dataset/beacon_debug/frame_356280.png
[beacon] Saved seabird_dataset/beacon_debug/frame_356310.png
[beacon] Saved seabird_dataset/beacon_debug/frame_356340.png
[beacon] Saved seabird_dataset/beacon_debug/frame_356370.png
[beacon] Saved seabird_dataset/beacon_debug/frame_356400.png
[beacon] Saved seabird_dataset/beacon_debug/frame_356430.png
[beacon] Saved seabird_dataset/beacon_debug/frame_356460.png
[beacon] Saved seabird_dataset/beacon_debug/frame_356490.png
[beacon] Saved seabird_dataset/beacon_debug/frame_356520.png
[beacon] Saved seabird_dataset/beacon_debug/frame_356550.png
[beacon] Saved seabird_dataset/beacon_debug/frame_356580.png
[beacon] Saved seabird_dataset/beacon_debug/frame_356610.png
[beacon] Saved seabird_dataset/beacon_debug/frame_356640.png
[beacon] Saved seabird_dataset/beacon_debug/frame_356670.png
[beacon] Saved seabird_dataset/beacon_debug/frame_356700.png
[beacon] Saved seabird_dataset/beacon_debug/frame_356730.png
[beacon] Saved seabird_dataset/beacon_debug/frame_356760.png
[beacon] Saved seabird_dataset/beacon_debug/frame_356790.png
[beacon] Saved seabird_dataset/beacon_debug/frame_356820.png
[beacon] Saved seabird_dataset/beacon_debug/frame_356850.png
[beacon] Saved seabird_dataset/beacon_debug/frame_356880.png
[beacon] Saved seabird_dataset/beacon_debug/frame_356910.png
[beacon] Saved seabird_dataset/beacon_debug/frame_356940.png
[beacon] Saved seabird_dataset/beacon_debug/frame_356970.png
[beacon] Saved seabird_dataset/beacon_debug/frame_357000.png
[beacon] Saved seabird_dataset/beacon_debug/frame_357030.png
[beacon] Saved seabird_dataset/beacon_debug/frame_357060.png
[beacon] Saved seabird_dataset/beacon_debug/frame_357090.png
[beacon] Saved seabird_dataset/beacon_debug/frame_357120.png
[beacon] Saved seabird_dataset/beacon_debug/frame_357150.png
[beacon] Saved seabird_dataset/beacon_debug/frame_357180.png
[beacon] Saved seabird_dataset/beacon_debug/frame_357210.png
[beacon] Saved seabird_dataset/beacon_debug/frame_357240.png
[beacon] Saved seabird_dataset/beacon_debug/frame_357270.png
[beacon] Saved seabird_dataset/beacon_debug/frame_357300.png
